seqcol_digest,refget_digest,alias,alias_kind,sequence_accession
XJWKh8nsSqBFfcU0DIHMZohYyCWF-vcA,SQ.-2wMOKUhahXlOxSf7hjSCWQ12S1-iF96,GL383543.1,genbank_accession,GL383543.1
XJWKh8nsSqBFfcU0DIHMZohYyCWF-vcA,SQ.-2wMOKUhahXlOxSf7hjSCWQ12S1-iF96,NW_003315932.1,refseq_accession,NW_003315932.1
XJWKh8nsSqBFfcU0DIHMZohYyCWF-vcA,SQ.-2wMOKUhahXlOxSf7hjSCWQ12S1-iF96,HG544_PATCH,seqcol_name,
XJWKh8nsSqBFfcU0DIHMZohYyCWF-vcA,SQ.-4RHunVErOdAntqQMJf9mzg5McCgBdjz,GL383579.1,genbank_accession,GL383579.1
XJWKh8nsSqBFfcU0DIHMZohYyCWF-vcA,SQ.-4RHunVErOdAntqQMJf9mzg5McCgBdjz,NW_003315968.1,refseq_accession,NW_003315968.1
XJWKh8nsSqBFfcU0DIHMZohYyCWF-vcA,SQ.-4RHunVErOdAntqQMJf9mzg5McCgBdjz,HSCHR21_2_CTG1_1,seqcol_name,
XJWKh8nsSqBFfcU0DIHMZohYyCWF-vcA,SQ.-BOZ8Esn8J88qDwNiSEwUr5425UXdiGX,CM000672.1,genbank_accession,CM000672.1
XJWKh8nsSqBFfcU0DIHMZohYyCWF-vcA,SQ.-BOZ8Esn8J88qDwNiSEwUr5425UXdiGX,NC_000010.10,refseq_accession,NC_000010.10
XJWKh8nsSqBFfcU0DIHMZohYyCWF-vcA,SQ.-BOZ8Esn8J88qDwNiSEwUr5425UXdiGX,10,seqcol_name,
XJWKh8nsSqBFfcU0DIHMZohYyCWF-vcA,SQ.-BOZ8Esn8J88qDwNiSEwUr5425UXdiGX,chr10,ucsc,
XJWKh8nsSqBFfcU0DIHMZohYyCWF-vcA,SQ.-bIfz9v4udbclsaZpxRQ59nTjEQuHn-q,GL383580.1,genbank_accession,GL383580.1
XJWKh8nsSqBFfcU0DIHMZohYyCWF-vcA,SQ.-bIfz9v4udbclsaZpxRQ59nTjEQuHn-q,NW_003315969.1,refseq_accession,NW_003315969.1
XJWKh8nsSqBFfcU0DIHMZohYyCWF-vcA,SQ.-bIfz9v4udbclsaZpxRQ59nTjEQuHn-q,HSCHR21_3_CTG1_1,seqcol_name,
XJWKh8nsSqBFfcU0DIHMZohYyCWF-vcA,SQ.-tZxgs19OuQcNfkbfnbNm8SmkdKpdBK4,JH806602.1,genbank_accession,JH806602.1
XJWKh8nsSqBFfcU0DIHMZohYyCWF-vcA,SQ.-tZxgs19OuQcNfkbfnbNm8SmkdKpdBK4,NW_004070892.1,refseq_accession,NW_004070892.1
XJWKh8nsSqBFfcU0DIHMZohYyCWF-vcA,SQ.-tZxgs19OuQcNfkbfnbNm8SmkdKpdBK4,HG1463_PATCH,seqcol_name,
XJWKh8nsSqBFfcU0DIHMZohYyCWF-vcA,SQ.105bBysLoDFQHhajooTAUyUkNiZ8LJEH,CM000674.1,genbank_accession,CM000674.1
XJWKh8nsSqBFfcU0DIHMZohYyCWF-vcA,SQ.105bBysLoDFQHhajooTAUyUkNiZ8LJEH,NC_000012.11,refseq_accession,NC_000012.11
XJWKh8nsSqBFfcU0DIHMZohYyCWF-vcA,SQ.105bBysLoDFQHhajooTAUyUkNiZ8LJEH,12,seqcol_name,
XJWKh8nsSqBFfcU0DIHMZohYyCWF-vcA,SQ.105bBysLoDFQHhajooTAUyUkNiZ8LJEH,chr12,ucsc,
XJWKh8nsSqBFfcU0DIHMZohYyCWF-vcA,SQ.10yp1VWMurzO9zF1l7rhscuh_oRLSTew,GL582966.2,genbank_accession,GL582966.2
XJWKh8nsSqBFfcU0DIHMZohYyCWF-vcA,SQ.10yp1VWMurzO9zF1l7rhscuh_oRLSTew,NW_003571033.2,refseq_accession,NW_003571033.2
XJWKh8nsSqBFfcU0DIHMZohYyCWF-vcA,SQ.10yp1VWMurzO9zF1l7rhscuh_oRLSTew,HSCHR2_2_CTG12,seqcol_name,
XJWKh8nsSqBFfcU0DIHMZohYyCWF-vcA,SQ.1OPXbmGj5JKtFNm-eRp0W270cgBgsTly,GL000223.1,genbank_accession,GL000223.1
XJWKh8nsSqBFfcU0DIHMZohYyCWF-vcA,SQ.1OPXbmGj5JKtFNm-eRp0W270cgBgsTly,NT_167217.1,refseq_accession,NT_167217.1
XJWKh8nsSqBFfcU0DIHMZohYyCWF-vcA,SQ.1OPXbmGj5JKtFNm-eRp0W270cgBgsTly,HSCHRUN_RANDOM_CTG15,seqcol_name,
XJWKh8nsSqBFfcU0DIHMZohYyCWF-vcA,SQ.1OPXbmGj5JKtFNm-eRp0W270cgBgsTly,chrUn_gl000223,ucsc,
XJWKh8nsSqBFfcU0DIHMZohYyCWF-vcA,SQ.1VIfWolFZeqoQU6YO0aj1Vhol9OZPRak,GL000213.1,genbank_accession,GL000213.1
XJWKh8nsSqBFfcU0DIHMZohYyCWF-vcA,SQ.1VIfWolFZeqoQU6YO0aj1Vhol9OZPRak,NT_167208.1,refseq_accession,NT_167208.1
XJWKh8nsSqBFfcU0DIHMZohYyCWF-vcA,SQ.1VIfWolFZeqoQU6YO0aj1Vhol9OZPRak,HSCHRUN_RANDOM_CTG3,seqcol_name,
XJWKh8nsSqBFfcU0DIHMZohYyCWF-vcA,SQ.1VIfWolFZeqoQU6YO0aj1Vhol9OZPRak,chrUn_gl000213,ucsc,
XJWKh8nsSqBFfcU0DIHMZohYyCWF-vcA,SQ.1kDCj75Ih0ytr07O6dIA2HrzJ5bpqDec,JH806589.1,genbank_accession,JH806589.1
XJWKh8nsSqBFfcU0DIHMZohYyCWF-vcA,SQ.1kDCj75Ih0ytr07O6dIA2HrzJ5bpqDec,NW_004070879.1,refseq_accession,NW_004070879.1
XJWKh8nsSqBFfcU0DIHMZohYyCWF-vcA,SQ.1kDCj75Ih0ytr07O6dIA2HrzJ5bpqDec,HG1435_PATCH,seqcol_name,
XJWKh8nsSqBFfcU0DIHMZohYyCWF-vcA,SQ.25NlE4s4JcWYeHdkVivjhmijSdmI2jah,GL383548.1,genbank_accession,GL383548.1
XJWKh8nsSqBFfcU0DIHMZohYyCWF-vcA,SQ.25NlE4s4JcWYeHdkVivjhmijSdmI2jah,NW_003315937.1,refseq_accession,NW_003315937.1
XJWKh8nsSqBFfcU0DIHMZohYyCWF-vcA,SQ.25NlE4s4JcWYeHdkVivjhmijSdmI2jah,HG996_PATCH,seqcol_name,
XJWKh8nsSqBFfcU0DIHMZohYyCWF-vcA,SQ.2LEWMcieZGf9Sx4VpEeWSDcULUVHGm0w,GL000195.1,genbank_accession,GL000195.1
XJWKh8nsSqBFfcU0DIHMZohYyCWF-vcA,SQ.2LEWMcieZGf9Sx4VpEeWSDcULUVHGm0w,NT_113901.1,refseq_accession,NT_113901.1
XJWKh8nsSqBFfcU0DIHMZohYyCWF-vcA,SQ.2LEWMcieZGf9Sx4VpEeWSDcULUVHGm0w,HSCHR7_RANDOM_CTG1,seqcol_name,
XJWKh8nsSqBFfcU0DIHMZohYyCWF-vcA,SQ.2LEWMcieZGf9Sx4VpEeWSDcULUVHGm0w,chr7_gl000195_random,ucsc,
XJWKh8nsSqBFfcU0DIHMZohYyCWF-vcA,SQ.2QR7W9VM3BUBu-bYmzKd9JLgdb3kkcvB,JH720452.1,genbank_accession,JH720452.1
XJWKh8nsSqBFfcU0DIHMZohYyCWF-vcA,SQ.2QR7W9VM3BUBu-bYmzKd9JLgdb3kkcvB,NW_003871099.1,refseq_accession,NW_003871099.1
XJWKh8nsSqBFfcU0DIHMZohYyCWF-vcA,SQ.2QR7W9VM3BUBu-bYmzKd9JLgdb3kkcvB,HG1424_PATCH,seqcol_name,
XJWKh8nsSqBFfcU0DIHMZohYyCWF-vcA,SQ.2boxphNca4urkC4mSa6VVm9wia0VXcW-,GL877871.1,genbank_accession,GL877871.1
XJWKh8nsSqBFfcU0DIHMZohYyCWF-vcA,SQ.2boxphNca4urkC4mSa6VVm9wia0VXcW-,NW_003571032.1,refseq_accession,NW_003571032.1
XJWKh8nsSqBFfcU0DIHMZohYyCWF-vcA,SQ.2boxphNca4urkC4mSa6VVm9wia0VXcW-,HG686_PATCH,seqcol_name,
XJWKh8nsSqBFfcU0DIHMZohYyCWF-vcA,SQ.3IMtzIioR9P6hmwAcLFbjPrLHm8n-jZQ,GL000200.1,genbank_accession,GL000200.1
XJWKh8nsSqBFfcU0DIHMZohYyCWF-vcA,SQ.3IMtzIioR9P6hmwAcLFbjPrLHm8n-jZQ,NT_113915.1,refseq_accession,NT_113915.1
XJWKh8nsSqBFfcU0DIHMZohYyCWF-vcA,SQ.3IMtzIioR9P6hmwAcLFbjPrLHm8n-jZQ,HSCHR9_RANDOM_CTG4,seqcol_name,
XJWKh8nsSqBFfcU0DIHMZohYyCWF-vcA,SQ.3IMtzIioR9P6hmwAcLFbjPrLHm8n-jZQ,chr9_gl000200_random,ucsc,
XJWKh8nsSqBFfcU0DIHMZohYyCWF-vcA,SQ.3OZGaD9gewowtxWoC5B1CJ5By7Czsl1v,JH636056.1,genbank_accession,JH636056.1
XJWKh8nsSqBFfcU0DIHMZohYyCWF-vcA,SQ.3OZGaD9gewowtxWoC5B1CJ5By7Czsl1v,NW_003871062.1,refseq_accession,NW_003871062.1
XJWKh8nsSqBFfcU0DIHMZohYyCWF-vcA,SQ.3OZGaD9gewowtxWoC5B1CJ5By7Czsl1v,HG1304_PATCH,seqcol_name,
XJWKh8nsSqBFfcU0DIHMZohYyCWF-vcA,SQ.499Ze6SAR-RGaHRnZSDxj4gOvUR1xVh1,GL383536.1,genbank_accession,GL383536.1
XJWKh8nsSqBFfcU0DIHMZohYyCWF-vcA,SQ.499Ze6SAR-RGaHRnZSDxj4gOvUR1xVh1,NW_003315924.1,refseq_accession,NW_003315924.1
XJWKh8nsSqBFfcU0DIHMZohYyCWF-vcA,SQ.499Ze6SAR-RGaHRnZSDxj4gOvUR1xVh1,HG243_PATCH,seqcol_name,
XJWKh8nsSqBFfcU0DIHMZohYyCWF-vcA,SQ.4B6-ZKomKbCP3qJdfB8XKcD2ENOifPCf,GL000221.1,genbank_accession,GL000221.1
XJWKh8nsSqBFfcU0DIHMZohYyCWF-vcA,SQ.4B6-ZKomKbCP3qJdfB8XKcD2ENOifPCf,NT_167215.1,refseq_accession,NT_167215.1
XJWKh8nsSqBFfcU0DIHMZohYyCWF-vcA,SQ.4B6-ZKomKbCP3qJdfB8XKcD2ENOifPCf,HSCHRUN_RANDOM_CTG13,seqcol_name,
XJWKh8nsSqBFfcU0DIHMZohYyCWF-vcA,SQ.4B6-ZKomKbCP3qJdfB8XKcD2ENOifPCf,chrUn_gl000221,ucsc,
XJWKh8nsSqBFfcU0DIHMZohYyCWF-vcA,SQ.4LAplxkttGPS0J08njLBPo2l00fQcTNn,JH806595.1,genbank_accession,JH806595.1
XJWKh8nsSqBFfcU0DIHMZohYyCWF-vcA,SQ.4LAplxkttGPS0J08njLBPo2l00fQcTNn,NW_004070885.1,refseq_accession,NW_004070885.1
XJWKh8nsSqBFfcU0DIHMZohYyCWF-vcA,SQ.4LAplxkttGPS0J08njLBPo2l00fQcTNn,HG1441_PATCH,seqcol_name,
XJWKh8nsSqBFfcU0DIHMZohYyCWF-vcA,SQ.4TN2_zia1kax3s2FbzEm8_l3ZM7YTZmF,JH806579.1,genbank_accession,JH806579.1
XJWKh8nsSqBFfcU0DIHMZohYyCWF-vcA,SQ.4TN2_zia1kax3s2FbzEm8_l3ZM7YTZmF,NW_004070869.1,refseq_accession,NW_004070869.1
XJWKh8nsSqBFfcU0DIHMZohYyCWF-vcA,SQ.4TN2_zia1kax3s2FbzEm8_l3ZM7YTZmF,HG1502_PATCH,seqcol_name,
XJWKh8nsSqBFfcU0DIHMZohYyCWF-vcA,SQ.4UtsO5P3uzzKS5LrK3MtXFpkYV3PWDQ_,GL383582.2,genbank_accession,GL383582.2
XJWKh8nsSqBFfcU0DIHMZohYyCWF-vcA,SQ.4UtsO5P3uzzKS5LrK3MtXFpkYV3PWDQ_,NW_003315971.2,refseq_accession,NW_003315971.2
XJWKh8nsSqBFfcU0DIHMZohYyCWF-vcA,SQ.4UtsO5P3uzzKS5LrK3MtXFpkYV3PWDQ_,HSCHR22_1_CTG1,seqcol_name,
XJWKh8nsSqBFfcU0DIHMZohYyCWF-vcA,SQ.4gY0lzvpaIS8TVtARi5unA8nYYUVX33L,JH159138.1,genbank_accession,JH159138.1
XJWKh8nsSqBFfcU0DIHMZohYyCWF-vcA,SQ.4gY0lzvpaIS8TVtARi5unA8nYYUVX33L,NW_003871076.1,refseq_accession,NW_003871076.1
XJWKh8nsSqBFfcU0DIHMZohYyCWF-vcA,SQ.4gY0lzvpaIS8TVtARi5unA8nYYUVX33L,HG299_PATCH,seqcol_name,
XJWKh8nsSqBFfcU0DIHMZohYyCWF-vcA,SQ.4irlBeCQ5rmAyWqZn31K8ZpThobzfzmS,JH806588.1,genbank_accession,JH806588.1
XJWKh8nsSqBFfcU0DIHMZohYyCWF-vcA,SQ.4irlBeCQ5rmAyWqZn31K8ZpThobzfzmS,NW_004070878.1,refseq_accession,NW_004070878.1
XJWKh8nsSqBFfcU0DIHMZohYyCWF-vcA,SQ.4irlBeCQ5rmAyWqZn31K8ZpThobzfzmS,HG1434_PATCH,seqcol_name,
XJWKh8nsSqBFfcU0DIHMZohYyCWF-vcA,SQ.51PUjeWAbT2GqyViSiTuitjc9mwNQhhX,JH591185.1,genbank_accession,JH591185.1
XJWKh8nsSqBFfcU0DIHMZohYyCWF-vcA,SQ.51PUjeWAbT2GqyViSiTuitjc9mwNQhhX,NW_003871082.1,refseq_accession,NW_003871082.1
XJWKh8nsSqBFfcU0DIHMZohYyCWF-vcA,SQ.51PUjeWAbT2GqyViSiTuitjc9mwNQhhX,HG873_PATCH,seqcol_name,
XJWKh8nsSqBFfcU0DIHMZohYyCWF-vcA,SQ.5E1PxF3L7JrKMS_BZ3AIFO2JEGRn3FEg,KE332505.1,genbank_accession,KE332505.1
XJWKh8nsSqBFfcU0DIHMZohYyCWF-vcA,SQ.5E1PxF3L7JrKMS_BZ3AIFO2JEGRn3FEg,NW_004775434.1,refseq_accession,NW_004775434.1
XJWKh8nsSqBFfcU0DIHMZohYyCWF-vcA,SQ.5E1PxF3L7JrKMS_BZ3AIFO2JEGRn3FEg,HG1350_HG959_PATCH,seqcol_name,
XJWKh8nsSqBFfcU0DIHMZohYyCWF-vcA,SQ.5Ji6FGEKfejK1U6BMScqrdKJK8GqmIGf,CM000676.1,genbank_accession,CM000676.1
XJWKh8nsSqBFfcU0DIHMZohYyCWF-vcA,SQ.5Ji6FGEKfejK1U6BMScqrdKJK8GqmIGf,NC_000014.8,refseq_accession,NC_000014.8
XJWKh8nsSqBFfcU0DIHMZohYyCWF-vcA,SQ.5Ji6FGEKfejK1U6BMScqrdKJK8GqmIGf,14,seqcol_name,
XJWKh8nsSqBFfcU0DIHMZohYyCWF-vcA,SQ.5Ji6FGEKfejK1U6BMScqrdKJK8GqmIGf,chr14,ucsc,
XJWKh8nsSqBFfcU0DIHMZohYyCWF-vcA,SQ.5NFYPLvdlDVlaeC9OTBrBNXPR6MIQhTT,JH636055.1,genbank_accession,JH636055.1
XJWKh8nsSqBFfcU0DIHMZohYyCWF-vcA,SQ.5NFYPLvdlDVlaeC9OTBrBNXPR6MIQhTT,NW_003871060.1,refseq_accession,NW_003871060.1
XJWKh8nsSqBFfcU0DIHMZohYyCWF-vcA,SQ.5NFYPLvdlDVlaeC9OTBrBNXPR6MIQhTT,HSCHR3_1_CTG1,seqcol_name,
XJWKh8nsSqBFfcU0DIHMZohYyCWF-vcA,SQ.6FO4t2Q2zWcYDWrduHgv1951yvJ_YeDf,JH720448.1,genbank_accession,JH720448.1
XJWKh8nsSqBFfcU0DIHMZohYyCWF-vcA,SQ.6FO4t2Q2zWcYDWrduHgv1951yvJ_YeDf,NW_003871095.1,refseq_accession,NW_003871095.1
XJWKh8nsSqBFfcU0DIHMZohYyCWF-vcA,SQ.6FO4t2Q2zWcYDWrduHgv1951yvJ_YeDf,HG144_PATCH,seqcol_name,
XJWKh8nsSqBFfcU0DIHMZohYyCWF-vcA,SQ.6qs0cVz5cg1ixn4oosY3LufJfAztgSji,GL582972.1,genbank_accession,GL582972.1
XJWKh8nsSqBFfcU0DIHMZohYyCWF-vcA,SQ.6qs0cVz5cg1ixn4oosY3LufJfAztgSji,NW_003571041.1,refseq_accession,NW_003571041.1
XJWKh8nsSqBFfcU0DIHMZohYyCWF-vcA,SQ.6qs0cVz5cg1ixn4oosY3LufJfAztgSji,HG946_PATCH,seqcol_name,
XJWKh8nsSqBFfcU0DIHMZohYyCWF-vcA,SQ.6vB1NDw4x2ACzR8hDqznMK5NjPvm_uR7,KB663608.1,genbank_accession,KB663608.1
XJWKh8nsSqBFfcU0DIHMZohYyCWF-vcA,SQ.6vB1NDw4x2ACzR8hDqznMK5NjPvm_uR7,NW_004504304.1,refseq_accession,NW_004504304.1
XJWKh8nsSqBFfcU0DIHMZohYyCWF-vcA,SQ.6vB1NDw4x2ACzR8hDqznMK5NjPvm_uR7,HG944_PATCH,seqcol_name,
XJWKh8nsSqBFfcU0DIHMZohYyCWF-vcA,SQ.738_UZ9iXX-9TyPzrPB68doUMKkpN7sh,JH591181.2,genbank_accession,JH591181.2
XJWKh8nsSqBFfcU0DIHMZohYyCWF-vcA,SQ.738_UZ9iXX-9TyPzrPB68doUMKkpN7sh,NW_003871068.1,refseq_accession,NW_003871068.1
XJWKh8nsSqBFfcU0DIHMZohYyCWF-vcA,SQ.738_UZ9iXX-9TyPzrPB68doUMKkpN7sh,HG1211_PATCH,seqcol_name,
XJWKh8nsSqBFfcU0DIHMZohYyCWF-vcA,SQ.7C__QM-xdQ4U_VbZNyLKqaCmq1alAsAw,GL000231.1,genbank_accession,GL000231.1
XJWKh8nsSqBFfcU0DIHMZohYyCWF-vcA,SQ.7C__QM-xdQ4U_VbZNyLKqaCmq1alAsAw,NT_167225.1,refseq_accession,NT_167225.1
XJWKh8nsSqBFfcU0DIHMZohYyCWF-vcA,SQ.7C__QM-xdQ4U_VbZNyLKqaCmq1alAsAw,HSCHRUN_RANDOM_CTG24,seqcol_name,
XJWKh8nsSqBFfcU0DIHMZohYyCWF-vcA,SQ.7C__QM-xdQ4U_VbZNyLKqaCmq1alAsAw,chrUn_gl000231,ucsc,
XJWKh8nsSqBFfcU0DIHMZohYyCWF-vcA,SQ.7Fmp4pU2KBOtIhW2ZeL6CXxGP4sy606F,GL000224.1,genbank_accession,GL000224.1
XJWKh8nsSqBFfcU0DIHMZohYyCWF-vcA,SQ.7Fmp4pU2KBOtIhW2ZeL6CXxGP4sy606F,NT_167218.1,refseq_accession,NT_167218.1
XJWKh8nsSqBFfcU0DIHMZohYyCWF-vcA,SQ.7Fmp4pU2KBOtIhW2ZeL6CXxGP4sy606F,HSCHRUN_RANDOM_CTG16,seqcol_name,
XJWKh8nsSqBFfcU0DIHMZohYyCWF-vcA,SQ.7Fmp4pU2KBOtIhW2ZeL6CXxGP4sy606F,chrUn_gl000224,ucsc,
XJWKh8nsSqBFfcU0DIHMZohYyCWF-vcA,SQ.7WarMT6pVI6hCrnBl_GJLgurKTN2rH-1,GL949749.1,genbank_accession,GL949749.1
XJWKh8nsSqBFfcU0DIHMZohYyCWF-vcA,SQ.7WarMT6pVI6hCrnBl_GJLgurKTN2rH-1,NW_003571057.1,refseq_accession,NW_003571057.1
XJWKh8nsSqBFfcU0DIHMZohYyCWF-vcA,SQ.7WarMT6pVI6hCrnBl_GJLgurKTN2rH-1,HSCHR19LRC_LRC_J_CTG1,seqcol_name,
XJWKh8nsSqBFfcU0DIHMZohYyCWF-vcA,SQ.7p7MPKS-oiqUqWwL80lR42OHfdjfPNDP,GL949744.1,genbank_accession,GL949744.1
XJWKh8nsSqBFfcU0DIHMZohYyCWF-vcA,SQ.7p7MPKS-oiqUqWwL80lR42OHfdjfPNDP,NW_003571046.1,refseq_accession,NW_003571046.1
XJWKh8nsSqBFfcU0DIHMZohYyCWF-vcA,SQ.7p7MPKS-oiqUqWwL80lR42OHfdjfPNDP,HG536_PATCH,seqcol_name,
XJWKh8nsSqBFfcU0DIHMZohYyCWF-vcA,SQ.8L1QChyEhTJ0Ou0JUEEpP0H-xCoiue1N,GL383571.1,genbank_accession,GL383571.1
XJWKh8nsSqBFfcU0DIHMZohYyCWF-vcA,SQ.8L1QChyEhTJ0Ou0JUEEpP0H-xCoiue1N,NW_003315960.1,refseq_accession,NW_003315960.1
XJWKh8nsSqBFfcU0DIHMZohYyCWF-vcA,SQ.8L1QChyEhTJ0Ou0JUEEpP0H-xCoiue1N,HSCHR18_2_CTG2,seqcol_name,
XJWKh8nsSqBFfcU0DIHMZohYyCWF-vcA,SQ.8WpZeULvL3qqYUSdxv4RyI7BblG0UkU4,GL383533.1,genbank_accession,GL383533.1
XJWKh8nsSqBFfcU0DIHMZohYyCWF-vcA,SQ.8WpZeULvL3qqYUSdxv4RyI7BblG0UkU4,NW_003315921.1,refseq_accession,NW_003315921.1
XJWKh8nsSqBFfcU0DIHMZohYyCWF-vcA,SQ.8WpZeULvL3qqYUSdxv4RyI7BblG0UkU4,HSCHR6_1_CTG5,seqcol_name,
XJWKh8nsSqBFfcU0DIHMZohYyCWF-vcA,SQ.8Wv5t77Yt0CjX3nviWc8xnyco-uUb2Ad,GL383558.1,genbank_accession,GL383558.1
XJWKh8nsSqBFfcU0DIHMZohYyCWF-vcA,SQ.8Wv5t77Yt0CjX3nviWc8xnyco-uUb2Ad,NW_003315947.1,refseq_accession,NW_003315947.1
XJWKh8nsSqBFfcU0DIHMZohYyCWF-vcA,SQ.8Wv5t77Yt0CjX3nviWc8xnyco-uUb2Ad,HG183_PATCH,seqcol_name,
XJWKh8nsSqBFfcU0DIHMZohYyCWF-vcA,SQ.8_Bsnm6QaKmrLG-ngM7Qole9I04j3_Td,KE332496.1,genbank_accession,KE332496.1
XJWKh8nsSqBFfcU0DIHMZohYyCWF-vcA,SQ.8_Bsnm6QaKmrLG-ngM7Qole9I04j3_Td,NW_004775427.1,refseq_accession,NW_004775427.1
XJWKh8nsSqBFfcU0DIHMZohYyCWF-vcA,SQ.8_Bsnm6QaKmrLG-ngM7Qole9I04j3_Td,HG174_HG254_PATCH,seqcol_name,
XJWKh8nsSqBFfcU0DIHMZohYyCWF-vcA,SQ.8aqteC5jCbtrr33OmtXu4jGyrmbvzfgM,GL383532.1,genbank_accession,GL383532.1
XJWKh8nsSqBFfcU0DIHMZohYyCWF-vcA,SQ.8aqteC5jCbtrr33OmtXu4jGyrmbvzfgM,NW_003315920.1,refseq_accession,NW_003315920.1
XJWKh8nsSqBFfcU0DIHMZohYyCWF-vcA,SQ.8aqteC5jCbtrr33OmtXu4jGyrmbvzfgM,HSCHR5_2_CTG1,seqcol_name,
XJWKh8nsSqBFfcU0DIHMZohYyCWF-vcA,SQ.8pd48-oTW4pEgtShVMwXkor1_-Ht_5Ue,JH806582.2,genbank_accession,JH806582.2
XJWKh8nsSqBFfcU0DIHMZohYyCWF-vcA,SQ.8pd48-oTW4pEgtShVMwXkor1_-Ht_5Ue,NW_004070872.2,refseq_accession,NW_004070872.2
XJWKh8nsSqBFfcU0DIHMZohYyCWF-vcA,SQ.8pd48-oTW4pEgtShVMwXkor1_-Ht_5Ue,HG417_PATCH,seqcol_name,
XJWKh8nsSqBFfcU0DIHMZohYyCWF-vcA,SQ.9KdcA9ZpY1Cpvxvg8bMSLYDUpsX6GDLO,CM000664.1,genbank_accession,CM000664.1
XJWKh8nsSqBFfcU0DIHMZohYyCWF-vcA,SQ.9KdcA9ZpY1Cpvxvg8bMSLYDUpsX6GDLO,NC_000002.11,refseq_accession,NC_000002.11
XJWKh8nsSqBFfcU0DIHMZohYyCWF-vcA,SQ.9KdcA9ZpY1Cpvxvg8bMSLYDUpsX6GDLO,2,seqcol_name,
XJWKh8nsSqBFfcU0DIHMZohYyCWF-vcA,SQ.9KdcA9ZpY1Cpvxvg8bMSLYDUpsX6GDLO,chr2,ucsc,
XJWKh8nsSqBFfcU0DIHMZohYyCWF-vcA,SQ.9PVd3YWiiMGiUqATuIJGM4klJA_P1_nc,KE332501.1,genbank_accession,KE332501.1
XJWKh8nsSqBFfcU0DIHMZohYyCWF-vcA,SQ.9PVd3YWiiMGiUqATuIJGM4klJA_P1_nc,NW_004775432.1,refseq_accession,NW_004775432.1
XJWKh8nsSqBFfcU0DIHMZohYyCWF-vcA,SQ.9PVd3YWiiMGiUqATuIJGM4klJA_P1_nc,HG979_PATCH,seqcol_name,
XJWKh8nsSqBFfcU0DIHMZohYyCWF-vcA,SQ.9PlVK5XwCm-Vjd3y9288pGC4qr0vo5OE,GL000222.1,genbank_accession,GL000222.1
XJWKh8nsSqBFfcU0DIHMZohYyCWF-vcA,SQ.9PlVK5XwCm-Vjd3y9288pGC4qr0vo5OE,NT_167216.1,refseq_accession,NT_167216.1
XJWKh8nsSqBFfcU0DIHMZohYyCWF-vcA,SQ.9PlVK5XwCm-Vjd3y9288pGC4qr0vo5OE,HSCHRUN_RANDOM_CTG14,seqcol_name,
XJWKh8nsSqBFfcU0DIHMZohYyCWF-vcA,SQ.9PlVK5XwCm-Vjd3y9288pGC4qr0vo5OE,chrUn_gl000222,ucsc,
XJWKh8nsSqBFfcU0DIHMZohYyCWF-vcA,SQ.9eCeuJy8HFRbkeC9SwZEf6OR-Xw9YesS,GL000255.1,genbank_accession,GL000255.1
XJWKh8nsSqBFfcU0DIHMZohYyCWF-vcA,SQ.9eCeuJy8HFRbkeC9SwZEf6OR-Xw9YesS,NT_167248.1,refseq_accession,NT_167248.1
XJWKh8nsSqBFfcU0DIHMZohYyCWF-vcA,SQ.9eCeuJy8HFRbkeC9SwZEf6OR-Xw9YesS,HSCHR6_MHC_QBL_CTG1,seqcol_name,
XJWKh8nsSqBFfcU0DIHMZohYyCWF-vcA,SQ.9eCeuJy8HFRbkeC9SwZEf6OR-Xw9YesS,chr6_qbl_hap6,ucsc,
XJWKh8nsSqBFfcU0DIHMZohYyCWF-vcA,SQ.9i1AWyJtZplGpqX68JjPc0MlSobZUmC5,JH806597.1,genbank_accession,JH806597.1
XJWKh8nsSqBFfcU0DIHMZohYyCWF-vcA,SQ.9i1AWyJtZplGpqX68JjPc0MlSobZUmC5,NW_004070887.1,refseq_accession,NW_004070887.1
XJWKh8nsSqBFfcU0DIHMZohYyCWF-vcA,SQ.9i1AWyJtZplGpqX68JjPc0MlSobZUmC5,HG1443_HG1444_PATCH,seqcol_name,
XJWKh8nsSqBFfcU0DIHMZohYyCWF-vcA,SQ.9kvA1SAHFWA7PI91tIMSidKkALqFXbYr,GL877875.1,genbank_accession,GL877875.1
XJWKh8nsSqBFfcU0DIHMZohYyCWF-vcA,SQ.9kvA1SAHFWA7PI91tIMSidKkALqFXbYr,NW_003571049.1,refseq_accession,NW_003571049.1
XJWKh8nsSqBFfcU0DIHMZohYyCWF-vcA,SQ.9kvA1SAHFWA7PI91tIMSidKkALqFXbYr,HSCHR12_1_CTG1,seqcol_name,
XJWKh8nsSqBFfcU0DIHMZohYyCWF-vcA,SQ.9m8kIv2c3Gu2lO0QiVb36Ca4LfGoUlxw,JH720454.3,genbank_accession,JH720454.3
XJWKh8nsSqBFfcU0DIHMZohYyCWF-vcA,SQ.9m8kIv2c3Gu2lO0QiVb36Ca4LfGoUlxw,NW_003871101.3,refseq_accession,NW_003871101.3
XJWKh8nsSqBFfcU0DIHMZohYyCWF-vcA,SQ.9m8kIv2c3Gu2lO0QiVb36Ca4LfGoUlxw,HG1426_PATCH,seqcol_name,
XJWKh8nsSqBFfcU0DIHMZohYyCWF-vcA,SQ.9w5J0y1MZcOf2S21GLX_5zYnF-PueMx7,GL383569.1,genbank_accession,GL383569.1
XJWKh8nsSqBFfcU0DIHMZohYyCWF-vcA,SQ.9w5J0y1MZcOf2S21GLX_5zYnF-PueMx7,NW_003315958.1,refseq_accession,NW_003315958.1
XJWKh8nsSqBFfcU0DIHMZohYyCWF-vcA,SQ.9w5J0y1MZcOf2S21GLX_5zYnF-PueMx7,HSCHR18_1_CTG2_1,seqcol_name,
XJWKh8nsSqBFfcU0DIHMZohYyCWF-vcA,SQ.9wgAcGZ6Z8FRG-ci-y9hijWzg1LEueb9,GL949748.1,genbank_accession,GL949748.1
XJWKh8nsSqBFfcU0DIHMZohYyCWF-vcA,SQ.9wgAcGZ6Z8FRG-ci-y9hijWzg1LEueb9,NW_003571056.1,refseq_accession,NW_003571056.1
XJWKh8nsSqBFfcU0DIHMZohYyCWF-vcA,SQ.9wgAcGZ6Z8FRG-ci-y9hijWzg1LEueb9,HSCHR19LRC_LRC_I_CTG1,seqcol_name,
XJWKh8nsSqBFfcU0DIHMZohYyCWF-vcA,SQ.9xCYXFBVQDc7dfIKolvEEKLm8Uu3hysH,GL383519.1,genbank_accession,GL383519.1
XJWKh8nsSqBFfcU0DIHMZohYyCWF-vcA,SQ.9xCYXFBVQDc7dfIKolvEEKLm8Uu3hysH,NW_003315906.1,refseq_accession,NW_003315906.1
XJWKh8nsSqBFfcU0DIHMZohYyCWF-vcA,SQ.9xCYXFBVQDc7dfIKolvEEKLm8Uu3hysH,HSCHR1_2_CTG31,seqcol_name,
XJWKh8nsSqBFfcU0DIHMZohYyCWF-vcA,SQ.ANF6sM4plNAk7nPg1K58Vpx7N0nVtAgU,GL000209.1,genbank_accession,GL000209.1
XJWKh8nsSqBFfcU0DIHMZohYyCWF-vcA,SQ.ANF6sM4plNAk7nPg1K58Vpx7N0nVtAgU,NT_113949.1,refseq_accession,NT_113949.1
XJWKh8nsSqBFfcU0DIHMZohYyCWF-vcA,SQ.ANF6sM4plNAk7nPg1K58Vpx7N0nVtAgU,HSCHR19_RANDOM_CTG2,seqcol_name,
XJWKh8nsSqBFfcU0DIHMZohYyCWF-vcA,SQ.ANF6sM4plNAk7nPg1K58Vpx7N0nVtAgU,chr19_gl000209_random,ucsc,
XJWKh8nsSqBFfcU0DIHMZohYyCWF-vcA,SQ.AcjWF9uDMtDnkREntLucxVKv0FLkU4_-,JH806591.1,genbank_accession,JH806591.1
XJWKh8nsSqBFfcU0DIHMZohYyCWF-vcA,SQ.AcjWF9uDMtDnkREntLucxVKv0FLkU4_-,NW_004070881.1,refseq_accession,NW_004070881.1
XJWKh8nsSqBFfcU0DIHMZohYyCWF-vcA,SQ.AcjWF9uDMtDnkREntLucxVKv0FLkU4_-,HG1437_PATCH,seqcol_name,
XJWKh8nsSqBFfcU0DIHMZohYyCWF-vcA,SQ.AfE2nSWsYDlQ8kosjO4bK4TEJJgjj6K5,JH806575.1,genbank_accession,JH806575.1
XJWKh8nsSqBFfcU0DIHMZohYyCWF-vcA,SQ.AfE2nSWsYDlQ8kosjO4bK4TEJJgjj6K5,NW_004070865.1,refseq_accession,NW_004070865.1
XJWKh8nsSqBFfcU0DIHMZohYyCWF-vcA,SQ.AfE2nSWsYDlQ8kosjO4bK4TEJJgjj6K5,HG1473_PATCH,seqcol_name,
XJWKh8nsSqBFfcU0DIHMZohYyCWF-vcA,SQ.AjWXsI7AkTK35XW9pgd3UbjpC3MAevlz,CM000679.1,genbank_accession,CM000679.1
XJWKh8nsSqBFfcU0DIHMZohYyCWF-vcA,SQ.AjWXsI7AkTK35XW9pgd3UbjpC3MAevlz,NC_000017.10,refseq_accession,NC_000017.10
XJWKh8nsSqBFfcU0DIHMZohYyCWF-vcA,SQ.AjWXsI7AkTK35XW9pgd3UbjpC3MAevlz,17,seqcol_name,
XJWKh8nsSqBFfcU0DIHMZohYyCWF-vcA,SQ.AjWXsI7AkTK35XW9pgd3UbjpC3MAevlz,chr17,ucsc,
XJWKh8nsSqBFfcU0DIHMZohYyCWF-vcA,SQ.AsW-Hlhu5IqtnVr0ozIe9QRDt4CArtZa,JH806600.2,genbank_accession,JH806600.2
XJWKh8nsSqBFfcU0DIHMZohYyCWF-vcA,SQ.AsW-Hlhu5IqtnVr0ozIe9QRDt4CArtZa,NW_004070890.2,refseq_accession,NW_004070890.2
XJWKh8nsSqBFfcU0DIHMZohYyCWF-vcA,SQ.AsW-Hlhu5IqtnVr0ozIe9QRDt4CArtZa,HG1459_PATCH,seqcol_name,
XJWKh8nsSqBFfcU0DIHMZohYyCWF-vcA,SQ.BBTbm0Gb4Fx_fASVjO4vRhE-0U0Gh9gQ,JH806577.1,genbank_accession,JH806577.1
XJWKh8nsSqBFfcU0DIHMZohYyCWF-vcA,SQ.BBTbm0Gb4Fx_fASVjO4vRhE-0U0Gh9gQ,NW_004070867.1,refseq_accession,NW_004070867.1
XJWKh8nsSqBFfcU0DIHMZohYyCWF-vcA,SQ.BBTbm0Gb4Fx_fASVjO4vRhE-0U0Gh9gQ,HG1500_PATCH,seqcol_name,
XJWKh8nsSqBFfcU0DIHMZohYyCWF-vcA,SQ.BKNQeB9RiM5eG9SgCYGoh5ouE_3DQo6X,JH720443.2,genbank_accession,JH720443.2
XJWKh8nsSqBFfcU0DIHMZohYyCWF-vcA,SQ.BKNQeB9RiM5eG9SgCYGoh5ouE_3DQo6X,NW_003871072.2,refseq_accession,NW_003871072.2
XJWKh8nsSqBFfcU0DIHMZohYyCWF-vcA,SQ.BKNQeB9RiM5eG9SgCYGoh5ouE_3DQo6X,HG122_PATCH,seqcol_name,
XJWKh8nsSqBFfcU0DIHMZohYyCWF-vcA,SQ.BNgvT6xtaD6881pEbYrBVMaljpU2HdgX,GL000241.1,genbank_accession,GL000241.1
XJWKh8nsSqBFfcU0DIHMZohYyCWF-vcA,SQ.BNgvT6xtaD6881pEbYrBVMaljpU2HdgX,NT_167235.1,refseq_accession,NT_167235.1
XJWKh8nsSqBFfcU0DIHMZohYyCWF-vcA,SQ.BNgvT6xtaD6881pEbYrBVMaljpU2HdgX,HSCHRUN_RANDOM_CTG34,seqcol_name,
XJWKh8nsSqBFfcU0DIHMZohYyCWF-vcA,SQ.BNgvT6xtaD6881pEbYrBVMaljpU2HdgX,chrUn_gl000241,ucsc,
XJWKh8nsSqBFfcU0DIHMZohYyCWF-vcA,SQ.BQKSjIS0iYDDXXE5mB9WAb_4H0fYtn1X,GL383574.1,genbank_accession,GL383574.1
XJWKh8nsSqBFfcU0DIHMZohYyCWF-vcA,SQ.BQKSjIS0iYDDXXE5mB9WAb_4H0fYtn1X,NW_003315963.1,refseq_accession,NW_003315963.1
XJWKh8nsSqBFfcU0DIHMZohYyCWF-vcA,SQ.BQKSjIS0iYDDXXE5mB9WAb_4H0fYtn1X,HSCHR19_1_CTG3_1,seqcol_name,
XJWKh8nsSqBFfcU0DIHMZohYyCWF-vcA,SQ.BT7QyW5iXaX_1PSX-msSGYsqRdMKqkj-,CM000686.1,genbank_accession,CM000686.1
XJWKh8nsSqBFfcU0DIHMZohYyCWF-vcA,SQ.BT7QyW5iXaX_1PSX-msSGYsqRdMKqkj-,NC_000024.9,refseq_accession,NC_000024.9
XJWKh8nsSqBFfcU0DIHMZohYyCWF-vcA,SQ.BT7QyW5iXaX_1PSX-msSGYsqRdMKqkj-,Y,seqcol_name,
XJWKh8nsSqBFfcU0DIHMZohYyCWF-vcA,SQ.BT7QyW5iXaX_1PSX-msSGYsqRdMKqkj-,chrY,ucsc,
XJWKh8nsSqBFfcU0DIHMZohYyCWF-vcA,SQ.BTj4BDaaHYoPhD3oY2GdwC_l0uqZ92UD,CM000680.1,genbank_accession,CM000680.1
XJWKh8nsSqBFfcU0DIHMZohYyCWF-vcA,SQ.BTj4BDaaHYoPhD3oY2GdwC_l0uqZ92UD,NC_000018.9,refseq_accession,NC_000018.9
XJWKh8nsSqBFfcU0DIHMZohYyCWF-vcA,SQ.BTj4BDaaHYoPhD3oY2GdwC_l0uqZ92UD,18,seqcol_name,
XJWKh8nsSqBFfcU0DIHMZohYyCWF-vcA,SQ.BTj4BDaaHYoPhD3oY2GdwC_l0uqZ92UD,chr18,ucsc,
XJWKh8nsSqBFfcU0DIHMZohYyCWF-vcA,SQ.Bws6DcGku3rCWV-zaFzazkqAeCpgdsji,KB663609.1,genbank_accession,KB663609.1
XJWKh8nsSqBFfcU0DIHMZohYyCWF-vcA,SQ.Bws6DcGku3rCWV-zaFzazkqAeCpgdsji,NW_004504305.1,refseq_accession,NW_004504305.1
XJWKh8nsSqBFfcU0DIHMZohYyCWF-vcA,SQ.Bws6DcGku3rCWV-zaFzazkqAeCpgdsji,HSCHR22_2_CTG1,seqcol_name,
XJWKh8nsSqBFfcU0DIHMZohYyCWF-vcA,SQ.CN9B0KUHy5Kb8UrM4bs-hrora8ljQtiF,JH636052.4,genbank_accession,JH636052.4
XJWKh8nsSqBFfcU0DIHMZohYyCWF-vcA,SQ.CN9B0KUHy5Kb8UrM4bs-hrora8ljQtiF,NW_003871055.3,refseq_accession,NW_003871055.3
XJWKh8nsSqBFfcU0DIHMZohYyCWF-vcA,SQ.CN9B0KUHy5Kb8UrM4bs-hrora8ljQtiF,HG1287_PATCH,seqcol_name,
XJWKh8nsSqBFfcU0DIHMZohYyCWF-vcA,SQ.ClzbPWm_89Ap39yo8LEKxClJEiFGWBwE,KB663603.1,genbank_accession,KB663603.1
XJWKh8nsSqBFfcU0DIHMZohYyCWF-vcA,SQ.ClzbPWm_89Ap39yo8LEKxClJEiFGWBwE,NW_004504299.1,refseq_accession,NW_004504299.1
XJWKh8nsSqBFfcU0DIHMZohYyCWF-vcA,SQ.ClzbPWm_89Ap39yo8LEKxClJEiFGWBwE,HG953_PATCH,seqcol_name,
XJWKh8nsSqBFfcU0DIHMZohYyCWF-vcA,SQ.CobqLTC7QTD3nNmdqLtR6uIn53e0ViWb,JH806578.1,genbank_accession,JH806578.1
XJWKh8nsSqBFfcU0DIHMZohYyCWF-vcA,SQ.CobqLTC7QTD3nNmdqLtR6uIn53e0ViWb,NW_004070868.1,refseq_accession,NW_004070868.1
XJWKh8nsSqBFfcU0DIHMZohYyCWF-vcA,SQ.CobqLTC7QTD3nNmdqLtR6uIn53e0ViWb,HG1501_PATCH,seqcol_name,
XJWKh8nsSqBFfcU0DIHMZohYyCWF-vcA,SQ.CrU8oWuwWaKwbXOB5c9kLSeIiedR5vgb,GL383561.2,genbank_accession,GL383561.2
XJWKh8nsSqBFfcU0DIHMZohYyCWF-vcA,SQ.CrU8oWuwWaKwbXOB5c9kLSeIiedR5vgb,NW_003315950.2,refseq_accession,NW_003315950.2
XJWKh8nsSqBFfcU0DIHMZohYyCWF-vcA,SQ.CrU8oWuwWaKwbXOB5c9kLSeIiedR5vgb,HG987_PATCH,seqcol_name,
XJWKh8nsSqBFfcU0DIHMZohYyCWF-vcA,SQ.D-jSazU4DEhw9xu469tlLkydLjBm9ztH,JH720445.1,genbank_accession,JH720445.1
XJWKh8nsSqBFfcU0DIHMZohYyCWF-vcA,SQ.D-jSazU4DEhw9xu469tlLkydLjBm9ztH,NW_003871084.1,refseq_accession,NW_003871084.1
XJWKh8nsSqBFfcU0DIHMZohYyCWF-vcA,SQ.D-jSazU4DEhw9xu469tlLkydLjBm9ztH,HG971_PATCH,seqcol_name,
XJWKh8nsSqBFfcU0DIHMZohYyCWF-vcA,SQ.DDlpI8vtCzxnEQz-QZSf5-rDoCv6e9_z,GL949741.1,genbank_accession,GL949741.1
XJWKh8nsSqBFfcU0DIHMZohYyCWF-vcA,SQ.DDlpI8vtCzxnEQz-QZSf5-rDoCv6e9_z,NW_003571030.1,refseq_accession,NW_003571030.1
XJWKh8nsSqBFfcU0DIHMZohYyCWF-vcA,SQ.DDlpI8vtCzxnEQz-QZSf5-rDoCv6e9_z,HG989_PATCH,seqcol_name,
XJWKh8nsSqBFfcU0DIHMZohYyCWF-vcA,SQ.DpceVFcK1X1L6lsvIq0tKC0qp2dD835g,GL000199.1,genbank_accession,GL000199.1
XJWKh8nsSqBFfcU0DIHMZohYyCWF-vcA,SQ.DpceVFcK1X1L6lsvIq0tKC0qp2dD835g,NT_113916.2,refseq_accession,NT_113916.2
XJWKh8nsSqBFfcU0DIHMZohYyCWF-vcA,SQ.DpceVFcK1X1L6lsvIq0tKC0qp2dD835g,HSCHR9_RANDOM_CTG2,seqcol_name,
XJWKh8nsSqBFfcU0DIHMZohYyCWF-vcA,SQ.DpceVFcK1X1L6lsvIq0tKC0qp2dD835g,chr9_gl000199_random,ucsc,
XJWKh8nsSqBFfcU0DIHMZohYyCWF-vcA,SQ.ESbD7fT401SLprg1F1xuDD07MGVLvSQY,GL383555.1,genbank_accession,GL383555.1
XJWKh8nsSqBFfcU0DIHMZohYyCWF-vcA,SQ.ESbD7fT401SLprg1F1xuDD07MGVLvSQY,NW_003315944.1,refseq_accession,NW_003315944.1
XJWKh8nsSqBFfcU0DIHMZohYyCWF-vcA,SQ.ESbD7fT401SLprg1F1xuDD07MGVLvSQY,HSCHR15_1_CTG8,seqcol_name,
XJWKh8nsSqBFfcU0DIHMZohYyCWF-vcA,SQ.EZG3Q7xvM2XQ-HQTX5w1BEEmWo-AGqtB,JH806581.1,genbank_accession,JH806581.1
XJWKh8nsSqBFfcU0DIHMZohYyCWF-vcA,SQ.EZG3Q7xvM2XQ-HQTX5w1BEEmWo-AGqtB,NW_004070871.1,refseq_accession,NW_004070871.1
XJWKh8nsSqBFfcU0DIHMZohYyCWF-vcA,SQ.EZG3Q7xvM2XQ-HQTX5w1BEEmWo-AGqtB,HG865_PATCH,seqcol_name,
XJWKh8nsSqBFfcU0DIHMZohYyCWF-vcA,SQ.EscTBUeZKbDEPWsKtm8MrwYypUQDWza8,JH806586.1,genbank_accession,JH806586.1
XJWKh8nsSqBFfcU0DIHMZohYyCWF-vcA,SQ.EscTBUeZKbDEPWsKtm8MrwYypUQDWza8,NW_004070876.1,refseq_accession,NW_004070876.1
XJWKh8nsSqBFfcU0DIHMZohYyCWF-vcA,SQ.EscTBUeZKbDEPWsKtm8MrwYypUQDWza8,HG497_PATCH,seqcol_name,
XJWKh8nsSqBFfcU0DIHMZohYyCWF-vcA,SQ.Ewb9qlgTqN6e_XQiRVYpoUfZJHXeiUfH,CM000675.1,genbank_accession,CM000675.1
XJWKh8nsSqBFfcU0DIHMZohYyCWF-vcA,SQ.Ewb9qlgTqN6e_XQiRVYpoUfZJHXeiUfH,NC_000013.10,refseq_accession,NC_000013.10
XJWKh8nsSqBFfcU0DIHMZohYyCWF-vcA,SQ.Ewb9qlgTqN6e_XQiRVYpoUfZJHXeiUfH,13,seqcol_name,
XJWKh8nsSqBFfcU0DIHMZohYyCWF-vcA,SQ.Ewb9qlgTqN6e_XQiRVYpoUfZJHXeiUfH,chr13,ucsc,
XJWKh8nsSqBFfcU0DIHMZohYyCWF-vcA,SQ.ExJecHbUrCVxWkCTYNU8OtHlDbw-tJI7,JH636058.1,genbank_accession,JH636058.1
XJWKh8nsSqBFfcU0DIHMZohYyCWF-vcA,SQ.ExJecHbUrCVxWkCTYNU8OtHlDbw-tJI7,NW_003871065.1,refseq_accession,NW_003871065.1
XJWKh8nsSqBFfcU0DIHMZohYyCWF-vcA,SQ.ExJecHbUrCVxWkCTYNU8OtHlDbw-tJI7,HG1308_PATCH,seqcol_name,
XJWKh8nsSqBFfcU0DIHMZohYyCWF-vcA,SQ.F1dafeyt7rhA_8dHI4drAEsc9n0UbAd0,GL000238.1,genbank_accession,GL000238.1
XJWKh8nsSqBFfcU0DIHMZohYyCWF-vcA,SQ.F1dafeyt7rhA_8dHI4drAEsc9n0UbAd0,NT_167232.1,refseq_accession,NT_167232.1
XJWKh8nsSqBFfcU0DIHMZohYyCWF-vcA,SQ.F1dafeyt7rhA_8dHI4drAEsc9n0UbAd0,HSCHRUN_RANDOM_CTG31,seqcol_name,
XJWKh8nsSqBFfcU0DIHMZohYyCWF-vcA,SQ.F1dafeyt7rhA_8dHI4drAEsc9n0UbAd0,chrUn_gl000238,ucsc,
XJWKh8nsSqBFfcU0DIHMZohYyCWF-vcA,SQ.F9IzoXD94rUBIPtkEXiPbHa0vZhVaQgR,JH806580.1,genbank_accession,JH806580.1
XJWKh8nsSqBFfcU0DIHMZohYyCWF-vcA,SQ.F9IzoXD94rUBIPtkEXiPbHa0vZhVaQgR,NW_004070870.1,refseq_accession,NW_004070870.1
XJWKh8nsSqBFfcU0DIHMZohYyCWF-vcA,SQ.F9IzoXD94rUBIPtkEXiPbHa0vZhVaQgR,HG1479_PATCH,seqcol_name,
XJWKh8nsSqBFfcU0DIHMZohYyCWF-vcA,SQ.FWiM227xWvon14ZANgTVkjrtiAdQELba,GL949751.1,genbank_accession,GL949751.1
XJWKh8nsSqBFfcU0DIHMZohYyCWF-vcA,SQ.FWiM227xWvon14ZANgTVkjrtiAdQELba,NW_003571059.1,refseq_accession,NW_003571059.1
XJWKh8nsSqBFfcU0DIHMZohYyCWF-vcA,SQ.FWiM227xWvon14ZANgTVkjrtiAdQELba,HSCHR19LRC_LRC_T_CTG1,seqcol_name,
XJWKh8nsSqBFfcU0DIHMZohYyCWF-vcA,SQ.FrD5yGArHZZyZq1FQfSksQacpe4J7a3m,GL000242.1,genbank_accession,GL000242.1
XJWKh8nsSqBFfcU0DIHMZohYyCWF-vcA,SQ.FrD5yGArHZZyZq1FQfSksQacpe4J7a3m,NT_167236.1,refseq_accession,NT_167236.1
XJWKh8nsSqBFfcU0DIHMZohYyCWF-vcA,SQ.FrD5yGArHZZyZq1FQfSksQacpe4J7a3m,HSCHRUN_RANDOM_CTG35,seqcol_name,
XJWKh8nsSqBFfcU0DIHMZohYyCWF-vcA,SQ.FrD5yGArHZZyZq1FQfSksQacpe4J7a3m,chrUn_gl000242,ucsc,
XJWKh8nsSqBFfcU0DIHMZohYyCWF-vcA,SQ.GAjgCgvGJHzqyG5B3eUzpVcHt6pnhWHO,GL383520.1,genbank_accession,GL383520.1
XJWKh8nsSqBFfcU0DIHMZohYyCWF-vcA,SQ.GAjgCgvGJHzqyG5B3eUzpVcHt6pnhWHO,NW_003315907.1,refseq_accession,NW_003315907.1
XJWKh8nsSqBFfcU0DIHMZohYyCWF-vcA,SQ.GAjgCgvGJHzqyG5B3eUzpVcHt6pnhWHO,HSCHR1_3_CTG31,seqcol_name,
XJWKh8nsSqBFfcU0DIHMZohYyCWF-vcA,SQ.GD1VIV3PDw_fJDLkPQ2E0AuiQ7d-FGLn,GL000245.1,genbank_accession,GL000245.1
XJWKh8nsSqBFfcU0DIHMZohYyCWF-vcA,SQ.GD1VIV3PDw_fJDLkPQ2E0AuiQ7d-FGLn,NT_167239.1,refseq_accession,NT_167239.1
XJWKh8nsSqBFfcU0DIHMZohYyCWF-vcA,SQ.GD1VIV3PDw_fJDLkPQ2E0AuiQ7d-FGLn,HSCHRUN_RANDOM_CTG38,seqcol_name,
XJWKh8nsSqBFfcU0DIHMZohYyCWF-vcA,SQ.GD1VIV3PDw_fJDLkPQ2E0AuiQ7d-FGLn,chrUn_gl000245,ucsc,
XJWKh8nsSqBFfcU0DIHMZohYyCWF-vcA,SQ.GUN8-TYOZWIwvkcWk4bCnaEPxBMwMTdn,GL383526.1,genbank_accession,GL383526.1
XJWKh8nsSqBFfcU0DIHMZohYyCWF-vcA,SQ.GUN8-TYOZWIwvkcWk4bCnaEPxBMwMTdn,NW_003315913.1,refseq_accession,NW_003315913.1
XJWKh8nsSqBFfcU0DIHMZohYyCWF-vcA,SQ.GUN8-TYOZWIwvkcWk4bCnaEPxBMwMTdn,HSCHR3_1_CTG2_1,seqcol_name,
XJWKh8nsSqBFfcU0DIHMZohYyCWF-vcA,SQ.GfmWuL_X-EREJd5Wa9_xXT7NMgf5VX17,JH806590.2,genbank_accession,JH806590.2
XJWKh8nsSqBFfcU0DIHMZohYyCWF-vcA,SQ.GfmWuL_X-EREJd5Wa9_xXT7NMgf5VX17,NW_004070880.2,refseq_accession,NW_004070880.2
XJWKh8nsSqBFfcU0DIHMZohYyCWF-vcA,SQ.GfmWuL_X-EREJd5Wa9_xXT7NMgf5VX17,HG1436_HG1432_PATCH,seqcol_name,
XJWKh8nsSqBFfcU0DIHMZohYyCWF-vcA,SQ.GjKyHbO3eTfZwIsvQEhUpNetadH0w4dW,KB663605.1,genbank_accession,KB663605.1
XJWKh8nsSqBFfcU0DIHMZohYyCWF-vcA,SQ.GjKyHbO3eTfZwIsvQEhUpNetadH0w4dW,NW_004504301.1,refseq_accession,NW_004504301.1
XJWKh8nsSqBFfcU0DIHMZohYyCWF-vcA,SQ.GjKyHbO3eTfZwIsvQEhUpNetadH0w4dW,HG50_PATCH,seqcol_name,
XJWKh8nsSqBFfcU0DIHMZohYyCWF-vcA,SQ.GktC5FwC2AJ6GRknL_WeFjY4C8GqAYdr,KB021646.2,genbank_accession,KB021646.2
XJWKh8nsSqBFfcU0DIHMZohYyCWF-vcA,SQ.GktC5FwC2AJ6GRknL_WeFjY4C8GqAYdr,NW_004166864.2,refseq_accession,NW_004166864.2
XJWKh8nsSqBFfcU0DIHMZohYyCWF-vcA,SQ.GktC5FwC2AJ6GRknL_WeFjY4C8GqAYdr,HG385_PATCH,seqcol_name,
XJWKh8nsSqBFfcU0DIHMZohYyCWF-vcA,SQ.H-FcilbhTd1DIsKaCzkabHWNIc7smIfL,JH159137.1,genbank_accession,JH159137.1
XJWKh8nsSqBFfcU0DIHMZohYyCWF-vcA,SQ.H-FcilbhTd1DIsKaCzkabHWNIc7smIfL,NW_003871074.1,refseq_accession,NW_003871074.1
XJWKh8nsSqBFfcU0DIHMZohYyCWF-vcA,SQ.H-FcilbhTd1DIsKaCzkabHWNIc7smIfL,HG151_NOVEL_TEST,seqcol_name,
XJWKh8nsSqBFfcU0DIHMZohYyCWF-vcA,SQ.HBckYGQ4wYG9APHLpjoQ9UUe9v7NxExt,CM000671.1,genbank_accession,CM000671.1
XJWKh8nsSqBFfcU0DIHMZohYyCWF-vcA,SQ.HBckYGQ4wYG9APHLpjoQ9UUe9v7NxExt,NC_000009.11,refseq_accession,NC_000009.11
XJWKh8nsSqBFfcU0DIHMZohYyCWF-vcA,SQ.HBckYGQ4wYG9APHLpjoQ9UUe9v7NxExt,9,seqcol_name,
XJWKh8nsSqBFfcU0DIHMZohYyCWF-vcA,SQ.HBckYGQ4wYG9APHLpjoQ9UUe9v7NxExt,chr9,ucsc,
XJWKh8nsSqBFfcU0DIHMZohYyCWF-vcA,SQ.H_D-fxywmcrWCqQDfOWJffTjaP6BRFjh,GL000251.1,genbank_accession,GL000251.1
XJWKh8nsSqBFfcU0DIHMZohYyCWF-vcA,SQ.H_D-fxywmcrWCqQDfOWJffTjaP6BRFjh,NT_113891.2,refseq_accession,NT_113891.2
XJWKh8nsSqBFfcU0DIHMZohYyCWF-vcA,SQ.H_D-fxywmcrWCqQDfOWJffTjaP6BRFjh,HSCHR6_MHC_COX_CTG1,seqcol_name,
XJWKh8nsSqBFfcU0DIHMZohYyCWF-vcA,SQ.H_D-fxywmcrWCqQDfOWJffTjaP6BRFjh,chr6_cox_hap2,ucsc,
XJWKh8nsSqBFfcU0DIHMZohYyCWF-vcA,SQ.He0spYDVowJohepGfwqbx9DZGAi_HUU6,GL383559.2,genbank_accession,GL383559.2
XJWKh8nsSqBFfcU0DIHMZohYyCWF-vcA,SQ.He0spYDVowJohepGfwqbx9DZGAi_HUU6,NW_003315948.2,refseq_accession,NW_003315948.2
XJWKh8nsSqBFfcU0DIHMZohYyCWF-vcA,SQ.He0spYDVowJohepGfwqbx9DZGAi_HUU6,HG745_PATCH,seqcol_name,
XJWKh8nsSqBFfcU0DIHMZohYyCWF-vcA,SQ.HkHSbMByGbkQoBAzYO8zTxYzXWt8e7i9,GL582968.1,genbank_accession,GL582968.1
XJWKh8nsSqBFfcU0DIHMZohYyCWF-vcA,SQ.HkHSbMByGbkQoBAzYO8zTxYzXWt8e7i9,NW_003571037.1,refseq_accession,NW_003571037.1
XJWKh8nsSqBFfcU0DIHMZohYyCWF-vcA,SQ.HkHSbMByGbkQoBAzYO8zTxYzXWt8e7i9,HG115_PATCH,seqcol_name,
XJWKh8nsSqBFfcU0DIHMZohYyCWF-vcA,SQ.HogrmZbwvJcyVUDCEGiTYvOqr0Y4snk_,GL877870.2,genbank_accession,GL877870.2
XJWKh8nsSqBFfcU0DIHMZohYyCWF-vcA,SQ.HogrmZbwvJcyVUDCEGiTYvOqr0Y4snk_,NW_003571031.1,refseq_accession,NW_003571031.1
XJWKh8nsSqBFfcU0DIHMZohYyCWF-vcA,SQ.HogrmZbwvJcyVUDCEGiTYvOqr0Y4snk_,HG1007_PATCH,seqcol_name,
XJWKh8nsSqBFfcU0DIHMZohYyCWF-vcA,SQ.IFj5Y607NHkMgQJKUZEi_j5bH6qKs53k,GL000247.1,genbank_accession,GL000247.1
XJWKh8nsSqBFfcU0DIHMZohYyCWF-vcA,SQ.IFj5Y607NHkMgQJKUZEi_j5bH6qKs53k,NT_167241.1,refseq_accession,NT_167241.1
XJWKh8nsSqBFfcU0DIHMZohYyCWF-vcA,SQ.IFj5Y607NHkMgQJKUZEi_j5bH6qKs53k,HSCHRUN_RANDOM_CTG40,seqcol_name,
XJWKh8nsSqBFfcU0DIHMZohYyCWF-vcA,SQ.IFj5Y607NHkMgQJKUZEi_j5bH6qKs53k,chrUn_gl000247,ucsc,
XJWKh8nsSqBFfcU0DIHMZohYyCWF-vcA,SQ.II3F2oT0mk0KjciIUvziQtHOquqc8_Pg,GL000201.1,genbank_accession,GL000201.1
XJWKh8nsSqBFfcU0DIHMZohYyCWF-vcA,SQ.II3F2oT0mk0KjciIUvziQtHOquqc8_Pg,NT_113911.1,refseq_accession,NT_113911.1
XJWKh8nsSqBFfcU0DIHMZohYyCWF-vcA,SQ.II3F2oT0mk0KjciIUvziQtHOquqc8_Pg,HSCHR9_RANDOM_CTG5,seqcol_name,
XJWKh8nsSqBFfcU0DIHMZohYyCWF-vcA,SQ.II3F2oT0mk0KjciIUvziQtHOquqc8_Pg,chr9_gl000201_random,ucsc,
XJWKh8nsSqBFfcU0DIHMZohYyCWF-vcA,SQ.IW78mgV5Cqf6M24hy52hPjyyo5tCCd86,CM000669.1,genbank_accession,CM000669.1
XJWKh8nsSqBFfcU0DIHMZohYyCWF-vcA,SQ.IW78mgV5Cqf6M24hy52hPjyyo5tCCd86,NC_000007.13,refseq_accession,NC_000007.13
XJWKh8nsSqBFfcU0DIHMZohYyCWF-vcA,SQ.IW78mgV5Cqf6M24hy52hPjyyo5tCCd86,7,seqcol_name,
XJWKh8nsSqBFfcU0DIHMZohYyCWF-vcA,SQ.IW78mgV5Cqf6M24hy52hPjyyo5tCCd86,chr7,ucsc,
XJWKh8nsSqBFfcU0DIHMZohYyCWF-vcA,SQ.IZlunX_aR7RX1WJKyZM0cnKFW4YY6dzi,GL000239.1,genbank_accession,GL000239.1
XJWKh8nsSqBFfcU0DIHMZohYyCWF-vcA,SQ.IZlunX_aR7RX1WJKyZM0cnKFW4YY6dzi,NT_167233.1,refseq_accession,NT_167233.1
XJWKh8nsSqBFfcU0DIHMZohYyCWF-vcA,SQ.IZlunX_aR7RX1WJKyZM0cnKFW4YY6dzi,HSCHRUN_RANDOM_CTG32,seqcol_name,
XJWKh8nsSqBFfcU0DIHMZohYyCWF-vcA,SQ.IZlunX_aR7RX1WJKyZM0cnKFW4YY6dzi,chrUn_gl000239,ucsc,
XJWKh8nsSqBFfcU0DIHMZohYyCWF-vcA,SQ.IeLPCZedu0UD7rBCpf6YQUQJXJnhf2IP,GL000215.1,genbank_accession,GL000215.1
XJWKh8nsSqBFfcU0DIHMZohYyCWF-vcA,SQ.IeLPCZedu0UD7rBCpf6YQUQJXJnhf2IP,NT_167210.1,refseq_accession,NT_167210.1
XJWKh8nsSqBFfcU0DIHMZohYyCWF-vcA,SQ.IeLPCZedu0UD7rBCpf6YQUQJXJnhf2IP,HSCHRUN_RANDOM_CTG5,seqcol_name,
XJWKh8nsSqBFfcU0DIHMZohYyCWF-vcA,SQ.IeLPCZedu0UD7rBCpf6YQUQJXJnhf2IP,chrUn_gl000215,ucsc,
XJWKh8nsSqBFfcU0DIHMZohYyCWF-vcA,SQ.ItRDD47aMoioDCNW_occY5fWKZBKlxCX,CM000681.1,genbank_accession,CM000681.1
XJWKh8nsSqBFfcU0DIHMZohYyCWF-vcA,SQ.ItRDD47aMoioDCNW_occY5fWKZBKlxCX,NC_000019.9,refseq_accession,NC_000019.9
XJWKh8nsSqBFfcU0DIHMZohYyCWF-vcA,SQ.ItRDD47aMoioDCNW_occY5fWKZBKlxCX,19,seqcol_name,
XJWKh8nsSqBFfcU0DIHMZohYyCWF-vcA,SQ.ItRDD47aMoioDCNW_occY5fWKZBKlxCX,chr19,ucsc,
XJWKh8nsSqBFfcU0DIHMZohYyCWF-vcA,SQ.JygvPcIfgIzDUmsJqDxyX6bKi65PxuFk,JH636053.3,genbank_accession,JH636053.3
XJWKh8nsSqBFfcU0DIHMZohYyCWF-vcA,SQ.JygvPcIfgIzDUmsJqDxyX6bKi65PxuFk,NW_003871056.3,refseq_accession,NW_003871056.3
XJWKh8nsSqBFfcU0DIHMZohYyCWF-vcA,SQ.JygvPcIfgIzDUmsJqDxyX6bKi65PxuFk,HG1292_PATCH,seqcol_name,
XJWKh8nsSqBFfcU0DIHMZohYyCWF-vcA,SQ.KHkBYmlg-UJaE9sUI912zBlzdGD2BBEF,GL000197.1,genbank_accession,GL000197.1
XJWKh8nsSqBFfcU0DIHMZohYyCWF-vcA,SQ.KHkBYmlg-UJaE9sUI912zBlzdGD2BBEF,NT_113907.1,refseq_accession,NT_113907.1
XJWKh8nsSqBFfcU0DIHMZohYyCWF-vcA,SQ.KHkBYmlg-UJaE9sUI912zBlzdGD2BBEF,HSCHR8_RANDOM_CTG4,seqcol_name,
XJWKh8nsSqBFfcU0DIHMZohYyCWF-vcA,SQ.KHkBYmlg-UJaE9sUI912zBlzdGD2BBEF,chr8_gl000197_random,ucsc,
XJWKh8nsSqBFfcU0DIHMZohYyCWF-vcA,SQ.KKljB20e6C4AnARGfHc-2fHIV_49_UHk,JH806603.1,genbank_accession,JH806603.1
XJWKh8nsSqBFfcU0DIHMZohYyCWF-vcA,SQ.KKljB20e6C4AnARGfHc-2fHIV_49_UHk,NW_004070893.1,refseq_accession,NW_004070893.1
XJWKh8nsSqBFfcU0DIHMZohYyCWF-vcA,SQ.KKljB20e6C4AnARGfHc-2fHIV_49_UHk,HG1490_PATCH,seqcol_name,
XJWKh8nsSqBFfcU0DIHMZohYyCWF-vcA,SQ.KSNmrcRDmeKg8iycf2pvv0XF1QXqHznx,GL383581.1,genbank_accession,GL383581.1
XJWKh8nsSqBFfcU0DIHMZohYyCWF-vcA,SQ.KSNmrcRDmeKg8iycf2pvv0XF1QXqHznx,NW_003315970.1,refseq_accession,NW_003315970.1
XJWKh8nsSqBFfcU0DIHMZohYyCWF-vcA,SQ.KSNmrcRDmeKg8iycf2pvv0XF1QXqHznx,HSCHR21_4_CTG1_1,seqcol_name,
XJWKh8nsSqBFfcU0DIHMZohYyCWF-vcA,SQ.Ke3kTlQ21XVYX7avwlj8LDiX5S1cmbPf,GL383575.2,genbank_accession,GL383575.2
XJWKh8nsSqBFfcU0DIHMZohYyCWF-vcA,SQ.Ke3kTlQ21XVYX7avwlj8LDiX5S1cmbPf,NW_003315964.2,refseq_accession,NW_003315964.2
XJWKh8nsSqBFfcU0DIHMZohYyCWF-vcA,SQ.Ke3kTlQ21XVYX7avwlj8LDiX5S1cmbPf,HSCHR19_2_CTG3,seqcol_name,
XJWKh8nsSqBFfcU0DIHMZohYyCWF-vcA,SQ.KqaUhJMW3CDjhoVtBetdEKT1n6hM-7Ek,CM000668.1,genbank_accession,CM000668.1
XJWKh8nsSqBFfcU0DIHMZohYyCWF-vcA,SQ.KqaUhJMW3CDjhoVtBetdEKT1n6hM-7Ek,NC_000006.11,refseq_accession,NC_000006.11
XJWKh8nsSqBFfcU0DIHMZohYyCWF-vcA,SQ.KqaUhJMW3CDjhoVtBetdEKT1n6hM-7Ek,6,seqcol_name,
XJWKh8nsSqBFfcU0DIHMZohYyCWF-vcA,SQ.KqaUhJMW3CDjhoVtBetdEKT1n6hM-7Ek,chr6,ucsc,
XJWKh8nsSqBFfcU0DIHMZohYyCWF-vcA,SQ.KuhqeekACzuyI14I7mL58jVhKFU3Sm_6,GL000225.1,genbank_accession,GL000225.1
XJWKh8nsSqBFfcU0DIHMZohYyCWF-vcA,SQ.KuhqeekACzuyI14I7mL58jVhKFU3Sm_6,NT_167219.1,refseq_accession,NT_167219.1
XJWKh8nsSqBFfcU0DIHMZohYyCWF-vcA,SQ.KuhqeekACzuyI14I7mL58jVhKFU3Sm_6,HSCHRUN_RANDOM_CTG17,seqcol_name,
XJWKh8nsSqBFfcU0DIHMZohYyCWF-vcA,SQ.KuhqeekACzuyI14I7mL58jVhKFU3Sm_6,chrUn_gl000225,ucsc,
XJWKh8nsSqBFfcU0DIHMZohYyCWF-vcA,SQ.LA2InLJeP6LU5UIKGftKAdiqBt-7qHBv,JH636054.1,genbank_accession,JH636054.1
XJWKh8nsSqBFfcU0DIHMZohYyCWF-vcA,SQ.LA2InLJeP6LU5UIKGftKAdiqBt-7qHBv,NW_003871057.1,refseq_accession,NW_003871057.1
XJWKh8nsSqBFfcU0DIHMZohYyCWF-vcA,SQ.LA2InLJeP6LU5UIKGftKAdiqBt-7qHBv,HG1293_PATCH,seqcol_name,
XJWKh8nsSqBFfcU0DIHMZohYyCWF-vcA,SQ.LKVZo01RoixO1k-ffblawRQNBjyqb4qi,GL383525.1,genbank_accession,GL383525.1
XJWKh8nsSqBFfcU0DIHMZohYyCWF-vcA,SQ.LKVZo01RoixO1k-ffblawRQNBjyqb4qi,NW_003315912.1,refseq_accession,NW_003315912.1
XJWKh8nsSqBFfcU0DIHMZohYyCWF-vcA,SQ.LKVZo01RoixO1k-ffblawRQNBjyqb4qi,HG991_PATCH,seqcol_name,
XJWKh8nsSqBFfcU0DIHMZohYyCWF-vcA,SQ.LW9Plw1K8o2hbhlnIfchHxe88uxW5fee,GL000233.1,genbank_accession,GL000233.1
XJWKh8nsSqBFfcU0DIHMZohYyCWF-vcA,SQ.LW9Plw1K8o2hbhlnIfchHxe88uxW5fee,NT_167227.1,refseq_accession,NT_167227.1
XJWKh8nsSqBFfcU0DIHMZohYyCWF-vcA,SQ.LW9Plw1K8o2hbhlnIfchHxe88uxW5fee,HSCHRUN_RANDOM_CTG26,seqcol_name,
XJWKh8nsSqBFfcU0DIHMZohYyCWF-vcA,SQ.LW9Plw1K8o2hbhlnIfchHxe88uxW5fee,chrUn_gl000233,ucsc,
XJWKh8nsSqBFfcU0DIHMZohYyCWF-vcA,SQ.Lew6ZNRWZcBW8KaqScUV0HTyFU_qDGXS,GL000210.1,genbank_accession,GL000210.1
XJWKh8nsSqBFfcU0DIHMZohYyCWF-vcA,SQ.Lew6ZNRWZcBW8KaqScUV0HTyFU_qDGXS,NT_113950.2,refseq_accession,NT_113950.2
XJWKh8nsSqBFfcU0DIHMZohYyCWF-vcA,SQ.Lew6ZNRWZcBW8KaqScUV0HTyFU_qDGXS,HSCHR21_RANDOM_CTG9,seqcol_name,
XJWKh8nsSqBFfcU0DIHMZohYyCWF-vcA,SQ.Lew6ZNRWZcBW8KaqScUV0HTyFU_qDGXS,chr21_gl000210_random,ucsc,
XJWKh8nsSqBFfcU0DIHMZohYyCWF-vcA,SQ.LpTaNW-hwuY_yARP0rtarCnpCQLkgVCg,CM000683.1,genbank_accession,CM000683.1
XJWKh8nsSqBFfcU0DIHMZohYyCWF-vcA,SQ.LpTaNW-hwuY_yARP0rtarCnpCQLkgVCg,NC_000021.8,refseq_accession,NC_000021.8
XJWKh8nsSqBFfcU0DIHMZohYyCWF-vcA,SQ.LpTaNW-hwuY_yARP0rtarCnpCQLkgVCg,21,seqcol_name,
XJWKh8nsSqBFfcU0DIHMZohYyCWF-vcA,SQ.LpTaNW-hwuY_yARP0rtarCnpCQLkgVCg,chr21,ucsc,
XJWKh8nsSqBFfcU0DIHMZohYyCWF-vcA,SQ.LsLYm8dukNGcepXQMROiUe-cYSoK-v0Z,KB021648.1,genbank_accession,KB021648.1
XJWKh8nsSqBFfcU0DIHMZohYyCWF-vcA,SQ.LsLYm8dukNGcepXQMROiUe-cYSoK-v0Z,NW_004166866.1,refseq_accession,NW_004166866.1
XJWKh8nsSqBFfcU0DIHMZohYyCWF-vcA,SQ.LsLYm8dukNGcepXQMROiUe-cYSoK-v0Z,HG29_PATCH,seqcol_name,
XJWKh8nsSqBFfcU0DIHMZohYyCWF-vcA,SQ.M1PfvbbxhMXzJy38TPoXvz_Fsf_3C7p4,JH159150.3,genbank_accession,JH159150.3
XJWKh8nsSqBFfcU0DIHMZohYyCWF-vcA,SQ.M1PfvbbxhMXzJy38TPoXvz_Fsf_3C7p4,NW_003871103.3,refseq_accession,NW_003871103.3
XJWKh8nsSqBFfcU0DIHMZohYyCWF-vcA,SQ.M1PfvbbxhMXzJy38TPoXvz_Fsf_3C7p4,HG1497_PATCH,seqcol_name,
XJWKh8nsSqBFfcU0DIHMZohYyCWF-vcA,SQ.M6XTiISr1Sm1DPXEuWgviX8Y2Ct0viGi,GL383541.1,genbank_accession,GL383541.1
XJWKh8nsSqBFfcU0DIHMZohYyCWF-vcA,SQ.M6XTiISr1Sm1DPXEuWgviX8Y2Ct0viGi,NW_003315930.1,refseq_accession,NW_003315930.1
XJWKh8nsSqBFfcU0DIHMZohYyCWF-vcA,SQ.M6XTiISr1Sm1DPXEuWgviX8Y2Ct0viGi,HSCHR9_2_CTG35,seqcol_name,
XJWKh8nsSqBFfcU0DIHMZohYyCWF-vcA,SQ.MB-4aUbIuKFw0dsKdORnhZ8gIXVSsj3J,JH159131.1,genbank_accession,JH159131.1
XJWKh8nsSqBFfcU0DIHMZohYyCWF-vcA,SQ.MB-4aUbIuKFw0dsKdORnhZ8gIXVSsj3J,NW_003871058.1,refseq_accession,NW_003871058.1
XJWKh8nsSqBFfcU0DIHMZohYyCWF-vcA,SQ.MB-4aUbIuKFw0dsKdORnhZ8gIXVSsj3J,HG1091_PATCH,seqcol_name,
XJWKh8nsSqBFfcU0DIHMZohYyCWF-vcA,SQ.MEmzzqJFXRHVxbY6lkTJ8nysH6cGcAGa,JH591184.1,genbank_accession,JH591184.1
XJWKh8nsSqBFfcU0DIHMZohYyCWF-vcA,SQ.MEmzzqJFXRHVxbY6lkTJ8nysH6cGcAGa,NW_003871075.1,refseq_accession,NW_003871075.1
XJWKh8nsSqBFfcU0DIHMZohYyCWF-vcA,SQ.MEmzzqJFXRHVxbY6lkTJ8nysH6cGcAGa,HG256_PATCH,seqcol_name,
XJWKh8nsSqBFfcU0DIHMZohYyCWF-vcA,SQ.MFs3xF5NXzGDYd4-o8R48fTu9KiBLyGC,GL000216.1,genbank_accession,GL000216.1
XJWKh8nsSqBFfcU0DIHMZohYyCWF-vcA,SQ.MFs3xF5NXzGDYd4-o8R48fTu9KiBLyGC,NT_167211.1,refseq_accession,NT_167211.1
XJWKh8nsSqBFfcU0DIHMZohYyCWF-vcA,SQ.MFs3xF5NXzGDYd4-o8R48fTu9KiBLyGC,HSCHRUN_RANDOM_CTG6,seqcol_name,
XJWKh8nsSqBFfcU0DIHMZohYyCWF-vcA,SQ.MFs3xF5NXzGDYd4-o8R48fTu9KiBLyGC,chrUn_gl000216,ucsc,
XJWKh8nsSqBFfcU0DIHMZohYyCWF-vcA,SQ.MHjJGWE2aBs0JVGBb9Auh2vfDvI59bPn,JH806573.1,genbank_accession,JH806573.1
XJWKh8nsSqBFfcU0DIHMZohYyCWF-vcA,SQ.MHjJGWE2aBs0JVGBb9Auh2vfDvI59bPn,NW_004070863.1,refseq_accession,NW_004070863.1
XJWKh8nsSqBFfcU0DIHMZohYyCWF-vcA,SQ.MHjJGWE2aBs0JVGBb9Auh2vfDvI59bPn,HG1471_PATCH,seqcol_name,
XJWKh8nsSqBFfcU0DIHMZohYyCWF-vcA,SQ.MJb0zf-41TeSNwdT2zPRDieWo5uZxW57,GL383524.1,genbank_accession,GL383524.1
XJWKh8nsSqBFfcU0DIHMZohYyCWF-vcA,SQ.MJb0zf-41TeSNwdT2zPRDieWo5uZxW57,NW_003315911.1,refseq_accession,NW_003315911.1
XJWKh8nsSqBFfcU0DIHMZohYyCWF-vcA,SQ.MJb0zf-41TeSNwdT2zPRDieWo5uZxW57,HG280_PATCH,seqcol_name,
XJWKh8nsSqBFfcU0DIHMZohYyCWF-vcA,SQ.MKP_EAXbLzkKQz7opdTywvcOTtLZfKZf,KE332499.1,genbank_accession,KE332499.1
XJWKh8nsSqBFfcU0DIHMZohYyCWF-vcA,SQ.MKP_EAXbLzkKQz7opdTywvcOTtLZfKZf,NW_004775430.1,refseq_accession,NW_004775430.1
XJWKh8nsSqBFfcU0DIHMZohYyCWF-vcA,SQ.MKP_EAXbLzkKQz7opdTywvcOTtLZfKZf,HG444_PATCH,seqcol_name,
XJWKh8nsSqBFfcU0DIHMZohYyCWF-vcA,SQ.MLBidBvXbxC0U0wo6ReZ8y-SfFJW3aLo,KB021645.1,genbank_accession,KB021645.1
XJWKh8nsSqBFfcU0DIHMZohYyCWF-vcA,SQ.MLBidBvXbxC0U0wo6ReZ8y-SfFJW3aLo,NW_004166863.1,refseq_accession,NW_004166863.1
XJWKh8nsSqBFfcU0DIHMZohYyCWF-vcA,SQ.MLBidBvXbxC0U0wo6ReZ8y-SfFJW3aLo,HG1592_PATCH,seqcol_name,
XJWKh8nsSqBFfcU0DIHMZohYyCWF-vcA,SQ.MP5Oidlp7jR1kmjgkTs-PMmVAL093_wA,GL582971.1,genbank_accession,GL582971.1
XJWKh8nsSqBFfcU0DIHMZohYyCWF-vcA,SQ.MP5Oidlp7jR1kmjgkTs-PMmVAL093_wA,NW_003571040.1,refseq_accession,NW_003571040.1
XJWKh8nsSqBFfcU0DIHMZohYyCWF-vcA,SQ.MP5Oidlp7jR1kmjgkTs-PMmVAL093_wA,HG7_PATCH,seqcol_name,
XJWKh8nsSqBFfcU0DIHMZohYyCWF-vcA,SQ.MYR92N9ChPkZXxy6nWXbiR5RGKuJWDC0,GL877876.1,genbank_accession,GL877876.1
XJWKh8nsSqBFfcU0DIHMZohYyCWF-vcA,SQ.MYR92N9ChPkZXxy6nWXbiR5RGKuJWDC0,NW_003571050.1,refseq_accession,NW_003571050.1
XJWKh8nsSqBFfcU0DIHMZohYyCWF-vcA,SQ.MYR92N9ChPkZXxy6nWXbiR5RGKuJWDC0,HSCHR12_2_CTG2,seqcol_name,
XJWKh8nsSqBFfcU0DIHMZohYyCWF-vcA,SQ.MZ053lXmAB5p0asRHn4waM2Oegb6Op8r,GL383577.1,genbank_accession,GL383577.1
XJWKh8nsSqBFfcU0DIHMZohYyCWF-vcA,SQ.MZ053lXmAB5p0asRHn4waM2Oegb6Op8r,NW_003315966.1,refseq_accession,NW_003315966.1
XJWKh8nsSqBFfcU0DIHMZohYyCWF-vcA,SQ.MZ053lXmAB5p0asRHn4waM2Oegb6Op8r,HSCHR20_1_CTG1,seqcol_name,
XJWKh8nsSqBFfcU0DIHMZohYyCWF-vcA,SQ.MsCFc-CHcAzjoInFLyuhPmeRmN2L_ecD,JH636060.1,genbank_accession,JH636060.1
XJWKh8nsSqBFfcU0DIHMZohYyCWF-vcA,SQ.MsCFc-CHcAzjoInFLyuhPmeRmN2L_ecD,NW_003871071.1,refseq_accession,NW_003871071.1
XJWKh8nsSqBFfcU0DIHMZohYyCWF-vcA,SQ.MsCFc-CHcAzjoInFLyuhPmeRmN2L_ecD,HG871_PATCH,seqcol_name,
XJWKh8nsSqBFfcU0DIHMZohYyCWF-vcA,SQ.NklPR_rcol19F3QEuGTiO9iefV48ayEG,JH806583.1,genbank_accession,JH806583.1
XJWKh8nsSqBFfcU0DIHMZohYyCWF-vcA,SQ.NklPR_rcol19F3QEuGTiO9iefV48ayEG,NW_004070873.1,refseq_accession,NW_004070873.1
XJWKh8nsSqBFfcU0DIHMZohYyCWF-vcA,SQ.NklPR_rcol19F3QEuGTiO9iefV48ayEG,HG1486_PATCH,seqcol_name,
XJWKh8nsSqBFfcU0DIHMZohYyCWF-vcA,SQ.NosnoAr05Fd_6zTHFcah6VvMCWrDO-Bq,JH720449.1,genbank_accession,JH720449.1
XJWKh8nsSqBFfcU0DIHMZohYyCWF-vcA,SQ.NosnoAr05Fd_6zTHFcah6VvMCWrDO-Bq,NW_003871096.1,refseq_accession,NW_003871096.1
XJWKh8nsSqBFfcU0DIHMZohYyCWF-vcA,SQ.NosnoAr05Fd_6zTHFcah6VvMCWrDO-Bq,HG329_PATCH,seqcol_name,
XJWKh8nsSqBFfcU0DIHMZohYyCWF-vcA,SQ.OCxsmG38EKgjAWmbmAg1Wb5-tX6dssfl,GL383583.1,genbank_accession,GL383583.1
XJWKh8nsSqBFfcU0DIHMZohYyCWF-vcA,SQ.OCxsmG38EKgjAWmbmAg1Wb5-tX6dssfl,NW_003315972.1,refseq_accession,NW_003315972.1
XJWKh8nsSqBFfcU0DIHMZohYyCWF-vcA,SQ.OCxsmG38EKgjAWmbmAg1Wb5-tX6dssfl,HSCHR22_1_CTG2,seqcol_name,
XJWKh8nsSqBFfcU0DIHMZohYyCWF-vcA,SQ.OQeFEy4Y9B9Ul3Lyh-5tE74hhxF5S5pJ,GL383566.1,genbank_accession,GL383566.1
XJWKh8nsSqBFfcU0DIHMZohYyCWF-vcA,SQ.OQeFEy4Y9B9Ul3Lyh-5tE74hhxF5S5pJ,NW_003315955.1,refseq_accession,NW_003315955.1
XJWKh8nsSqBFfcU0DIHMZohYyCWF-vcA,SQ.OQeFEy4Y9B9Ul3Lyh-5tE74hhxF5S5pJ,HSCHR17_3_CTG4,seqcol_name,
XJWKh8nsSqBFfcU0DIHMZohYyCWF-vcA,SQ.OR1Odpym5wWBIqE7_OJ5yysONTIFON54,JH591182.1,genbank_accession,JH591182.1
XJWKh8nsSqBFfcU0DIHMZohYyCWF-vcA,SQ.OR1Odpym5wWBIqE7_OJ5yysONTIFON54,NW_003871069.1,refseq_accession,NW_003871069.1
XJWKh8nsSqBFfcU0DIHMZohYyCWF-vcA,SQ.OR1Odpym5wWBIqE7_OJ5yysONTIFON54,HG311_PATCH,seqcol_name,
XJWKh8nsSqBFfcU0DIHMZohYyCWF-vcA,SQ.OR93_gJn6V8muXmPfTveyfPPzDs8EK45,GL877873.1,genbank_accession,GL877873.1
XJWKh8nsSqBFfcU0DIHMZohYyCWF-vcA,SQ.OR93_gJn6V8muXmPfTveyfPPzDs8EK45,NW_003571043.1,refseq_accession,NW_003571043.1
XJWKh8nsSqBFfcU0DIHMZohYyCWF-vcA,SQ.OR93_gJn6V8muXmPfTveyfPPzDs8EK45,HG905_PATCH,seqcol_name,
XJWKh8nsSqBFfcU0DIHMZohYyCWF-vcA,SQ.OYD_B_tg1ilN4qmMhHMvRUeF_A1SiBFz,JH159136.1,genbank_accession,JH159136.1
XJWKh8nsSqBFfcU0DIHMZohYyCWF-vcA,SQ.OYD_B_tg1ilN4qmMhHMvRUeF_A1SiBFz,NW_003871073.1,refseq_accession,NW_003871073.1
XJWKh8nsSqBFfcU0DIHMZohYyCWF-vcA,SQ.OYD_B_tg1ilN4qmMhHMvRUeF_A1SiBFz,HG142_HG150_NOVEL_TEST,seqcol_name,
XJWKh8nsSqBFfcU0DIHMZohYyCWF-vcA,SQ.OZtXLFtnb_IngRA_3wo74PtIfGN9zU-j,GL383540.1,genbank_accession,GL383540.1
XJWKh8nsSqBFfcU0DIHMZohYyCWF-vcA,SQ.OZtXLFtnb_IngRA_3wo74PtIfGN9zU-j,NW_003315929.1,refseq_accession,NW_003315929.1
XJWKh8nsSqBFfcU0DIHMZohYyCWF-vcA,SQ.OZtXLFtnb_IngRA_3wo74PtIfGN9zU-j,HSCHR9_1_CTG35,seqcol_name,
XJWKh8nsSqBFfcU0DIHMZohYyCWF-vcA,SQ.OksgIOusUef0rdKcDyt0NB9MkqaaAVj0,GL383528.1,genbank_accession,GL383528.1
XJWKh8nsSqBFfcU0DIHMZohYyCWF-vcA,SQ.OksgIOusUef0rdKcDyt0NB9MkqaaAVj0,NW_003315915.1,refseq_accession,NW_003315915.1
XJWKh8nsSqBFfcU0DIHMZohYyCWF-vcA,SQ.OksgIOusUef0rdKcDyt0NB9MkqaaAVj0,HSCHR4_1_CTG6,seqcol_name,
XJWKh8nsSqBFfcU0DIHMZohYyCWF-vcA,SQ.P43wBBDjAn9kCSorDxqSIGhfY9tUUgo0,JH806593.1,genbank_accession,JH806593.1
XJWKh8nsSqBFfcU0DIHMZohYyCWF-vcA,SQ.P43wBBDjAn9kCSorDxqSIGhfY9tUUgo0,NW_004070883.1,refseq_accession,NW_004070883.1
XJWKh8nsSqBFfcU0DIHMZohYyCWF-vcA,SQ.P43wBBDjAn9kCSorDxqSIGhfY9tUUgo0,HG1439_PATCH,seqcol_name,
XJWKh8nsSqBFfcU0DIHMZohYyCWF-vcA,SQ.PAGa3Ek55XVwfClQ2A6PVAIJtl565JYa,GL949750.1,genbank_accession,GL949750.1
XJWKh8nsSqBFfcU0DIHMZohYyCWF-vcA,SQ.PAGa3Ek55XVwfClQ2A6PVAIJtl565JYa,NW_003571058.1,refseq_accession,NW_003571058.1
XJWKh8nsSqBFfcU0DIHMZohYyCWF-vcA,SQ.PAGa3Ek55XVwfClQ2A6PVAIJtl565JYa,HSCHR19LRC_LRC_S_CTG1,seqcol_name,
XJWKh8nsSqBFfcU0DIHMZohYyCWF-vcA,SQ.PED4eU6aiTLsufXivhyWGjbU486sfgsT,GL000220.1,genbank_accession,GL000220.1
XJWKh8nsSqBFfcU0DIHMZohYyCWF-vcA,SQ.PED4eU6aiTLsufXivhyWGjbU486sfgsT,NT_167214.1,refseq_accession,NT_167214.1
XJWKh8nsSqBFfcU0DIHMZohYyCWF-vcA,SQ.PED4eU6aiTLsufXivhyWGjbU486sfgsT,HSCHRUN_RANDOM_CTG11,seqcol_name,
XJWKh8nsSqBFfcU0DIHMZohYyCWF-vcA,SQ.PED4eU6aiTLsufXivhyWGjbU486sfgsT,chrUn_gl000220,ucsc,
XJWKh8nsSqBFfcU0DIHMZohYyCWF-vcA,SQ.PLxmtQKhOmeskBBsLNIn1R4HJ72SGkPJ,GL582969.1,genbank_accession,GL582969.1
XJWKh8nsSqBFfcU0DIHMZohYyCWF-vcA,SQ.PLxmtQKhOmeskBBsLNIn1R4HJ72SGkPJ,NW_003571038.1,refseq_accession,NW_003571038.1
XJWKh8nsSqBFfcU0DIHMZohYyCWF-vcA,SQ.PLxmtQKhOmeskBBsLNIn1R4HJ72SGkPJ,HG14_PATCH,seqcol_name,
XJWKh8nsSqBFfcU0DIHMZohYyCWF-vcA,SQ.PZYl7DEKtgH9B4KBRqe1D_Z2XbZmqRfB,GL383527.1,genbank_accession,GL383527.1
XJWKh8nsSqBFfcU0DIHMZohYyCWF-vcA,SQ.PZYl7DEKtgH9B4KBRqe1D_Z2XbZmqRfB,NW_003315914.1,refseq_accession,NW_003315914.1
XJWKh8nsSqBFfcU0DIHMZohYyCWF-vcA,SQ.PZYl7DEKtgH9B4KBRqe1D_Z2XbZmqRfB,HSCHR4_1_CTG12,seqcol_name,
XJWKh8nsSqBFfcU0DIHMZohYyCWF-vcA,SQ.Pa-WHi40R5v5O6fTx4sCNSft0jPu1UNj,GL582975.1,genbank_accession,GL582975.1
XJWKh8nsSqBFfcU0DIHMZohYyCWF-vcA,SQ.Pa-WHi40R5v5O6fTx4sCNSft0jPu1UNj,NW_003571051.1,refseq_accession,NW_003571051.1
XJWKh8nsSqBFfcU0DIHMZohYyCWF-vcA,SQ.Pa-WHi40R5v5O6fTx4sCNSft0jPu1UNj,HG531_PATCH,seqcol_name,
XJWKh8nsSqBFfcU0DIHMZohYyCWF-vcA,SQ.PicBvCAbnUSFqhnuDDn_cXIthleuDjzO,GL383564.1,genbank_accession,GL383564.1
XJWKh8nsSqBFfcU0DIHMZohYyCWF-vcA,SQ.PicBvCAbnUSFqhnuDDn_cXIthleuDjzO,NW_003315953.1,refseq_accession,NW_003315953.1
XJWKh8nsSqBFfcU0DIHMZohYyCWF-vcA,SQ.PicBvCAbnUSFqhnuDDn_cXIthleuDjzO,HSCHR17_1_CTG4,seqcol_name,
XJWKh8nsSqBFfcU0DIHMZohYyCWF-vcA,SQ.QB_zaWLSQnvSbU6xS1Fo7ULJ68yPbqxo,GL582970.1,genbank_accession,GL582970.1
XJWKh8nsSqBFfcU0DIHMZohYyCWF-vcA,SQ.QB_zaWLSQnvSbU6xS1Fo7ULJ68yPbqxo,NW_003571039.1,refseq_accession,NW_003571039.1
XJWKh8nsSqBFfcU0DIHMZohYyCWF-vcA,SQ.QB_zaWLSQnvSbU6xS1Fo7ULJ68yPbqxo,HG736_PATCH,seqcol_name,
XJWKh8nsSqBFfcU0DIHMZohYyCWF-vcA,SQ.QdTT6dkTK-BiF9fSf4WNxYgT32IpMFeD,GL000204.1,genbank_accession,GL000204.1
XJWKh8nsSqBFfcU0DIHMZohYyCWF-vcA,SQ.QdTT6dkTK-BiF9fSf4WNxYgT32IpMFeD,NT_113943.1,refseq_accession,NT_113943.1
XJWKh8nsSqBFfcU0DIHMZohYyCWF-vcA,SQ.QdTT6dkTK-BiF9fSf4WNxYgT32IpMFeD,HSCHR17_RANDOM_CTG2,seqcol_name,
XJWKh8nsSqBFfcU0DIHMZohYyCWF-vcA,SQ.QdTT6dkTK-BiF9fSf4WNxYgT32IpMFeD,chr17_gl000204_random,ucsc,
XJWKh8nsSqBFfcU0DIHMZohYyCWF-vcA,SQ.Qmg0fzIrKNmbX_QaMvYDZ34Nvzac7d0J,GL383539.1,genbank_accession,GL383539.1
XJWKh8nsSqBFfcU0DIHMZohYyCWF-vcA,SQ.Qmg0fzIrKNmbX_QaMvYDZ34Nvzac7d0J,NW_003315928.1,refseq_accession,NW_003315928.1
XJWKh8nsSqBFfcU0DIHMZohYyCWF-vcA,SQ.Qmg0fzIrKNmbX_QaMvYDZ34Nvzac7d0J,HSCHR9_1_CTG1,seqcol_name,
XJWKh8nsSqBFfcU0DIHMZohYyCWF-vcA,SQ.Qn00c2PXYdwLY8xGKs-OI2QNv8IcsLya,GL582974.1,genbank_accession,GL582974.1
XJWKh8nsSqBFfcU0DIHMZohYyCWF-vcA,SQ.Qn00c2PXYdwLY8xGKs-OI2QNv8IcsLya,NW_003571048.1,refseq_accession,NW_003571048.1
XJWKh8nsSqBFfcU0DIHMZohYyCWF-vcA,SQ.Qn00c2PXYdwLY8xGKs-OI2QNv8IcsLya,HG858_PATCH,seqcol_name,
XJWKh8nsSqBFfcU0DIHMZohYyCWF-vcA,SQ.QoCrGR87hLr2U9dy71eeQbjFmIBbUMFS,JH806598.1,genbank_accession,JH806598.1
XJWKh8nsSqBFfcU0DIHMZohYyCWF-vcA,SQ.QoCrGR87hLr2U9dy71eeQbjFmIBbUMFS,NW_004070888.1,refseq_accession,NW_004070888.1
XJWKh8nsSqBFfcU0DIHMZohYyCWF-vcA,SQ.QoCrGR87hLr2U9dy71eeQbjFmIBbUMFS,HG1453_PATCH,seqcol_name,
XJWKh8nsSqBFfcU0DIHMZohYyCWF-vcA,SQ.RFspaz8KuZeAjhg97VcWrvIm1YNWTE5T,JH806584.1,genbank_accession,JH806584.1
XJWKh8nsSqBFfcU0DIHMZohYyCWF-vcA,SQ.RFspaz8KuZeAjhg97VcWrvIm1YNWTE5T,NW_004070874.1,refseq_accession,NW_004070874.1
XJWKh8nsSqBFfcU0DIHMZohYyCWF-vcA,SQ.RFspaz8KuZeAjhg97VcWrvIm1YNWTE5T,HG1487_PATCH,seqcol_name,
XJWKh8nsSqBFfcU0DIHMZohYyCWF-vcA,SQ.RI8YcAlEnHAQxAsHhTVKm6JYJkZZQLXv,GL582979.2,genbank_accession,GL582979.2
XJWKh8nsSqBFfcU0DIHMZohYyCWF-vcA,SQ.RI8YcAlEnHAQxAsHhTVKm6JYJkZZQLXv,NW_003571063.2,refseq_accession,NW_003571063.2
XJWKh8nsSqBFfcU0DIHMZohYyCWF-vcA,SQ.RI8YcAlEnHAQxAsHhTVKm6JYJkZZQLXv,HG506_HG507_HG1000_PATCH,seqcol_name,
XJWKh8nsSqBFfcU0DIHMZohYyCWF-vcA,SQ.RNzX11H890dfkdlWjyXaUlSxj6LKv_bp,GL000236.1,genbank_accession,GL000236.1
XJWKh8nsSqBFfcU0DIHMZohYyCWF-vcA,SQ.RNzX11H890dfkdlWjyXaUlSxj6LKv_bp,NT_167230.1,refseq_accession,NT_167230.1
XJWKh8nsSqBFfcU0DIHMZohYyCWF-vcA,SQ.RNzX11H890dfkdlWjyXaUlSxj6LKv_bp,HSCHRUN_RANDOM_CTG29,seqcol_name,
XJWKh8nsSqBFfcU0DIHMZohYyCWF-vcA,SQ.RNzX11H890dfkdlWjyXaUlSxj6LKv_bp,chrUn_gl000236,ucsc,
XJWKh8nsSqBFfcU0DIHMZohYyCWF-vcA,SQ.RTZguWq8pXb7TU5HcvH7YTN7eWEU8kR2,GL000212.1,genbank_accession,GL000212.1
XJWKh8nsSqBFfcU0DIHMZohYyCWF-vcA,SQ.RTZguWq8pXb7TU5HcvH7YTN7eWEU8kR2,NT_113923.1,refseq_accession,NT_113923.1
XJWKh8nsSqBFfcU0DIHMZohYyCWF-vcA,SQ.RTZguWq8pXb7TU5HcvH7YTN7eWEU8kR2,HSCHRUN_RANDOM_CTG2,seqcol_name,
XJWKh8nsSqBFfcU0DIHMZohYyCWF-vcA,SQ.RTZguWq8pXb7TU5HcvH7YTN7eWEU8kR2,chrUn_gl000212,ucsc,
XJWKh8nsSqBFfcU0DIHMZohYyCWF-vcA,SQ.R_21atTkM2V4WyOFLQ8p74B6bfH07ZOs,GL949746.1,genbank_accession,GL949746.1
XJWKh8nsSqBFfcU0DIHMZohYyCWF-vcA,SQ.R_21atTkM2V4WyOFLQ8p74B6bfH07ZOs,NW_003571054.1,refseq_accession,NW_003571054.1
XJWKh8nsSqBFfcU0DIHMZohYyCWF-vcA,SQ.R_21atTkM2V4WyOFLQ8p74B6bfH07ZOs,HSCHR19LRC_COX1_CTG1,seqcol_name,
XJWKh8nsSqBFfcU0DIHMZohYyCWF-vcA,SQ.R__E8KtK1gr4H-YpppnYHl1_G0kSNytU,KB663604.1,genbank_accession,KB663604.1
XJWKh8nsSqBFfcU0DIHMZohYyCWF-vcA,SQ.R__E8KtK1gr4H-YpppnYHl1_G0kSNytU,NW_004504300.1,refseq_accession,NW_004504300.1
XJWKh8nsSqBFfcU0DIHMZohYyCWF-vcA,SQ.R__E8KtK1gr4H-YpppnYHl1_G0kSNytU,HG357_PATCH,seqcol_name,
XJWKh8nsSqBFfcU0DIHMZohYyCWF-vcA,SQ.R_hppUEtKijn0V73Hqu0lou2oQtPo-ux,GL383572.1,genbank_accession,GL383572.1
XJWKh8nsSqBFfcU0DIHMZohYyCWF-vcA,SQ.R_hppUEtKijn0V73Hqu0lou2oQtPo-ux,NW_003315961.1,refseq_accession,NW_003315961.1
XJWKh8nsSqBFfcU0DIHMZohYyCWF-vcA,SQ.R_hppUEtKijn0V73Hqu0lou2oQtPo-ux,HSCHR18_2_CTG2_1,seqcol_name,
XJWKh8nsSqBFfcU0DIHMZohYyCWF-vcA,SQ.SOVDMTYGIxAemENYORhBIKG1UtMN-Cxx,GL949742.1,genbank_accession,GL949742.1
XJWKh8nsSqBFfcU0DIHMZohYyCWF-vcA,SQ.SOVDMTYGIxAemENYORhBIKG1UtMN-Cxx,NW_003571036.1,refseq_accession,NW_003571036.1
XJWKh8nsSqBFfcU0DIHMZohYyCWF-vcA,SQ.SOVDMTYGIxAemENYORhBIKG1UtMN-Cxx,HSCHR5_3_CTG1,seqcol_name,
XJWKh8nsSqBFfcU0DIHMZohYyCWF-vcA,SQ.SQvGwTlxHEf9a3bBWF-mR1kNVBrQnnh6,JH159149.1,genbank_accession,JH159149.1
XJWKh8nsSqBFfcU0DIHMZohYyCWF-vcA,SQ.SQvGwTlxHEf9a3bBWF-mR1kNVBrQnnh6,NW_003871094.1,refseq_accession,NW_003871094.1
XJWKh8nsSqBFfcU0DIHMZohYyCWF-vcA,SQ.SQvGwTlxHEf9a3bBWF-mR1kNVBrQnnh6,HG729_PATCH,seqcol_name,
XJWKh8nsSqBFfcU0DIHMZohYyCWF-vcA,SQ.S_KjnFVz-FE7M0W6yoaUDgYxLPc1jyWU,CM000663.1,genbank_accession,CM000663.1
XJWKh8nsSqBFfcU0DIHMZohYyCWF-vcA,SQ.S_KjnFVz-FE7M0W6yoaUDgYxLPc1jyWU,NC_000001.10,refseq_accession,NC_000001.10
XJWKh8nsSqBFfcU0DIHMZohYyCWF-vcA,SQ.S_KjnFVz-FE7M0W6yoaUDgYxLPc1jyWU,1,seqcol_name,
XJWKh8nsSqBFfcU0DIHMZohYyCWF-vcA,SQ.S_KjnFVz-FE7M0W6yoaUDgYxLPc1jyWU,chr1,ucsc,
XJWKh8nsSqBFfcU0DIHMZohYyCWF-vcA,SQ.T31BYNzoDjFnMrDTuMwzngMbtf2xFKME,KE332495.1,genbank_accession,KE332495.1
XJWKh8nsSqBFfcU0DIHMZohYyCWF-vcA,SQ.T31BYNzoDjFnMrDTuMwzngMbtf2xFKME,NW_004775426.1,refseq_accession,NW_004775426.1
XJWKh8nsSqBFfcU0DIHMZohYyCWF-vcA,SQ.T31BYNzoDjFnMrDTuMwzngMbtf2xFKME,HG957_PATCH,seqcol_name,
XJWKh8nsSqBFfcU0DIHMZohYyCWF-vcA,SQ.T36nv1_QK6P6veHQRyfl5sdsUBut08h9,JH636059.1,genbank_accession,JH636059.1
XJWKh8nsSqBFfcU0DIHMZohYyCWF-vcA,SQ.T36nv1_QK6P6veHQRyfl5sdsUBut08h9,NW_003871067.1,refseq_accession,NW_003871067.1
XJWKh8nsSqBFfcU0DIHMZohYyCWF-vcA,SQ.T36nv1_QK6P6veHQRyfl5sdsUBut08h9,HG962_PATCH,seqcol_name,
XJWKh8nsSqBFfcU0DIHMZohYyCWF-vcA,SQ.TTjImcojLEHYhERdMFZ8R0JGRPnw5Vic,KE332498.1,genbank_accession,KE332498.1
XJWKh8nsSqBFfcU0DIHMZohYyCWF-vcA,SQ.TTjImcojLEHYhERdMFZ8R0JGRPnw5Vic,NW_004775429.1,refseq_accession,NW_004775429.1
XJWKh8nsSqBFfcU0DIHMZohYyCWF-vcA,SQ.TTjImcojLEHYhERdMFZ8R0JGRPnw5Vic,HG193_PATCH,seqcol_name,
XJWKh8nsSqBFfcU0DIHMZohYyCWF-vcA,SQ.TiBSRh_dGfiWea48SOQEhMsNzy0LnzaK,GL000246.1,genbank_accession,GL000246.1
XJWKh8nsSqBFfcU0DIHMZohYyCWF-vcA,SQ.TiBSRh_dGfiWea48SOQEhMsNzy0LnzaK,NT_167240.1,refseq_accession,NT_167240.1
XJWKh8nsSqBFfcU0DIHMZohYyCWF-vcA,SQ.TiBSRh_dGfiWea48SOQEhMsNzy0LnzaK,HSCHRUN_RANDOM_CTG39,seqcol_name,
XJWKh8nsSqBFfcU0DIHMZohYyCWF-vcA,SQ.TiBSRh_dGfiWea48SOQEhMsNzy0LnzaK,chrUn_gl000246,ucsc,
XJWKh8nsSqBFfcU0DIHMZohYyCWF-vcA,SQ.TjaDttIx1DipzRLLW-WdFssaLVqavk03,JH806596.1,genbank_accession,JH806596.1
XJWKh8nsSqBFfcU0DIHMZohYyCWF-vcA,SQ.TjaDttIx1DipzRLLW-WdFssaLVqavk03,NW_004070886.1,refseq_accession,NW_004070886.1
XJWKh8nsSqBFfcU0DIHMZohYyCWF-vcA,SQ.TjaDttIx1DipzRLLW-WdFssaLVqavk03,HG1442_PATCH,seqcol_name,
XJWKh8nsSqBFfcU0DIHMZohYyCWF-vcA,SQ.TxEuEgmPMcvVFDXc_oLpcZOw5taF2J6g,GL877872.1,genbank_accession,GL877872.1
XJWKh8nsSqBFfcU0DIHMZohYyCWF-vcA,SQ.TxEuEgmPMcvVFDXc_oLpcZOw5taF2J6g,NW_003571034.1,refseq_accession,NW_003571034.1
XJWKh8nsSqBFfcU0DIHMZohYyCWF-vcA,SQ.TxEuEgmPMcvVFDXc_oLpcZOw5taF2J6g,HG1032_PATCH,seqcol_name,
XJWKh8nsSqBFfcU0DIHMZohYyCWF-vcA,SQ.Ty1MZgCXzlCF81bA1yojF4tQL3zpP-61,GL383521.1,genbank_accession,GL383521.1
XJWKh8nsSqBFfcU0DIHMZohYyCWF-vcA,SQ.Ty1MZgCXzlCF81bA1yojF4tQL3zpP-61,NW_003315908.1,refseq_accession,NW_003315908.1
XJWKh8nsSqBFfcU0DIHMZohYyCWF-vcA,SQ.Ty1MZgCXzlCF81bA1yojF4tQL3zpP-61,HSCHR2_1_CTG1,seqcol_name,
XJWKh8nsSqBFfcU0DIHMZohYyCWF-vcA,SQ.UNOrkSBQB-cjLTZJmzje0Ha00wta0zNH,GL383560.1,genbank_accession,GL383560.1
XJWKh8nsSqBFfcU0DIHMZohYyCWF-vcA,SQ.UNOrkSBQB-cjLTZJmzje0Ha00wta0zNH,NW_003315949.1,refseq_accession,NW_003315949.1
XJWKh8nsSqBFfcU0DIHMZohYyCWF-vcA,SQ.UNOrkSBQB-cjLTZJmzje0Ha00wta0zNH,HG75_PATCH,seqcol_name,
XJWKh8nsSqBFfcU0DIHMZohYyCWF-vcA,SQ.UQf4P8h55Z6EdK5tczmAACezbKN5QQev,GL383530.1,genbank_accession,GL383530.1
XJWKh8nsSqBFfcU0DIHMZohYyCWF-vcA,SQ.UQf4P8h55Z6EdK5tczmAACezbKN5QQev,NW_003315918.1,refseq_accession,NW_003315918.1
XJWKh8nsSqBFfcU0DIHMZohYyCWF-vcA,SQ.UQf4P8h55Z6EdK5tczmAACezbKN5QQev,HSCHR5_1_CTG2,seqcol_name,
XJWKh8nsSqBFfcU0DIHMZohYyCWF-vcA,SQ.Un1GYUcihKIkQud_HM0sq17zRauqOTIc,KB021644.1,genbank_accession,KB021644.1
XJWKh8nsSqBFfcU0DIHMZohYyCWF-vcA,SQ.Un1GYUcihKIkQud_HM0sq17zRauqOTIc,NW_004166862.1,refseq_accession,NW_004166862.1
XJWKh8nsSqBFfcU0DIHMZohYyCWF-vcA,SQ.Un1GYUcihKIkQud_HM0sq17zRauqOTIc,HSCHR6_2_CTG5,seqcol_name,
XJWKh8nsSqBFfcU0DIHMZohYyCWF-vcA,SQ.Uy4MQ3An2cGbwvHghzWyQw6U0DWdpZsD,GL000254.1,genbank_accession,GL000254.1
XJWKh8nsSqBFfcU0DIHMZohYyCWF-vcA,SQ.Uy4MQ3An2cGbwvHghzWyQw6U0DWdpZsD,NT_167247.1,refseq_accession,NT_167247.1
XJWKh8nsSqBFfcU0DIHMZohYyCWF-vcA,SQ.Uy4MQ3An2cGbwvHghzWyQw6U0DWdpZsD,HSCHR6_MHC_MCF_CTG1,seqcol_name,
XJWKh8nsSqBFfcU0DIHMZohYyCWF-vcA,SQ.Uy4MQ3An2cGbwvHghzWyQw6U0DWdpZsD,chr6_mcf_hap5,ucsc,
XJWKh8nsSqBFfcU0DIHMZohYyCWF-vcA,SQ.V0CMtzYdkge7BgW5bmxhi0jlzyvuRY0L,GL383522.1,genbank_accession,GL383522.1
XJWKh8nsSqBFfcU0DIHMZohYyCWF-vcA,SQ.V0CMtzYdkge7BgW5bmxhi0jlzyvuRY0L,NW_003315909.1,refseq_accession,NW_003315909.1
XJWKh8nsSqBFfcU0DIHMZohYyCWF-vcA,SQ.V0CMtzYdkge7BgW5bmxhi0jlzyvuRY0L,HSCHR2_1_CTG12,seqcol_name,
XJWKh8nsSqBFfcU0DIHMZohYyCWF-vcA,SQ.VF0_IQ8IoEByFDFjRFURqNnrcjId2V-U,JH159135.2,genbank_accession,JH159135.2
XJWKh8nsSqBFfcU0DIHMZohYyCWF-vcA,SQ.VF0_IQ8IoEByFDFjRFURqNnrcjId2V-U,NW_003871066.2,refseq_accession,NW_003871066.2
XJWKh8nsSqBFfcU0DIHMZohYyCWF-vcA,SQ.VF0_IQ8IoEByFDFjRFURqNnrcjId2V-U,HG418_PATCH,seqcol_name,
XJWKh8nsSqBFfcU0DIHMZohYyCWF-vcA,SQ.VNBualIltAyi2AI_uXcKU7M9XUOuA7MS,CM000665.1,genbank_accession,CM000665.1
XJWKh8nsSqBFfcU0DIHMZohYyCWF-vcA,SQ.VNBualIltAyi2AI_uXcKU7M9XUOuA7MS,NC_000003.11,refseq_accession,NC_000003.11
XJWKh8nsSqBFfcU0DIHMZohYyCWF-vcA,SQ.VNBualIltAyi2AI_uXcKU7M9XUOuA7MS,3,seqcol_name,
XJWKh8nsSqBFfcU0DIHMZohYyCWF-vcA,SQ.VNBualIltAyi2AI_uXcKU7M9XUOuA7MS,chr3,ucsc,
XJWKh8nsSqBFfcU0DIHMZohYyCWF-vcA,SQ.Vsty5A8LDaO_gs6s9tUC5wsBgTopvI8J,GL582976.1,genbank_accession,GL582976.1
XJWKh8nsSqBFfcU0DIHMZohYyCWF-vcA,SQ.Vsty5A8LDaO_gs6s9tUC5wsBgTopvI8J,NW_003571052.1,refseq_accession,NW_003571052.1
XJWKh8nsSqBFfcU0DIHMZohYyCWF-vcA,SQ.Vsty5A8LDaO_gs6s9tUC5wsBgTopvI8J,HG185_PATCH,seqcol_name,
XJWKh8nsSqBFfcU0DIHMZohYyCWF-vcA,SQ.W2U0LNWky9tgPEcAKkeNu9nNMx_3JqRx,JH159148.1,genbank_accession,JH159148.1
XJWKh8nsSqBFfcU0DIHMZohYyCWF-vcA,SQ.W2U0LNWky9tgPEcAKkeNu9nNMx_3JqRx,NW_003871093.1,refseq_accession,NW_003871093.1
XJWKh8nsSqBFfcU0DIHMZohYyCWF-vcA,SQ.W2U0LNWky9tgPEcAKkeNu9nNMx_3JqRx,HSCHR17_6_CTG4,seqcol_name,
XJWKh8nsSqBFfcU0DIHMZohYyCWF-vcA,SQ.W6wLoIFOn4G7cjopxPxYNk2lcEqhLQFb,CM000678.1,genbank_accession,CM000678.1
XJWKh8nsSqBFfcU0DIHMZohYyCWF-vcA,SQ.W6wLoIFOn4G7cjopxPxYNk2lcEqhLQFb,NC_000016.9,refseq_accession,NC_000016.9
XJWKh8nsSqBFfcU0DIHMZohYyCWF-vcA,SQ.W6wLoIFOn4G7cjopxPxYNk2lcEqhLQFb,16,seqcol_name,
XJWKh8nsSqBFfcU0DIHMZohYyCWF-vcA,SQ.W6wLoIFOn4G7cjopxPxYNk2lcEqhLQFb,chr16,ucsc,
XJWKh8nsSqBFfcU0DIHMZohYyCWF-vcA,SQ.WZ2V7XH5Df3cPLfYeZbc2G2Tl2-h0hsF,KB663606.1,genbank_accession,KB663606.1
XJWKh8nsSqBFfcU0DIHMZohYyCWF-vcA,SQ.WZ2V7XH5Df3cPLfYeZbc2G2Tl2-h0hsF,NW_004504302.1,refseq_accession,NW_004504302.1
XJWKh8nsSqBFfcU0DIHMZohYyCWF-vcA,SQ.WZ2V7XH5Df3cPLfYeZbc2G2Tl2-h0hsF,HG1074_PATCH,seqcol_name,
XJWKh8nsSqBFfcU0DIHMZohYyCWF-vcA,SQ.Wczr0fr52D0g46F3glnGBbMaYof04RBg,JH159147.1,genbank_accession,JH159147.1
XJWKh8nsSqBFfcU0DIHMZohYyCWF-vcA,SQ.Wczr0fr52D0g46F3glnGBbMaYof04RBg,NW_003871092.1,refseq_accession,NW_003871092.1
XJWKh8nsSqBFfcU0DIHMZohYyCWF-vcA,SQ.Wczr0fr52D0g46F3glnGBbMaYof04RBg,HSCHR17_5_CTG4,seqcol_name,
XJWKh8nsSqBFfcU0DIHMZohYyCWF-vcA,SQ.WurmRgXgFkbY6-Z7A3A4O_CbjPhqSlos,GL582973.1,genbank_accession,GL582973.1
XJWKh8nsSqBFfcU0DIHMZohYyCWF-vcA,SQ.WurmRgXgFkbY6-Z7A3A4O_CbjPhqSlos,NW_003571045.1,refseq_accession,NW_003571045.1
XJWKh8nsSqBFfcU0DIHMZohYyCWF-vcA,SQ.WurmRgXgFkbY6-Z7A3A4O_CbjPhqSlos,HG281_PATCH,seqcol_name,
XJWKh8nsSqBFfcU0DIHMZohYyCWF-vcA,SQ.WwopSwSOxBxmVLoVEgWOsRGqgz9O9IEg,JH159139.1,genbank_accession,JH159139.1
XJWKh8nsSqBFfcU0DIHMZohYyCWF-vcA,SQ.WwopSwSOxBxmVLoVEgWOsRGqgz9O9IEg,NW_003871077.1,refseq_accession,NW_003871077.1
XJWKh8nsSqBFfcU0DIHMZohYyCWF-vcA,SQ.WwopSwSOxBxmVLoVEgWOsRGqgz9O9IEg,HG305_PATCH,seqcol_name,
XJWKh8nsSqBFfcU0DIHMZohYyCWF-vcA,SQ.WyYCLC4VxJvbBz2b_wBWF5BdQotiUVdB,GL000194.1,genbank_accession,GL000194.1
XJWKh8nsSqBFfcU0DIHMZohYyCWF-vcA,SQ.WyYCLC4VxJvbBz2b_wBWF5BdQotiUVdB,NT_113888.1,refseq_accession,NT_113888.1
XJWKh8nsSqBFfcU0DIHMZohYyCWF-vcA,SQ.WyYCLC4VxJvbBz2b_wBWF5BdQotiUVdB,HSCHR4_RANDOM_CTG3,seqcol_name,
XJWKh8nsSqBFfcU0DIHMZohYyCWF-vcA,SQ.WyYCLC4VxJvbBz2b_wBWF5BdQotiUVdB,chr4_gl000194_random,ucsc,
XJWKh8nsSqBFfcU0DIHMZohYyCWF-vcA,SQ.XKRBzsLxpYOK2QERzjp3eUwEL4VsPrSX,JH159142.2,genbank_accession,JH159142.2
XJWKh8nsSqBFfcU0DIHMZohYyCWF-vcA,SQ.XKRBzsLxpYOK2QERzjp3eUwEL4VsPrSX,NW_003871080.1,refseq_accession,NW_003871080.1
XJWKh8nsSqBFfcU0DIHMZohYyCWF-vcA,SQ.XKRBzsLxpYOK2QERzjp3eUwEL4VsPrSX,HG388_HG400_PATCH,seqcol_name,
XJWKh8nsSqBFfcU0DIHMZohYyCWF-vcA,SQ.XKeFO_ksB66EVSh2uK6vlkxZ6iUBuK9e,GL383553.2,genbank_accession,GL383553.2
XJWKh8nsSqBFfcU0DIHMZohYyCWF-vcA,SQ.XKeFO_ksB66EVSh2uK6vlkxZ6iUBuK9e,NW_003315942.2,refseq_accession,NW_003315942.2
XJWKh8nsSqBFfcU0DIHMZohYyCWF-vcA,SQ.XKeFO_ksB66EVSh2uK6vlkxZ6iUBuK9e,HSCHR12_3_CTG2_1,seqcol_name,
XJWKh8nsSqBFfcU0DIHMZohYyCWF-vcA,SQ.XOgHwwR3Upfp5sZYk6ZKzvV25a4RBVu8,CM000684.1,genbank_accession,CM000684.1
XJWKh8nsSqBFfcU0DIHMZohYyCWF-vcA,SQ.XOgHwwR3Upfp5sZYk6ZKzvV25a4RBVu8,NC_000022.10,refseq_accession,NC_000022.10
XJWKh8nsSqBFfcU0DIHMZohYyCWF-vcA,SQ.XOgHwwR3Upfp5sZYk6ZKzvV25a4RBVu8,22,seqcol_name,
XJWKh8nsSqBFfcU0DIHMZohYyCWF-vcA,SQ.XOgHwwR3Upfp5sZYk6ZKzvV25a4RBVu8,chr22,ucsc,
XJWKh8nsSqBFfcU0DIHMZohYyCWF-vcA,SQ.XXi2_O1ly-CCOi3HP5TypAw7LtC6niFG,CM000673.1,genbank_accession,CM000673.1
XJWKh8nsSqBFfcU0DIHMZohYyCWF-vcA,SQ.XXi2_O1ly-CCOi3HP5TypAw7LtC6niFG,NC_000011.9,refseq_accession,NC_000011.9
XJWKh8nsSqBFfcU0DIHMZohYyCWF-vcA,SQ.XXi2_O1ly-CCOi3HP5TypAw7LtC6niFG,11,seqcol_name,
XJWKh8nsSqBFfcU0DIHMZohYyCWF-vcA,SQ.XXi2_O1ly-CCOi3HP5TypAw7LtC6niFG,chr11,ucsc,
XJWKh8nsSqBFfcU0DIHMZohYyCWF-vcA,SQ.XeUTDccSHrgSVlADeBT0eRKf7T9iNbcE,GL383550.1,genbank_accession,GL383550.1
XJWKh8nsSqBFfcU0DIHMZohYyCWF-vcA,SQ.XeUTDccSHrgSVlADeBT0eRKf7T9iNbcE,NW_003315939.1,refseq_accession,NW_003315939.1
XJWKh8nsSqBFfcU0DIHMZohYyCWF-vcA,SQ.XeUTDccSHrgSVlADeBT0eRKf7T9iNbcE,HSCHR12_1_CTG2_1,seqcol_name,
XJWKh8nsSqBFfcU0DIHMZohYyCWF-vcA,SQ.XpWfvPxOUPGXWxBoxKNQz2tnAbHQTaQO,JH591183.1,genbank_accession,JH591183.1
XJWKh8nsSqBFfcU0DIHMZohYyCWF-vcA,SQ.XpWfvPxOUPGXWxBoxKNQz2tnAbHQTaQO,NW_003871070.1,refseq_accession,NW_003871070.1
XJWKh8nsSqBFfcU0DIHMZohYyCWF-vcA,SQ.XpWfvPxOUPGXWxBoxKNQz2tnAbHQTaQO,HG339_PATCH,seqcol_name,
XJWKh8nsSqBFfcU0DIHMZohYyCWF-vcA,SQ.XwtbTDF51a49lUNo45BeoHoMbY7YaUoq,GL000217.1,genbank_accession,GL000217.1
XJWKh8nsSqBFfcU0DIHMZohYyCWF-vcA,SQ.XwtbTDF51a49lUNo45BeoHoMbY7YaUoq,NT_167212.1,refseq_accession,NT_167212.1
XJWKh8nsSqBFfcU0DIHMZohYyCWF-vcA,SQ.XwtbTDF51a49lUNo45BeoHoMbY7YaUoq,HSCHRUN_RANDOM_CTG7,seqcol_name,
XJWKh8nsSqBFfcU0DIHMZohYyCWF-vcA,SQ.XwtbTDF51a49lUNo45BeoHoMbY7YaUoq,chrUn_gl000217,ucsc,
XJWKh8nsSqBFfcU0DIHMZohYyCWF-vcA,SQ.YPOeiq_9uTtIsMUja9AqKO_NbDm91yuZ,GL000235.1,genbank_accession,GL000235.1
XJWKh8nsSqBFfcU0DIHMZohYyCWF-vcA,SQ.YPOeiq_9uTtIsMUja9AqKO_NbDm91yuZ,NT_167229.1,refseq_accession,NT_167229.1
XJWKh8nsSqBFfcU0DIHMZohYyCWF-vcA,SQ.YPOeiq_9uTtIsMUja9AqKO_NbDm91yuZ,HSCHRUN_RANDOM_CTG28,seqcol_name,
XJWKh8nsSqBFfcU0DIHMZohYyCWF-vcA,SQ.YPOeiq_9uTtIsMUja9AqKO_NbDm91yuZ,chrUn_gl000235,ucsc,
XJWKh8nsSqBFfcU0DIHMZohYyCWF-vcA,SQ.YaOI_5KJtbcZ0VBMd_c-I8BXDhAkN2SK,GL383551.1,genbank_accession,GL383551.1
XJWKh8nsSqBFfcU0DIHMZohYyCWF-vcA,SQ.YaOI_5KJtbcZ0VBMd_c-I8BXDhAkN2SK,NW_003315940.1,refseq_accession,NW_003315940.1
XJWKh8nsSqBFfcU0DIHMZohYyCWF-vcA,SQ.YaOI_5KJtbcZ0VBMd_c-I8BXDhAkN2SK,HSCHR12_1_CTG5,seqcol_name,
XJWKh8nsSqBFfcU0DIHMZohYyCWF-vcA,SQ.YpEMyhzoYs_11s_DfsfaLB8uQo__ffTG,GL383547.1,genbank_accession,GL383547.1
XJWKh8nsSqBFfcU0DIHMZohYyCWF-vcA,SQ.YpEMyhzoYs_11s_DfsfaLB8uQo__ffTG,NW_003315936.1,refseq_accession,NW_003315936.1
XJWKh8nsSqBFfcU0DIHMZohYyCWF-vcA,SQ.YpEMyhzoYs_11s_DfsfaLB8uQo__ffTG,HSCHR11_1_CTG1_1,seqcol_name,
XJWKh8nsSqBFfcU0DIHMZohYyCWF-vcA,SQ.Z51NXkflKbfrM39z43fpzzVDaLHBzUDt,GL582977.2,genbank_accession,GL582977.2
XJWKh8nsSqBFfcU0DIHMZohYyCWF-vcA,SQ.Z51NXkflKbfrM39z43fpzzVDaLHBzUDt,NW_003571053.2,refseq_accession,NW_003571053.2
XJWKh8nsSqBFfcU0DIHMZohYyCWF-vcA,SQ.Z51NXkflKbfrM39z43fpzzVDaLHBzUDt,HG730_PATCH,seqcol_name,
XJWKh8nsSqBFfcU0DIHMZohYyCWF-vcA,SQ.ZO3XajuY2WdIU8H0b3dSx5KYK8m9M82O,GL383534.2,genbank_accession,GL383534.2
XJWKh8nsSqBFfcU0DIHMZohYyCWF-vcA,SQ.ZO3XajuY2WdIU8H0b3dSx5KYK8m9M82O,NW_003315922.2,refseq_accession,NW_003315922.2
XJWKh8nsSqBFfcU0DIHMZohYyCWF-vcA,SQ.ZO3XajuY2WdIU8H0b3dSx5KYK8m9M82O,HSCHR7_1_CTG6,seqcol_name,
XJWKh8nsSqBFfcU0DIHMZohYyCWF-vcA,SQ.ZYJJjBBGlSiWL1A3IO2pElqttFsmWCNr,GL383570.1,genbank_accession,GL383570.1
XJWKh8nsSqBFfcU0DIHMZohYyCWF-vcA,SQ.ZYJJjBBGlSiWL1A3IO2pElqttFsmWCNr,NW_003315959.1,refseq_accession,NW_003315959.1
XJWKh8nsSqBFfcU0DIHMZohYyCWF-vcA,SQ.ZYJJjBBGlSiWL1A3IO2pElqttFsmWCNr,HSCHR18_2_CTG1_1,seqcol_name,
XJWKh8nsSqBFfcU0DIHMZohYyCWF-vcA,SQ.ZbbiRjUQ0E8nFhIRYPhRjHeU3Ps7C_jQ,KE332506.1,genbank_accession,KE332506.1
XJWKh8nsSqBFfcU0DIHMZohYyCWF-vcA,SQ.ZbbiRjUQ0E8nFhIRYPhRjHeU3Ps7C_jQ,NW_004775435.1,refseq_accession,NW_004775435.1
XJWKh8nsSqBFfcU0DIHMZohYyCWF-vcA,SQ.ZbbiRjUQ0E8nFhIRYPhRjHeU3Ps7C_jQ,HG237_PATCH,seqcol_name,
XJWKh8nsSqBFfcU0DIHMZohYyCWF-vcA,SQ._FGFw4esfBumSKW-W0ewtvrRPUjJpTmj,GL000252.1,genbank_accession,GL000252.1
XJWKh8nsSqBFfcU0DIHMZohYyCWF-vcA,SQ._FGFw4esfBumSKW-W0ewtvrRPUjJpTmj,NT_167245.1,refseq_accession,NT_167245.1
XJWKh8nsSqBFfcU0DIHMZohYyCWF-vcA,SQ._FGFw4esfBumSKW-W0ewtvrRPUjJpTmj,HSCHR6_MHC_DBB_CTG1,seqcol_name,
XJWKh8nsSqBFfcU0DIHMZohYyCWF-vcA,SQ._FGFw4esfBumSKW-W0ewtvrRPUjJpTmj,chr6_dbb_hap3,ucsc,
XJWKh8nsSqBFfcU0DIHMZohYyCWF-vcA,SQ._lEIvT8iHL5XGdl6XibP4GC1MeBuoEiD,GL383573.1,genbank_accession,GL383573.1
XJWKh8nsSqBFfcU0DIHMZohYyCWF-vcA,SQ._lEIvT8iHL5XGdl6XibP4GC1MeBuoEiD,NW_003315962.1,refseq_accession,NW_003315962.1
XJWKh8nsSqBFfcU0DIHMZohYyCWF-vcA,SQ._lEIvT8iHL5XGdl6XibP4GC1MeBuoEiD,HSCHR19_1_CTG3,seqcol_name,
XJWKh8nsSqBFfcU0DIHMZohYyCWF-vcA,SQ._mGw7nLU7nsuaIvOQFiVp3JX3npOQrFG,JH720444.2,genbank_accession,JH720444.2
XJWKh8nsSqBFfcU0DIHMZohYyCWF-vcA,SQ._mGw7nLU7nsuaIvOQFiVp3JX3npOQrFG,NW_003871083.2,refseq_accession,NW_003871083.2
XJWKh8nsSqBFfcU0DIHMZohYyCWF-vcA,SQ._mGw7nLU7nsuaIvOQFiVp3JX3npOQrFG,HG344_PATCH,seqcol_name,
XJWKh8nsSqBFfcU0DIHMZohYyCWF-vcA,SQ.aRccFk90JGe78sHokskst63MtgAXdwVB,JH159140.1,genbank_accession,JH159140.1
XJWKh8nsSqBFfcU0DIHMZohYyCWF-vcA,SQ.aRccFk90JGe78sHokskst63MtgAXdwVB,NW_003871078.1,refseq_accession,NW_003871078.1
XJWKh8nsSqBFfcU0DIHMZohYyCWF-vcA,SQ.aRccFk90JGe78sHokskst63MtgAXdwVB,HG306_PATCH,seqcol_name,
XJWKh8nsSqBFfcU0DIHMZohYyCWF-vcA,SQ.aS6I33pVFc46cWhJAqh9_N6PxBFHM8qT,GL949753.1,genbank_accession,GL949753.1
XJWKh8nsSqBFfcU0DIHMZohYyCWF-vcA,SQ.aS6I33pVFc46cWhJAqh9_N6PxBFHM8qT,NW_003571061.1,refseq_accession,NW_003571061.1
XJWKh8nsSqBFfcU0DIHMZohYyCWF-vcA,SQ.aS6I33pVFc46cWhJAqh9_N6PxBFHM8qT,HSCHR19LRC_PGF2_CTG1,seqcol_name,
XJWKh8nsSqBFfcU0DIHMZohYyCWF-vcA,SQ.aX54PSRCZbj0EVn5QAH4zoO72gsmSTO8,GL000191.1,genbank_accession,GL000191.1
XJWKh8nsSqBFfcU0DIHMZohYyCWF-vcA,SQ.aX54PSRCZbj0EVn5QAH4zoO72gsmSTO8,NT_113878.1,refseq_accession,NT_113878.1
XJWKh8nsSqBFfcU0DIHMZohYyCWF-vcA,SQ.aX54PSRCZbj0EVn5QAH4zoO72gsmSTO8,HSCHR1_RANDOM_CTG5,seqcol_name,
XJWKh8nsSqBFfcU0DIHMZohYyCWF-vcA,SQ.aX54PSRCZbj0EVn5QAH4zoO72gsmSTO8,chr1_gl000191_random,ucsc,
XJWKh8nsSqBFfcU0DIHMZohYyCWF-vcA,SQ.afhL3kN4HLz4xOj8YillpIlEnM6eB_J-,JH806574.2,genbank_accession,JH806574.2
XJWKh8nsSqBFfcU0DIHMZohYyCWF-vcA,SQ.afhL3kN4HLz4xOj8YillpIlEnM6eB_J-,NW_004070864.2,refseq_accession,NW_004070864.2
XJWKh8nsSqBFfcU0DIHMZohYyCWF-vcA,SQ.afhL3kN4HLz4xOj8YillpIlEnM6eB_J-,HG1472_PATCH,seqcol_name,
XJWKh8nsSqBFfcU0DIHMZohYyCWF-vcA,SQ.b5d7dSEHLxpJni97NTBxDyUvjPeOpikI,GL383546.1,genbank_accession,GL383546.1
XJWKh8nsSqBFfcU0DIHMZohYyCWF-vcA,SQ.b5d7dSEHLxpJni97NTBxDyUvjPeOpikI,NW_003315935.1,refseq_accession,NW_003315935.1
XJWKh8nsSqBFfcU0DIHMZohYyCWF-vcA,SQ.b5d7dSEHLxpJni97NTBxDyUvjPeOpikI,HSCHR10_1_CTG5,seqcol_name,
XJWKh8nsSqBFfcU0DIHMZohYyCWF-vcA,SQ.bRYaT5HlTMUTpUWpM4jKan96syvtKX3S,GL383518.1,genbank_accession,GL383518.1
XJWKh8nsSqBFfcU0DIHMZohYyCWF-vcA,SQ.bRYaT5HlTMUTpUWpM4jKan96syvtKX3S,NW_003315905.1,refseq_accession,NW_003315905.1
XJWKh8nsSqBFfcU0DIHMZohYyCWF-vcA,SQ.bRYaT5HlTMUTpUWpM4jKan96syvtKX3S,HSCHR1_1_CTG31,seqcol_name,
XJWKh8nsSqBFfcU0DIHMZohYyCWF-vcA,SQ.be3_RQlT0dXc4jYLkbEiRC6HSl7u1FjF,GL000193.1,genbank_accession,GL000193.1
XJWKh8nsSqBFfcU0DIHMZohYyCWF-vcA,SQ.be3_RQlT0dXc4jYLkbEiRC6HSl7u1FjF,NT_113885.1,refseq_accession,NT_113885.1
XJWKh8nsSqBFfcU0DIHMZohYyCWF-vcA,SQ.be3_RQlT0dXc4jYLkbEiRC6HSl7u1FjF,HSCHR4_RANDOM_CTG2,seqcol_name,
XJWKh8nsSqBFfcU0DIHMZohYyCWF-vcA,SQ.be3_RQlT0dXc4jYLkbEiRC6HSl7u1FjF,chr4_gl000193_random,ucsc,
XJWKh8nsSqBFfcU0DIHMZohYyCWF-vcA,SQ.bqpEPqgc9Ve93Mvt7baCdRylk8GlXmGX,GL383538.1,genbank_accession,GL383538.1
XJWKh8nsSqBFfcU0DIHMZohYyCWF-vcA,SQ.bqpEPqgc9Ve93Mvt7baCdRylk8GlXmGX,NW_003315927.1,refseq_accession,NW_003315927.1
XJWKh8nsSqBFfcU0DIHMZohYyCWF-vcA,SQ.bqpEPqgc9Ve93Mvt7baCdRylk8GlXmGX,HG998_2_PATCH,seqcol_name,
XJWKh8nsSqBFfcU0DIHMZohYyCWF-vcA,SQ.buP2JSI5lAEk8i2XtyuGWf94SwMg13cZ,GL383531.1,genbank_accession,GL383531.1
XJWKh8nsSqBFfcU0DIHMZohYyCWF-vcA,SQ.buP2JSI5lAEk8i2XtyuGWf94SwMg13cZ,NW_003315919.1,refseq_accession,NW_003315919.1
XJWKh8nsSqBFfcU0DIHMZohYyCWF-vcA,SQ.buP2JSI5lAEk8i2XtyuGWf94SwMg13cZ,HSCHR5_1_CTG5,seqcol_name,
XJWKh8nsSqBFfcU0DIHMZohYyCWF-vcA,SQ.c-xC99OasC1IQuwndBYQ9SuQdwXk0NBS,JH806599.1,genbank_accession,JH806599.1
XJWKh8nsSqBFfcU0DIHMZohYyCWF-vcA,SQ.c-xC99OasC1IQuwndBYQ9SuQdwXk0NBS,NW_004070889.1,refseq_accession,NW_004070889.1
XJWKh8nsSqBFfcU0DIHMZohYyCWF-vcA,SQ.c-xC99OasC1IQuwndBYQ9SuQdwXk0NBS,HG1458_PATCH,seqcol_name,
XJWKh8nsSqBFfcU0DIHMZohYyCWF-vcA,SQ.c0eeYicfOKzSW6ofDCvwEBhzlUzBQux0,JH806587.1,genbank_accession,JH806587.1
XJWKh8nsSqBFfcU0DIHMZohYyCWF-vcA,SQ.c0eeYicfOKzSW6ofDCvwEBhzlUzBQux0,NW_004070877.1,refseq_accession,NW_004070877.1
XJWKh8nsSqBFfcU0DIHMZohYyCWF-vcA,SQ.c0eeYicfOKzSW6ofDCvwEBhzlUzBQux0,HG1433_PATCH,seqcol_name,
XJWKh8nsSqBFfcU0DIHMZohYyCWF-vcA,SQ.c4RwKvyuoOY9ze9WWPojiKz6r2znHArq,GL000214.1,genbank_accession,GL000214.1
XJWKh8nsSqBFfcU0DIHMZohYyCWF-vcA,SQ.c4RwKvyuoOY9ze9WWPojiKz6r2znHArq,NT_167209.1,refseq_accession,NT_167209.1
XJWKh8nsSqBFfcU0DIHMZohYyCWF-vcA,SQ.c4RwKvyuoOY9ze9WWPojiKz6r2znHArq,HSCHRUN_RANDOM_CTG4,seqcol_name,
XJWKh8nsSqBFfcU0DIHMZohYyCWF-vcA,SQ.c4RwKvyuoOY9ze9WWPojiKz6r2znHArq,chrUn_gl000214,ucsc,
XJWKh8nsSqBFfcU0DIHMZohYyCWF-vcA,SQ.cPTPJSOxH4cLytgmuI6XhPo3RXiuxwNK,JH806585.1,genbank_accession,JH806585.1
XJWKh8nsSqBFfcU0DIHMZohYyCWF-vcA,SQ.cPTPJSOxH4cLytgmuI6XhPo3RXiuxwNK,NW_004070875.1,refseq_accession,NW_004070875.1
XJWKh8nsSqBFfcU0DIHMZohYyCWF-vcA,SQ.cPTPJSOxH4cLytgmuI6XhPo3RXiuxwNK,HG1488_PATCH,seqcol_name,
XJWKh8nsSqBFfcU0DIHMZohYyCWF-vcA,SQ.cZIw1AhdAmu_gfhlUrlzfHqmF9_wm_wb,GL383523.1,genbank_accession,GL383523.1
XJWKh8nsSqBFfcU0DIHMZohYyCWF-vcA,SQ.cZIw1AhdAmu_gfhlUrlzfHqmF9_wm_wb,NW_003315910.1,refseq_accession,NW_003315910.1
XJWKh8nsSqBFfcU0DIHMZohYyCWF-vcA,SQ.cZIw1AhdAmu_gfhlUrlzfHqmF9_wm_wb,HG186_PATCH,seqcol_name,
XJWKh8nsSqBFfcU0DIHMZohYyCWF-vcA,SQ.cgK4YFKwaKvmAjXsRllLDHKFwkroYs8x,KB663607.2,genbank_accession,KB663607.2
XJWKh8nsSqBFfcU0DIHMZohYyCWF-vcA,SQ.cgK4YFKwaKvmAjXsRllLDHKFwkroYs8x,NW_004504303.2,refseq_accession,NW_004504303.2
XJWKh8nsSqBFfcU0DIHMZohYyCWF-vcA,SQ.cgK4YFKwaKvmAjXsRllLDHKFwkroYs8x,HG1595_PATCH,seqcol_name,
XJWKh8nsSqBFfcU0DIHMZohYyCWF-vcA,SQ.clM4cQc78Opxpec7OgoJPN9UBe6YZb1b,GL383554.1,genbank_accession,GL383554.1
XJWKh8nsSqBFfcU0DIHMZohYyCWF-vcA,SQ.clM4cQc78Opxpec7OgoJPN9UBe6YZb1b,NW_003315943.1,refseq_accession,NW_003315943.1
XJWKh8nsSqBFfcU0DIHMZohYyCWF-vcA,SQ.clM4cQc78Opxpec7OgoJPN9UBe6YZb1b,HSCHR15_1_CTG4,seqcol_name,
XJWKh8nsSqBFfcU0DIHMZohYyCWF-vcA,SQ.cms5e0oj4tQBx-U7s_Up1ro3S1MNVrwC,KE332497.1,genbank_accession,KE332497.1
XJWKh8nsSqBFfcU0DIHMZohYyCWF-vcA,SQ.cms5e0oj4tQBx-U7s_Up1ro3S1MNVrwC,NW_004775428.1,refseq_accession,NW_004775428.1
XJWKh8nsSqBFfcU0DIHMZohYyCWF-vcA,SQ.cms5e0oj4tQBx-U7s_Up1ro3S1MNVrwC,HG1082_HG167_PATCH,seqcol_name,
XJWKh8nsSqBFfcU0DIHMZohYyCWF-vcA,SQ.czO0uwJ6D8tZofzgHPDVnGO6bfq-kYNX,GL000219.1,genbank_accession,GL000219.1
XJWKh8nsSqBFfcU0DIHMZohYyCWF-vcA,SQ.czO0uwJ6D8tZofzgHPDVnGO6bfq-kYNX,NT_167213.1,refseq_accession,NT_167213.1
XJWKh8nsSqBFfcU0DIHMZohYyCWF-vcA,SQ.czO0uwJ6D8tZofzgHPDVnGO6bfq-kYNX,HSCHRUN_RANDOM_CTG10,seqcol_name,
XJWKh8nsSqBFfcU0DIHMZohYyCWF-vcA,SQ.czO0uwJ6D8tZofzgHPDVnGO6bfq-kYNX,chrUn_gl000219,ucsc,
XJWKh8nsSqBFfcU0DIHMZohYyCWF-vcA,SQ.dQh3rrLrwthjbU69lkwK5UoljBeyaNVw,GL383563.2,genbank_accession,GL383563.2
XJWKh8nsSqBFfcU0DIHMZohYyCWF-vcA,SQ.dQh3rrLrwthjbU69lkwK5UoljBeyaNVw,NW_003315952.2,refseq_accession,NW_003315952.2
XJWKh8nsSqBFfcU0DIHMZohYyCWF-vcA,SQ.dQh3rrLrwthjbU69lkwK5UoljBeyaNVw,HSCHR17_1_CTG1,seqcol_name,
XJWKh8nsSqBFfcU0DIHMZohYyCWF-vcA,SQ.dlU6Hx_qdb_E9hZLWvMMiiDybJeVtKlI,JH806594.1,genbank_accession,JH806594.1
XJWKh8nsSqBFfcU0DIHMZohYyCWF-vcA,SQ.dlU6Hx_qdb_E9hZLWvMMiiDybJeVtKlI,NW_004070884.1,refseq_accession,NW_004070884.1
XJWKh8nsSqBFfcU0DIHMZohYyCWF-vcA,SQ.dlU6Hx_qdb_E9hZLWvMMiiDybJeVtKlI,HG1440_PATCH,seqcol_name,
XJWKh8nsSqBFfcU0DIHMZohYyCWF-vcA,SQ.drs1haorZ1b1ZtdR5ustN1Xa_5olVytr,GL000257.1,genbank_accession,GL000257.1
XJWKh8nsSqBFfcU0DIHMZohYyCWF-vcA,SQ.drs1haorZ1b1ZtdR5ustN1Xa_5olVytr,NT_167250.1,refseq_accession,NT_167250.1
XJWKh8nsSqBFfcU0DIHMZohYyCWF-vcA,SQ.drs1haorZ1b1ZtdR5ustN1Xa_5olVytr,HSCHR4_1_CTG9,seqcol_name,
XJWKh8nsSqBFfcU0DIHMZohYyCWF-vcA,SQ.drs1haorZ1b1ZtdR5ustN1Xa_5olVytr,chr4_ctg9_hap1,ucsc,
XJWKh8nsSqBFfcU0DIHMZohYyCWF-vcA,SQ.du5ydl6l4jzenxq6QSdajUIV_trdW9-J,GL000229.1,genbank_accession,GL000229.1
XJWKh8nsSqBFfcU0DIHMZohYyCWF-vcA,SQ.du5ydl6l4jzenxq6QSdajUIV_trdW9-J,NT_167223.1,refseq_accession,NT_167223.1
XJWKh8nsSqBFfcU0DIHMZohYyCWF-vcA,SQ.du5ydl6l4jzenxq6QSdajUIV_trdW9-J,HSCHRUN_RANDOM_CTG22,seqcol_name,
XJWKh8nsSqBFfcU0DIHMZohYyCWF-vcA,SQ.du5ydl6l4jzenxq6QSdajUIV_trdW9-J,chrUn_gl000229,ucsc,
XJWKh8nsSqBFfcU0DIHMZohYyCWF-vcA,SQ.eGGFNElJYIEvmIdJSxYMOtJwtAeQjUAh,GL000198.1,genbank_accession,GL000198.1
XJWKh8nsSqBFfcU0DIHMZohYyCWF-vcA,SQ.eGGFNElJYIEvmIdJSxYMOtJwtAeQjUAh,NT_113914.1,refseq_accession,NT_113914.1
XJWKh8nsSqBFfcU0DIHMZohYyCWF-vcA,SQ.eGGFNElJYIEvmIdJSxYMOtJwtAeQjUAh,HSCHR9_RANDOM_CTG1,seqcol_name,
XJWKh8nsSqBFfcU0DIHMZohYyCWF-vcA,SQ.eGGFNElJYIEvmIdJSxYMOtJwtAeQjUAh,chr9_gl000198_random,ucsc,
XJWKh8nsSqBFfcU0DIHMZohYyCWF-vcA,SQ.eRLt82u5vgT7iWJGp2H_1sibK_IaZGEQ,JH806592.1,genbank_accession,JH806592.1
XJWKh8nsSqBFfcU0DIHMZohYyCWF-vcA,SQ.eRLt82u5vgT7iWJGp2H_1sibK_IaZGEQ,NW_004070882.1,refseq_accession,NW_004070882.1
XJWKh8nsSqBFfcU0DIHMZohYyCWF-vcA,SQ.eRLt82u5vgT7iWJGp2H_1sibK_IaZGEQ,HG1438_PATCH,seqcol_name,
XJWKh8nsSqBFfcU0DIHMZohYyCWF-vcA,SQ.eoMIu0vekNCOHBLKD0EwW7XJp-siHEGF,GL339449.2,genbank_accession,GL339449.2
XJWKh8nsSqBFfcU0DIHMZohYyCWF-vcA,SQ.eoMIu0vekNCOHBLKD0EwW7XJp-siHEGF,NW_003315917.2,refseq_accession,NW_003315917.2
XJWKh8nsSqBFfcU0DIHMZohYyCWF-vcA,SQ.eoMIu0vekNCOHBLKD0EwW7XJp-siHEGF,HSCHR5_1_CTG1,seqcol_name,
XJWKh8nsSqBFfcU0DIHMZohYyCWF-vcA,SQ.fjVgcqDGfd4px40-W6xw-U5nG4NOu4BU,JH159145.1,genbank_accession,JH159145.1
XJWKh8nsSqBFfcU0DIHMZohYyCWF-vcA,SQ.fjVgcqDGfd4px40-W6xw-U5nG4NOu4BU,NW_003871090.1,refseq_accession,NW_003871090.1
XJWKh8nsSqBFfcU0DIHMZohYyCWF-vcA,SQ.fjVgcqDGfd4px40-W6xw-U5nG4NOu4BU,HG883_PATCH,seqcol_name,
XJWKh8nsSqBFfcU0DIHMZohYyCWF-vcA,SQ.fk6qUjP_QRwnheqldrr0fYw3Mle_LIyW,JH806601.1,genbank_accession,JH806601.1
XJWKh8nsSqBFfcU0DIHMZohYyCWF-vcA,SQ.fk6qUjP_QRwnheqldrr0fYw3Mle_LIyW,NW_004070891.1,refseq_accession,NW_004070891.1
XJWKh8nsSqBFfcU0DIHMZohYyCWF-vcA,SQ.fk6qUjP_QRwnheqldrr0fYw3Mle_LIyW,HG1462_PATCH,seqcol_name,
XJWKh8nsSqBFfcU0DIHMZohYyCWF-vcA,SQ.gY2EXGHOJLZQrFoYmXryCFvljGStGA7X,GL949747.1,genbank_accession,GL949747.1
XJWKh8nsSqBFfcU0DIHMZohYyCWF-vcA,SQ.gY2EXGHOJLZQrFoYmXryCFvljGStGA7X,NW_003571055.1,refseq_accession,NW_003571055.1
XJWKh8nsSqBFfcU0DIHMZohYyCWF-vcA,SQ.gY2EXGHOJLZQrFoYmXryCFvljGStGA7X,HSCHR19LRC_COX2_CTG1,seqcol_name,
XJWKh8nsSqBFfcU0DIHMZohYyCWF-vcA,SQ.giMav2kqsLax_gSQQy68mT9MjsDIURSQ,JH159134.2,genbank_accession,JH159134.2
XJWKh8nsSqBFfcU0DIHMZohYyCWF-vcA,SQ.giMav2kqsLax_gSQQy68mT9MjsDIURSQ,NW_003871064.1,refseq_accession,NW_003871064.1
XJWKh8nsSqBFfcU0DIHMZohYyCWF-vcA,SQ.giMav2kqsLax_gSQQy68mT9MjsDIURSQ,HG1257_PATCH,seqcol_name,
XJWKh8nsSqBFfcU0DIHMZohYyCWF-vcA,SQ.giRZFJqn-yQ2fQFvnUrhZsnhj0j32p5F,GL383557.1,genbank_accession,GL383557.1
XJWKh8nsSqBFfcU0DIHMZohYyCWF-vcA,SQ.giRZFJqn-yQ2fQFvnUrhZsnhj0j32p5F,NW_003315946.1,refseq_accession,NW_003315946.1
XJWKh8nsSqBFfcU0DIHMZohYyCWF-vcA,SQ.giRZFJqn-yQ2fQFvnUrhZsnhj0j32p5F,HSCHR16_2_CTG3_1,seqcol_name,
XJWKh8nsSqBFfcU0DIHMZohYyCWF-vcA,SQ.gu9uA4qtsocLUOm1CKLqq4Lr24q1Wh98,GL000232.1,genbank_accession,GL000232.1
XJWKh8nsSqBFfcU0DIHMZohYyCWF-vcA,SQ.gu9uA4qtsocLUOm1CKLqq4Lr24q1Wh98,NT_167226.1,refseq_accession,NT_167226.1
XJWKh8nsSqBFfcU0DIHMZohYyCWF-vcA,SQ.gu9uA4qtsocLUOm1CKLqq4Lr24q1Wh98,HSCHRUN_RANDOM_CTG25,seqcol_name,
XJWKh8nsSqBFfcU0DIHMZohYyCWF-vcA,SQ.gu9uA4qtsocLUOm1CKLqq4Lr24q1Wh98,chrUn_gl000232,ucsc,
XJWKh8nsSqBFfcU0DIHMZohYyCWF-vcA,SQ.guyz6uCkbSzKOE1QVcDE2cvd5fCFNbCf,GL000244.1,genbank_accession,GL000244.1
XJWKh8nsSqBFfcU0DIHMZohYyCWF-vcA,SQ.guyz6uCkbSzKOE1QVcDE2cvd5fCFNbCf,NT_167238.1,refseq_accession,NT_167238.1
XJWKh8nsSqBFfcU0DIHMZohYyCWF-vcA,SQ.guyz6uCkbSzKOE1QVcDE2cvd5fCFNbCf,HSCHRUN_RANDOM_CTG37,seqcol_name,
XJWKh8nsSqBFfcU0DIHMZohYyCWF-vcA,SQ.guyz6uCkbSzKOE1QVcDE2cvd5fCFNbCf,chrUn_gl000244,ucsc,
XJWKh8nsSqBFfcU0DIHMZohYyCWF-vcA,SQ.hEYRZ9UuRu-b5AYDeKeGMgOsBSguVp9H,JH591186.1,genbank_accession,JH591186.1
XJWKh8nsSqBFfcU0DIHMZohYyCWF-vcA,SQ.hEYRZ9UuRu-b5AYDeKeGMgOsBSguVp9H,NW_003871089.1,refseq_accession,NW_003871089.1
XJWKh8nsSqBFfcU0DIHMZohYyCWF-vcA,SQ.hEYRZ9UuRu-b5AYDeKeGMgOsBSguVp9H,HG748_PATCH,seqcol_name,
XJWKh8nsSqBFfcU0DIHMZohYyCWF-vcA,SQ.hJnTxfgkT6s9rxRL_FkTMRruJ1AT9aGQ,GL000250.1,genbank_accession,GL000250.1
XJWKh8nsSqBFfcU0DIHMZohYyCWF-vcA,SQ.hJnTxfgkT6s9rxRL_FkTMRruJ1AT9aGQ,NT_167244.1,refseq_accession,NT_167244.1
XJWKh8nsSqBFfcU0DIHMZohYyCWF-vcA,SQ.hJnTxfgkT6s9rxRL_FkTMRruJ1AT9aGQ,HSCHR6_MHC_APD_CTG1,seqcol_name,
XJWKh8nsSqBFfcU0DIHMZohYyCWF-vcA,SQ.hJnTxfgkT6s9rxRL_FkTMRruJ1AT9aGQ,chr6_apd_hap1,ucsc,
XJWKh8nsSqBFfcU0DIHMZohYyCWF-vcA,SQ.h_JCKE33z8mP_oQe83hcdSs1e19T_iFU,GL000248.1,genbank_accession,GL000248.1
XJWKh8nsSqBFfcU0DIHMZohYyCWF-vcA,SQ.h_JCKE33z8mP_oQe83hcdSs1e19T_iFU,NT_167242.1,refseq_accession,NT_167242.1
XJWKh8nsSqBFfcU0DIHMZohYyCWF-vcA,SQ.h_JCKE33z8mP_oQe83hcdSs1e19T_iFU,HSCHRUN_RANDOM_CTG41,seqcol_name,
XJWKh8nsSqBFfcU0DIHMZohYyCWF-vcA,SQ.h_JCKE33z8mP_oQe83hcdSs1e19T_iFU,chrUn_gl000248,ucsc,
XJWKh8nsSqBFfcU0DIHMZohYyCWF-vcA,SQ.iZPELjwrn3QLR9cnDzUZHNGAcLbP4fxb,GL000256.1,genbank_accession,GL000256.1
XJWKh8nsSqBFfcU0DIHMZohYyCWF-vcA,SQ.iZPELjwrn3QLR9cnDzUZHNGAcLbP4fxb,NT_167249.1,refseq_accession,NT_167249.1
XJWKh8nsSqBFfcU0DIHMZohYyCWF-vcA,SQ.iZPELjwrn3QLR9cnDzUZHNGAcLbP4fxb,HSCHR6_MHC_SSTO_CTG1,seqcol_name,
XJWKh8nsSqBFfcU0DIHMZohYyCWF-vcA,SQ.iZPELjwrn3QLR9cnDzUZHNGAcLbP4fxb,chr6_ssto_hap7,ucsc,
XJWKh8nsSqBFfcU0DIHMZohYyCWF-vcA,SQ.ijki8zwyFOmILREuoZz7EKaDeJo6hzK6,GL383545.1,genbank_accession,GL383545.1
XJWKh8nsSqBFfcU0DIHMZohYyCWF-vcA,SQ.ijki8zwyFOmILREuoZz7EKaDeJo6hzK6,NW_003315934.1,refseq_accession,NW_003315934.1
XJWKh8nsSqBFfcU0DIHMZohYyCWF-vcA,SQ.ijki8zwyFOmILREuoZz7EKaDeJo6hzK6,HSCHR10_1_CTG2,seqcol_name,
XJWKh8nsSqBFfcU0DIHMZohYyCWF-vcA,SQ.iy7Zfceb5_VGtTQzJ-v5JpPbpeifHD_V,CM000666.1,genbank_accession,CM000666.1
XJWKh8nsSqBFfcU0DIHMZohYyCWF-vcA,SQ.iy7Zfceb5_VGtTQzJ-v5JpPbpeifHD_V,NC_000004.11,refseq_accession,NC_000004.11
XJWKh8nsSqBFfcU0DIHMZohYyCWF-vcA,SQ.iy7Zfceb5_VGtTQzJ-v5JpPbpeifHD_V,4,seqcol_name,
XJWKh8nsSqBFfcU0DIHMZohYyCWF-vcA,SQ.iy7Zfceb5_VGtTQzJ-v5JpPbpeifHD_V,chr4,ucsc,
XJWKh8nsSqBFfcU0DIHMZohYyCWF-vcA,SQ.iy_UbUrvECxFRX5LPTH_KPojdlT7BKsf,CM000682.1,genbank_accession,CM000682.1
XJWKh8nsSqBFfcU0DIHMZohYyCWF-vcA,SQ.iy_UbUrvECxFRX5LPTH_KPojdlT7BKsf,NC_000020.10,refseq_accession,NC_000020.10
XJWKh8nsSqBFfcU0DIHMZohYyCWF-vcA,SQ.iy_UbUrvECxFRX5LPTH_KPojdlT7BKsf,20,seqcol_name,
XJWKh8nsSqBFfcU0DIHMZohYyCWF-vcA,SQ.iy_UbUrvECxFRX5LPTH_KPojdlT7BKsf,chr20,ucsc,
XJWKh8nsSqBFfcU0DIHMZohYyCWF-vcA,SQ.j1e07Wg72Y3X6Zk1hOR7-P1aoHzX6kql,GL000253.1,genbank_accession,GL000253.1
XJWKh8nsSqBFfcU0DIHMZohYyCWF-vcA,SQ.j1e07Wg72Y3X6Zk1hOR7-P1aoHzX6kql,NT_167246.1,refseq_accession,NT_167246.1
XJWKh8nsSqBFfcU0DIHMZohYyCWF-vcA,SQ.j1e07Wg72Y3X6Zk1hOR7-P1aoHzX6kql,HSCHR6_MHC_MANN_CTG1,seqcol_name,
XJWKh8nsSqBFfcU0DIHMZohYyCWF-vcA,SQ.j1e07Wg72Y3X6Zk1hOR7-P1aoHzX6kql,chr6_mann_hap4,ucsc,
XJWKh8nsSqBFfcU0DIHMZohYyCWF-vcA,SQ.ja0KWvV0Ze72dMoFEtvonHUwXvQGB0Qe,JH720451.1,genbank_accession,JH720451.1
XJWKh8nsSqBFfcU0DIHMZohYyCWF-vcA,SQ.ja0KWvV0Ze72dMoFEtvonHUwXvQGB0Qe,NW_003871098.1,refseq_accession,NW_003871098.1
XJWKh8nsSqBFfcU0DIHMZohYyCWF-vcA,SQ.ja0KWvV0Ze72dMoFEtvonHUwXvQGB0Qe,HG1423_PATCH,seqcol_name,
XJWKh8nsSqBFfcU0DIHMZohYyCWF-vcA,SQ.jbzb9K-X3tSbbJVs9a44ATjtTtB-eesu,GL383517.1,genbank_accession,GL383517.1
XJWKh8nsSqBFfcU0DIHMZohYyCWF-vcA,SQ.jbzb9K-X3tSbbJVs9a44ATjtTtB-eesu,NW_003315904.1,refseq_accession,NW_003315904.1
XJWKh8nsSqBFfcU0DIHMZohYyCWF-vcA,SQ.jbzb9K-X3tSbbJVs9a44ATjtTtB-eesu,HG999_2_PATCH,seqcol_name,
XJWKh8nsSqBFfcU0DIHMZohYyCWF-vcA,SQ.jpgI9PKjFFcmRJ6DhA24-SlqBP_WbtsJ,GL383567.1,genbank_accession,GL383567.1
XJWKh8nsSqBFfcU0DIHMZohYyCWF-vcA,SQ.jpgI9PKjFFcmRJ6DhA24-SlqBP_WbtsJ,NW_003315956.1,refseq_accession,NW_003315956.1
XJWKh8nsSqBFfcU0DIHMZohYyCWF-vcA,SQ.jpgI9PKjFFcmRJ6DhA24-SlqBP_WbtsJ,HSCHR18_1_CTG1_1,seqcol_name,
XJWKh8nsSqBFfcU0DIHMZohYyCWF-vcA,SQ.k3grVkjY-hoWcCUojHw6VU6GE3MZ8Sct,J01415.2,genbank_accession,J01415.2
XJWKh8nsSqBFfcU0DIHMZohYyCWF-vcA,SQ.k3grVkjY-hoWcCUojHw6VU6GE3MZ8Sct,NC_012920.1,refseq_accession,NC_012920.1
XJWKh8nsSqBFfcU0DIHMZohYyCWF-vcA,SQ.k3grVkjY-hoWcCUojHw6VU6GE3MZ8Sct,MT,seqcol_name,
XJWKh8nsSqBFfcU0DIHMZohYyCWF-vcA,SQ.k3grVkjY-hoWcCUojHw6VU6GE3MZ8Sct,chrM,ucsc,
XJWKh8nsSqBFfcU0DIHMZohYyCWF-vcA,SQ.k80yhRiieoe9tTxxKGmkLqlXKtmEK4pC,JH720447.1,genbank_accession,JH720447.1
XJWKh8nsSqBFfcU0DIHMZohYyCWF-vcA,SQ.k80yhRiieoe9tTxxKGmkLqlXKtmEK4pC,NW_003871086.1,refseq_accession,NW_003871086.1
XJWKh8nsSqBFfcU0DIHMZohYyCWF-vcA,SQ.k80yhRiieoe9tTxxKGmkLqlXKtmEK4pC,HG1146_PATCH,seqcol_name,
XJWKh8nsSqBFfcU0DIHMZohYyCWF-vcA,SQ.kX8PXrSS4vXfVpVbPh1G2Orzl2hi5VnU,JH159144.1,genbank_accession,JH159144.1
XJWKh8nsSqBFfcU0DIHMZohYyCWF-vcA,SQ.kX8PXrSS4vXfVpVbPh1G2Orzl2hi5VnU,NW_003871088.1,refseq_accession,NW_003871088.1
XJWKh8nsSqBFfcU0DIHMZohYyCWF-vcA,SQ.kX8PXrSS4vXfVpVbPh1G2Orzl2hi5VnU,HG747_PATCH,seqcol_name,
XJWKh8nsSqBFfcU0DIHMZohYyCWF-vcA,SQ.kby0urqnMlReGOFQ6aGR5caN6j3sbWIY,JH720453.1,genbank_accession,JH720453.1
XJWKh8nsSqBFfcU0DIHMZohYyCWF-vcA,SQ.kby0urqnMlReGOFQ6aGR5caN6j3sbWIY,NW_003871100.1,refseq_accession,NW_003871100.1
XJWKh8nsSqBFfcU0DIHMZohYyCWF-vcA,SQ.kby0urqnMlReGOFQ6aGR5caN6j3sbWIY,HG1425_PATCH,seqcol_name,
XJWKh8nsSqBFfcU0DIHMZohYyCWF-vcA,SQ.kpcAjK5AhEhFRhV_U86hPlA5oj2E5sny,GL000207.1,genbank_accession,GL000207.1
XJWKh8nsSqBFfcU0DIHMZohYyCWF-vcA,SQ.kpcAjK5AhEhFRhV_U86hPlA5oj2E5sny,NT_113947.1,refseq_accession,NT_113947.1
XJWKh8nsSqBFfcU0DIHMZohYyCWF-vcA,SQ.kpcAjK5AhEhFRhV_U86hPlA5oj2E5sny,HSCHR18_RANDOM_CTG1,seqcol_name,
XJWKh8nsSqBFfcU0DIHMZohYyCWF-vcA,SQ.kpcAjK5AhEhFRhV_U86hPlA5oj2E5sny,chr18_gl000207_random,ucsc,
XJWKh8nsSqBFfcU0DIHMZohYyCWF-vcA,SQ.ksE2s_NOJh6lKWSE1qBB4H9eGNryXVam,JH159141.2,genbank_accession,JH159141.2
XJWKh8nsSqBFfcU0DIHMZohYyCWF-vcA,SQ.ksE2s_NOJh6lKWSE1qBB4H9eGNryXVam,NW_003871079.1,refseq_accession,NW_003871079.1
XJWKh8nsSqBFfcU0DIHMZohYyCWF-vcA,SQ.ksE2s_NOJh6lKWSE1qBB4H9eGNryXVam,HG348_PATCH,seqcol_name,
XJWKh8nsSqBFfcU0DIHMZohYyCWF-vcA,SQ.lsaxkE65UUVeSsgF_1bgSpZODAKAXif6,GL000205.1,genbank_accession,GL000205.1
XJWKh8nsSqBFfcU0DIHMZohYyCWF-vcA,SQ.lsaxkE65UUVeSsgF_1bgSpZODAKAXif6,NT_113930.1,refseq_accession,NT_113930.1
XJWKh8nsSqBFfcU0DIHMZohYyCWF-vcA,SQ.lsaxkE65UUVeSsgF_1bgSpZODAKAXif6,HSCHR17_RANDOM_CTG3,seqcol_name,
XJWKh8nsSqBFfcU0DIHMZohYyCWF-vcA,SQ.lsaxkE65UUVeSsgF_1bgSpZODAKAXif6,chr17_gl000205_random,ucsc,
XJWKh8nsSqBFfcU0DIHMZohYyCWF-vcA,SQ.mpHjLXhnMYfgLLGk6F1q7Le-oXDnoCle,GL383568.1,genbank_accession,GL383568.1
XJWKh8nsSqBFfcU0DIHMZohYyCWF-vcA,SQ.mpHjLXhnMYfgLLGk6F1q7Le-oXDnoCle,NW_003315957.1,refseq_accession,NW_003315957.1
XJWKh8nsSqBFfcU0DIHMZohYyCWF-vcA,SQ.mpHjLXhnMYfgLLGk6F1q7Le-oXDnoCle,HSCHR18_1_CTG2,seqcol_name,
XJWKh8nsSqBFfcU0DIHMZohYyCWF-vcA,SQ.nEA2AyZexsdfI1fJ_JZCMZZXcbExMyQ2,JH159132.1,genbank_accession,JH159132.1
XJWKh8nsSqBFfcU0DIHMZohYyCWF-vcA,SQ.nEA2AyZexsdfI1fJ_JZCMZZXcbExMyQ2,NW_003871059.1,refseq_accession,NW_003871059.1
XJWKh8nsSqBFfcU0DIHMZohYyCWF-vcA,SQ.nEA2AyZexsdfI1fJ_JZCMZZXcbExMyQ2,HG325_PATCH,seqcol_name,
XJWKh8nsSqBFfcU0DIHMZohYyCWF-vcA,SQ.nXpYhtwAqXo65qRsbeHbRb9VXWj3HQD9,GL000206.1,genbank_accession,GL000206.1
XJWKh8nsSqBFfcU0DIHMZohYyCWF-vcA,SQ.nXpYhtwAqXo65qRsbeHbRb9VXWj3HQD9,NT_113945.1,refseq_accession,NT_113945.1
XJWKh8nsSqBFfcU0DIHMZohYyCWF-vcA,SQ.nXpYhtwAqXo65qRsbeHbRb9VXWj3HQD9,HSCHR17_RANDOM_CTG4,seqcol_name,
XJWKh8nsSqBFfcU0DIHMZohYyCWF-vcA,SQ.nXpYhtwAqXo65qRsbeHbRb9VXWj3HQD9,chr17_gl000206_random,ucsc,
XJWKh8nsSqBFfcU0DIHMZohYyCWF-vcA,SQ.oBgXlGXs-9D-BIuWYGZ9VAdyfBkv4ko6,GL000234.1,genbank_accession,GL000234.1
XJWKh8nsSqBFfcU0DIHMZohYyCWF-vcA,SQ.oBgXlGXs-9D-BIuWYGZ9VAdyfBkv4ko6,NT_167228.1,refseq_accession,NT_167228.1
XJWKh8nsSqBFfcU0DIHMZohYyCWF-vcA,SQ.oBgXlGXs-9D-BIuWYGZ9VAdyfBkv4ko6,HSCHRUN_RANDOM_CTG27,seqcol_name,
XJWKh8nsSqBFfcU0DIHMZohYyCWF-vcA,SQ.oBgXlGXs-9D-BIuWYGZ9VAdyfBkv4ko6,chrUn_gl000234,ucsc,
XJWKh8nsSqBFfcU0DIHMZohYyCWF-vcA,SQ.oX9dgz7hvdPCHQ2ySxFp0_dFiR8TCrdw,GL949743.1,genbank_accession,GL949743.1
XJWKh8nsSqBFfcU0DIHMZohYyCWF-vcA,SQ.oX9dgz7hvdPCHQ2ySxFp0_dFiR8TCrdw,NW_003571042.1,refseq_accession,NW_003571042.1
XJWKh8nsSqBFfcU0DIHMZohYyCWF-vcA,SQ.oX9dgz7hvdPCHQ2ySxFp0_dFiR8TCrdw,HG19_PATCH,seqcol_name,
XJWKh8nsSqBFfcU0DIHMZohYyCWF-vcA,SQ.ogs0_fByd3Mv6KgbGnhjdlP8-XQkfLm1,GL000196.1,genbank_accession,GL000196.1
XJWKh8nsSqBFfcU0DIHMZohYyCWF-vcA,SQ.ogs0_fByd3Mv6KgbGnhjdlP8-XQkfLm1,NT_113909.1,refseq_accession,NT_113909.1
XJWKh8nsSqBFfcU0DIHMZohYyCWF-vcA,SQ.ogs0_fByd3Mv6KgbGnhjdlP8-XQkfLm1,HSCHR8_RANDOM_CTG1,seqcol_name,
XJWKh8nsSqBFfcU0DIHMZohYyCWF-vcA,SQ.ogs0_fByd3Mv6KgbGnhjdlP8-XQkfLm1,chr8_gl000196_random,ucsc,
XJWKh8nsSqBFfcU0DIHMZohYyCWF-vcA,SQ.p9E0xpqkJaAHEoa6DvBpWhjiYt8dgxe0,JH720446.1,genbank_accession,JH720446.1
XJWKh8nsSqBFfcU0DIHMZohYyCWF-vcA,SQ.p9E0xpqkJaAHEoa6DvBpWhjiYt8dgxe0,NW_003871085.1,refseq_accession,NW_003871085.1
XJWKh8nsSqBFfcU0DIHMZohYyCWF-vcA,SQ.p9E0xpqkJaAHEoa6DvBpWhjiYt8dgxe0,HG1208_PATCH,seqcol_name,
XJWKh8nsSqBFfcU0DIHMZohYyCWF-vcA,SQ.pVEhJCo0SKGKdq8HvN_orgvej7Ru3zT5,JH720455.1,genbank_accession,JH720455.1
XJWKh8nsSqBFfcU0DIHMZohYyCWF-vcA,SQ.pVEhJCo0SKGKdq8HvN_orgvej7Ru3zT5,NW_003871102.1,refseq_accession,NW_003871102.1
XJWKh8nsSqBFfcU0DIHMZohYyCWF-vcA,SQ.pVEhJCo0SKGKdq8HvN_orgvej7Ru3zT5,HG375_PATCH,seqcol_name,
XJWKh8nsSqBFfcU0DIHMZohYyCWF-vcA,SQ.px02pr2p01rDRYZI9Sxa7s9w2sryr_s9,GL383549.1,genbank_accession,GL383549.1
XJWKh8nsSqBFfcU0DIHMZohYyCWF-vcA,SQ.px02pr2p01rDRYZI9Sxa7s9w2sryr_s9,NW_003315938.1,refseq_accession,NW_003315938.1
XJWKh8nsSqBFfcU0DIHMZohYyCWF-vcA,SQ.px02pr2p01rDRYZI9Sxa7s9w2sryr_s9,HSCHR12_1_CTG2,seqcol_name,
XJWKh8nsSqBFfcU0DIHMZohYyCWF-vcA,SQ.q6r8D-qniMLKlxAU7znVCJVX1cAC3Psm,KE332500.1,genbank_accession,KE332500.1
XJWKh8nsSqBFfcU0DIHMZohYyCWF-vcA,SQ.q6r8D-qniMLKlxAU7znVCJVX1cAC3Psm,NW_004775431.1,refseq_accession,NW_004775431.1
XJWKh8nsSqBFfcU0DIHMZohYyCWF-vcA,SQ.q6r8D-qniMLKlxAU7znVCJVX1cAC3Psm,HG1699_PATCH,seqcol_name,
XJWKh8nsSqBFfcU0DIHMZohYyCWF-vcA,SQ.qSkhYqNqnoNUTjUPX8Md8fyKL8zZ2F4I,GL000227.1,genbank_accession,GL000227.1
XJWKh8nsSqBFfcU0DIHMZohYyCWF-vcA,SQ.qSkhYqNqnoNUTjUPX8Md8fyKL8zZ2F4I,NT_167221.1,refseq_accession,NT_167221.1
XJWKh8nsSqBFfcU0DIHMZohYyCWF-vcA,SQ.qSkhYqNqnoNUTjUPX8Md8fyKL8zZ2F4I,HSCHRUN_RANDOM_CTG20,seqcol_name,
XJWKh8nsSqBFfcU0DIHMZohYyCWF-vcA,SQ.qSkhYqNqnoNUTjUPX8Md8fyKL8zZ2F4I,chrUn_gl000227,ucsc,
XJWKh8nsSqBFfcU0DIHMZohYyCWF-vcA,SQ.qStaAo9HyPxz7yXqUQJpCka0sixGY-6J,GL383552.1,genbank_accession,GL383552.1
XJWKh8nsSqBFfcU0DIHMZohYyCWF-vcA,SQ.qStaAo9HyPxz7yXqUQJpCka0sixGY-6J,NW_003315941.1,refseq_accession,NW_003315941.1
XJWKh8nsSqBFfcU0DIHMZohYyCWF-vcA,SQ.qStaAo9HyPxz7yXqUQJpCka0sixGY-6J,HSCHR12_2_CTG2_1,seqcol_name,
XJWKh8nsSqBFfcU0DIHMZohYyCWF-vcA,SQ.r-u1Pt9AkWkVimi-ROTfrC7PCA36vkHC,GL383537.1,genbank_accession,GL383537.1
XJWKh8nsSqBFfcU0DIHMZohYyCWF-vcA,SQ.r-u1Pt9AkWkVimi-ROTfrC7PCA36vkHC,NW_003315926.1,refseq_accession,NW_003315926.1
XJWKh8nsSqBFfcU0DIHMZohYyCWF-vcA,SQ.r-u1Pt9AkWkVimi-ROTfrC7PCA36vkHC,HG998_1_PATCH,seqcol_name,
XJWKh8nsSqBFfcU0DIHMZohYyCWF-vcA,SQ.r5bz8vNOqnaVR5i7NNDPRLc-7lKy0Ofn,JH159146.1,genbank_accession,JH159146.1
XJWKh8nsSqBFfcU0DIHMZohYyCWF-vcA,SQ.r5bz8vNOqnaVR5i7NNDPRLc-7lKy0Ofn,NW_003871091.1,refseq_accession,NW_003871091.1
XJWKh8nsSqBFfcU0DIHMZohYyCWF-vcA,SQ.r5bz8vNOqnaVR5i7NNDPRLc-7lKy0Ofn,HSCHR17_4_CTG4,seqcol_name,
XJWKh8nsSqBFfcU0DIHMZohYyCWF-vcA,SQ.r910AHW0Vhwl6tyQIPq9T58N6rOGEHMV,JH806576.1,genbank_accession,JH806576.1
XJWKh8nsSqBFfcU0DIHMZohYyCWF-vcA,SQ.r910AHW0Vhwl6tyQIPq9T58N6rOGEHMV,NW_004070866.1,refseq_accession,NW_004070866.1
XJWKh8nsSqBFfcU0DIHMZohYyCWF-vcA,SQ.r910AHW0Vhwl6tyQIPq9T58N6rOGEHMV,HG27_PATCH,seqcol_name,
XJWKh8nsSqBFfcU0DIHMZohYyCWF-vcA,SQ.rJFy652rJMoL5PqH-PiqrJ1zpHc4uUiz,GL000226.1,genbank_accession,GL000226.1
XJWKh8nsSqBFfcU0DIHMZohYyCWF-vcA,SQ.rJFy652rJMoL5PqH-PiqrJ1zpHc4uUiz,NT_167220.1,refseq_accession,NT_167220.1
XJWKh8nsSqBFfcU0DIHMZohYyCWF-vcA,SQ.rJFy652rJMoL5PqH-PiqrJ1zpHc4uUiz,HSCHRUN_RANDOM_CTG19,seqcol_name,
XJWKh8nsSqBFfcU0DIHMZohYyCWF-vcA,SQ.rJFy652rJMoL5PqH-PiqrJ1zpHc4uUiz,chrUn_gl000226,ucsc,
XJWKh8nsSqBFfcU0DIHMZohYyCWF-vcA,SQ.rYg5vNx6PQKiXLKvBwbeeoE8oMvXOXTx,JH636061.1,genbank_accession,JH636061.1
XJWKh8nsSqBFfcU0DIHMZohYyCWF-vcA,SQ.rYg5vNx6PQKiXLKvBwbeeoE8oMvXOXTx,NW_003871087.1,refseq_accession,NW_003871087.1
XJWKh8nsSqBFfcU0DIHMZohYyCWF-vcA,SQ.rYg5vNx6PQKiXLKvBwbeeoE8oMvXOXTx,HG271_PATCH,seqcol_name,
XJWKh8nsSqBFfcU0DIHMZohYyCWF-vcA,SQ.rgg0_UVDr-WZljtk2QqJBB_2BoBhPTi9,GL383562.1,genbank_accession,GL383562.1
XJWKh8nsSqBFfcU0DIHMZohYyCWF-vcA,SQ.rgg0_UVDr-WZljtk2QqJBB_2BoBhPTi9,NW_003315951.1,refseq_accession,NW_003315951.1
XJWKh8nsSqBFfcU0DIHMZohYyCWF-vcA,SQ.rgg0_UVDr-WZljtk2QqJBB_2BoBhPTi9,HG990_PATCH,seqcol_name,
XJWKh8nsSqBFfcU0DIHMZohYyCWF-vcA,SQ.rr0K6q_aJbcKQEUuis8ZStFj8IcsS9fD,GL383565.1,genbank_accession,GL383565.1
XJWKh8nsSqBFfcU0DIHMZohYyCWF-vcA,SQ.rr0K6q_aJbcKQEUuis8ZStFj8IcsS9fD,NW_003315954.1,refseq_accession,NW_003315954.1
XJWKh8nsSqBFfcU0DIHMZohYyCWF-vcA,SQ.rr0K6q_aJbcKQEUuis8ZStFj8IcsS9fD,HSCHR17_2_CTG4,seqcol_name,
XJWKh8nsSqBFfcU0DIHMZohYyCWF-vcA,SQ.rtF6N9-KMm7J0G4LrAumXo7KZtb4vhXD,GL383516.1,genbank_accession,GL383516.1
XJWKh8nsSqBFfcU0DIHMZohYyCWF-vcA,SQ.rtF6N9-KMm7J0G4LrAumXo7KZtb4vhXD,NW_003315903.1,refseq_accession,NW_003315903.1
XJWKh8nsSqBFfcU0DIHMZohYyCWF-vcA,SQ.rtF6N9-KMm7J0G4LrAumXo7KZtb4vhXD,HG999_1_PATCH,seqcol_name,
XJWKh8nsSqBFfcU0DIHMZohYyCWF-vcA,SQ.sJjlbRvT5jiqYgUC40aadDFUKp7C_xxe,GL000243.1,genbank_accession,GL000243.1
XJWKh8nsSqBFfcU0DIHMZohYyCWF-vcA,SQ.sJjlbRvT5jiqYgUC40aadDFUKp7C_xxe,NT_167237.1,refseq_accession,NT_167237.1
XJWKh8nsSqBFfcU0DIHMZohYyCWF-vcA,SQ.sJjlbRvT5jiqYgUC40aadDFUKp7C_xxe,HSCHRUN_RANDOM_CTG36,seqcol_name,
XJWKh8nsSqBFfcU0DIHMZohYyCWF-vcA,SQ.sJjlbRvT5jiqYgUC40aadDFUKp7C_xxe,chrUn_gl000243,ucsc,
XJWKh8nsSqBFfcU0DIHMZohYyCWF-vcA,SQ.sJxlVlgF8Gw1eAW4n0-G1u1EGgM2W_qo,GL000258.1,genbank_accession,GL000258.1
XJWKh8nsSqBFfcU0DIHMZohYyCWF-vcA,SQ.sJxlVlgF8Gw1eAW4n0-G1u1EGgM2W_qo,NT_167251.1,refseq_accession,NT_167251.1
XJWKh8nsSqBFfcU0DIHMZohYyCWF-vcA,SQ.sJxlVlgF8Gw1eAW4n0-G1u1EGgM2W_qo,HSCHR17_1_CTG5,seqcol_name,
XJWKh8nsSqBFfcU0DIHMZohYyCWF-vcA,SQ.sJxlVlgF8Gw1eAW4n0-G1u1EGgM2W_qo,chr17_ctg5_hap1,ucsc,
XJWKh8nsSqBFfcU0DIHMZohYyCWF-vcA,SQ.sT2ZnJrlmZM-p20GfB8qMm_LRJSIyc7E,GL000203.1,genbank_accession,GL000203.1
XJWKh8nsSqBFfcU0DIHMZohYyCWF-vcA,SQ.sT2ZnJrlmZM-p20GfB8qMm_LRJSIyc7E,NT_113941.1,refseq_accession,NT_113941.1
XJWKh8nsSqBFfcU0DIHMZohYyCWF-vcA,SQ.sT2ZnJrlmZM-p20GfB8qMm_LRJSIyc7E,HSCHR17_RANDOM_CTG1,seqcol_name,
XJWKh8nsSqBFfcU0DIHMZohYyCWF-vcA,SQ.sT2ZnJrlmZM-p20GfB8qMm_LRJSIyc7E,chr17_gl000203_random,ucsc,
XJWKh8nsSqBFfcU0DIHMZohYyCWF-vcA,SQ.sdL1gDzRGFP-F9sMKtNLSRAnQ-BC84H-,GL000218.1,genbank_accession,GL000218.1
XJWKh8nsSqBFfcU0DIHMZohYyCWF-vcA,SQ.sdL1gDzRGFP-F9sMKtNLSRAnQ-BC84H-,NT_113889.1,refseq_accession,NT_113889.1
XJWKh8nsSqBFfcU0DIHMZohYyCWF-vcA,SQ.sdL1gDzRGFP-F9sMKtNLSRAnQ-BC84H-,HSCHRUN_RANDOM_CTG9,seqcol_name,
XJWKh8nsSqBFfcU0DIHMZohYyCWF-vcA,SQ.sdL1gDzRGFP-F9sMKtNLSRAnQ-BC84H-,chrUn_gl000218,ucsc,
XJWKh8nsSqBFfcU0DIHMZohYyCWF-vcA,SQ.tDvnQrjYqu-jjsz7XaCityF40OsLabKG,GL383544.1,genbank_accession,GL383544.1
XJWKh8nsSqBFfcU0DIHMZohYyCWF-vcA,SQ.tDvnQrjYqu-jjsz7XaCityF40OsLabKG,NW_003315933.1,refseq_accession,NW_003315933.1
XJWKh8nsSqBFfcU0DIHMZohYyCWF-vcA,SQ.tDvnQrjYqu-jjsz7XaCityF40OsLabKG,HG995_PATCH,seqcol_name,
XJWKh8nsSqBFfcU0DIHMZohYyCWF-vcA,SQ.tSqePp0derRg791hQeIUpCdeWG3h5ANK,GL000228.1,genbank_accession,GL000228.1
XJWKh8nsSqBFfcU0DIHMZohYyCWF-vcA,SQ.tSqePp0derRg791hQeIUpCdeWG3h5ANK,NT_167222.1,refseq_accession,NT_167222.1
XJWKh8nsSqBFfcU0DIHMZohYyCWF-vcA,SQ.tSqePp0derRg791hQeIUpCdeWG3h5ANK,HSCHRUN_RANDOM_CTG21,seqcol_name,
XJWKh8nsSqBFfcU0DIHMZohYyCWF-vcA,SQ.tSqePp0derRg791hQeIUpCdeWG3h5ANK,chrUn_gl000228,ucsc,
XJWKh8nsSqBFfcU0DIHMZohYyCWF-vcA,SQ.tTm7wmhz0G4lpt8wPspcNkAD_qiminj6,CM000670.1,genbank_accession,CM000670.1
XJWKh8nsSqBFfcU0DIHMZohYyCWF-vcA,SQ.tTm7wmhz0G4lpt8wPspcNkAD_qiminj6,NC_000008.10,refseq_accession,NC_000008.10
XJWKh8nsSqBFfcU0DIHMZohYyCWF-vcA,SQ.tTm7wmhz0G4lpt8wPspcNkAD_qiminj6,8,seqcol_name,
XJWKh8nsSqBFfcU0DIHMZohYyCWF-vcA,SQ.tTm7wmhz0G4lpt8wPspcNkAD_qiminj6,chr8,ucsc,
XJWKh8nsSqBFfcU0DIHMZohYyCWF-vcA,SQ.tUWgcxh6XK4NvM98KhqC1zVOG208JLk_,JH159133.1,genbank_accession,JH159133.1
XJWKh8nsSqBFfcU0DIHMZohYyCWF-vcA,SQ.tUWgcxh6XK4NvM98KhqC1zVOG208JLk_,NW_003871061.1,refseq_accession,NW_003871061.1
XJWKh8nsSqBFfcU0DIHMZohYyCWF-vcA,SQ.tUWgcxh6XK4NvM98KhqC1zVOG208JLk_,HG1063_PATCH,seqcol_name,
XJWKh8nsSqBFfcU0DIHMZohYyCWF-vcA,SQ.tXjseBXWiUMj9eX9oT_eJLer9IxUjBSn,GL877877.2,genbank_accession,GL877877.2
XJWKh8nsSqBFfcU0DIHMZohYyCWF-vcA,SQ.tXjseBXWiUMj9eX9oT_eJLer9IxUjBSn,NW_003571064.2,refseq_accession,NW_003571064.2
XJWKh8nsSqBFfcU0DIHMZohYyCWF-vcA,SQ.tXjseBXWiUMj9eX9oT_eJLer9IxUjBSn,HG480_HG481_PATCH,seqcol_name,
XJWKh8nsSqBFfcU0DIHMZohYyCWF-vcA,SQ.th33VVELCKOd0dhT-P_v4jof3AUPWIUr,GL000240.1,genbank_accession,GL000240.1
XJWKh8nsSqBFfcU0DIHMZohYyCWF-vcA,SQ.th33VVELCKOd0dhT-P_v4jof3AUPWIUr,NT_167234.1,refseq_accession,NT_167234.1
XJWKh8nsSqBFfcU0DIHMZohYyCWF-vcA,SQ.th33VVELCKOd0dhT-P_v4jof3AUPWIUr,HSCHRUN_RANDOM_CTG33,seqcol_name,
XJWKh8nsSqBFfcU0DIHMZohYyCWF-vcA,SQ.th33VVELCKOd0dhT-P_v4jof3AUPWIUr,chrUn_gl000240,ucsc,
XJWKh8nsSqBFfcU0DIHMZohYyCWF-vcA,SQ.traI0om_Wa_tb8BBRkxI1Mpp4gx8TgHs,GL000211.1,genbank_accession,GL000211.1
XJWKh8nsSqBFfcU0DIHMZohYyCWF-vcA,SQ.traI0om_Wa_tb8BBRkxI1Mpp4gx8TgHs,NT_113961.1,refseq_accession,NT_113961.1
XJWKh8nsSqBFfcU0DIHMZohYyCWF-vcA,SQ.traI0om_Wa_tb8BBRkxI1Mpp4gx8TgHs,HSCHRUN_RANDOM_CTG1,seqcol_name,
XJWKh8nsSqBFfcU0DIHMZohYyCWF-vcA,SQ.traI0om_Wa_tb8BBRkxI1Mpp4gx8TgHs,chrUn_gl000211,ucsc,
XJWKh8nsSqBFfcU0DIHMZohYyCWF-vcA,SQ.uFz0BySK5T7u0nWZfcJxqM8tCQgk3kJV,GL383529.1,genbank_accession,GL383529.1
XJWKh8nsSqBFfcU0DIHMZohYyCWF-vcA,SQ.uFz0BySK5T7u0nWZfcJxqM8tCQgk3kJV,NW_003315916.1,refseq_accession,NW_003315916.1
XJWKh8nsSqBFfcU0DIHMZohYyCWF-vcA,SQ.uFz0BySK5T7u0nWZfcJxqM8tCQgk3kJV,HSCHR4_2_CTG9,seqcol_name,
XJWKh8nsSqBFfcU0DIHMZohYyCWF-vcA,SQ.uIWxPT82_D_Q8jorfznOy58_tsn3ssG5,GL949752.1,genbank_accession,GL949752.1
XJWKh8nsSqBFfcU0DIHMZohYyCWF-vcA,SQ.uIWxPT82_D_Q8jorfznOy58_tsn3ssG5,NW_003571060.1,refseq_accession,NW_003571060.1
XJWKh8nsSqBFfcU0DIHMZohYyCWF-vcA,SQ.uIWxPT82_D_Q8jorfznOy58_tsn3ssG5,HSCHR19LRC_PGF1_CTG1,seqcol_name,
XJWKh8nsSqBFfcU0DIHMZohYyCWF-vcA,SQ.ucWXh-_OoiOm7wRAYMe1992G0UhvjOBm,JH636057.1,genbank_accession,JH636057.1
XJWKh8nsSqBFfcU0DIHMZohYyCWF-vcA,SQ.ucWXh-_OoiOm7wRAYMe1992G0UhvjOBm,NW_003871063.1,refseq_accession,NW_003871063.1
XJWKh8nsSqBFfcU0DIHMZohYyCWF-vcA,SQ.ucWXh-_OoiOm7wRAYMe1992G0UhvjOBm,HG1322_PATCH,seqcol_name,
XJWKh8nsSqBFfcU0DIHMZohYyCWF-vcA,SQ.udMJQEKIyWPe8YGW1Dws6IHk_1NbkY9Y,GL000192.1,genbank_accession,GL000192.1
XJWKh8nsSqBFfcU0DIHMZohYyCWF-vcA,SQ.udMJQEKIyWPe8YGW1Dws6IHk_1NbkY9Y,NT_167207.1,refseq_accession,NT_167207.1
XJWKh8nsSqBFfcU0DIHMZohYyCWF-vcA,SQ.udMJQEKIyWPe8YGW1Dws6IHk_1NbkY9Y,HSCHR1_RANDOM_CTG12,seqcol_name,
XJWKh8nsSqBFfcU0DIHMZohYyCWF-vcA,SQ.udMJQEKIyWPe8YGW1Dws6IHk_1NbkY9Y,chr1_gl000192_random,ucsc,
XJWKh8nsSqBFfcU0DIHMZohYyCWF-vcA,SQ.uoSgKLeuWYiGisqvYYO1S7nhczOt1cv7,GL000249.1,genbank_accession,GL000249.1
XJWKh8nsSqBFfcU0DIHMZohYyCWF-vcA,SQ.uoSgKLeuWYiGisqvYYO1S7nhczOt1cv7,NT_167243.1,refseq_accession,NT_167243.1
XJWKh8nsSqBFfcU0DIHMZohYyCWF-vcA,SQ.uoSgKLeuWYiGisqvYYO1S7nhczOt1cv7,HSCHRUN_RANDOM_CTG42,seqcol_name,
XJWKh8nsSqBFfcU0DIHMZohYyCWF-vcA,SQ.uoSgKLeuWYiGisqvYYO1S7nhczOt1cv7,chrUn_gl000249,ucsc,
XJWKh8nsSqBFfcU0DIHMZohYyCWF-vcA,SQ.v0G9iBe66wTxARcf6zF33zRc9_2k6qQb,GL582967.1,genbank_accession,GL582967.1
XJWKh8nsSqBFfcU0DIHMZohYyCWF-vcA,SQ.v0G9iBe66wTxARcf6zF33zRc9_2k6qQb,NW_003571035.1,refseq_accession,NW_003571035.1
XJWKh8nsSqBFfcU0DIHMZohYyCWF-vcA,SQ.v0G9iBe66wTxARcf6zF33zRc9_2k6qQb,HG706_PATCH,seqcol_name,
XJWKh8nsSqBFfcU0DIHMZohYyCWF-vcA,SQ.v1AJJQUgze3G_ou3DwA1O469PusBn71i,GL383578.1,genbank_accession,GL383578.1
XJWKh8nsSqBFfcU0DIHMZohYyCWF-vcA,SQ.v1AJJQUgze3G_ou3DwA1O469PusBn71i,NW_003315967.1,refseq_accession,NW_003315967.1
XJWKh8nsSqBFfcU0DIHMZohYyCWF-vcA,SQ.v1AJJQUgze3G_ou3DwA1O469PusBn71i,HSCHR21_1_CTG1_1,seqcol_name,
XJWKh8nsSqBFfcU0DIHMZohYyCWF-vcA,SQ.v7noePfnNpK8ghYXEqZ9NukMXW7YeNsm,CM000685.1,genbank_accession,CM000685.1
XJWKh8nsSqBFfcU0DIHMZohYyCWF-vcA,SQ.v7noePfnNpK8ghYXEqZ9NukMXW7YeNsm,NC_000023.10,refseq_accession,NC_000023.10
XJWKh8nsSqBFfcU0DIHMZohYyCWF-vcA,SQ.v7noePfnNpK8ghYXEqZ9NukMXW7YeNsm,X,seqcol_name,
XJWKh8nsSqBFfcU0DIHMZohYyCWF-vcA,SQ.v7noePfnNpK8ghYXEqZ9NukMXW7YeNsm,chrX,ucsc,
XJWKh8nsSqBFfcU0DIHMZohYyCWF-vcA,SQ.v7pqSi3AgQ6DH4MDZlApxD5wXNukCNnW,GL383576.1,genbank_accession,GL383576.1
XJWKh8nsSqBFfcU0DIHMZohYyCWF-vcA,SQ.v7pqSi3AgQ6DH4MDZlApxD5wXNukCNnW,NW_003315965.1,refseq_accession,NW_003315965.1
XJWKh8nsSqBFfcU0DIHMZohYyCWF-vcA,SQ.v7pqSi3AgQ6DH4MDZlApxD5wXNukCNnW,HSCHR19_3_CTG3,seqcol_name,
XJWKh8nsSqBFfcU0DIHMZohYyCWF-vcA,SQ.vbjOdMfHJvTjK_nqvFvpaSKhZillW0SX,CM000667.1,genbank_accession,CM000667.1
XJWKh8nsSqBFfcU0DIHMZohYyCWF-vcA,SQ.vbjOdMfHJvTjK_nqvFvpaSKhZillW0SX,NC_000005.9,refseq_accession,NC_000005.9
XJWKh8nsSqBFfcU0DIHMZohYyCWF-vcA,SQ.vbjOdMfHJvTjK_nqvFvpaSKhZillW0SX,5,seqcol_name,
XJWKh8nsSqBFfcU0DIHMZohYyCWF-vcA,SQ.vbjOdMfHJvTjK_nqvFvpaSKhZillW0SX,chr5,ucsc,
XJWKh8nsSqBFfcU0DIHMZohYyCWF-vcA,SQ.vfbJmCvoE6vQMOSTobr0TnNDUpTNprQt,GL000202.1,genbank_accession,GL000202.1
XJWKh8nsSqBFfcU0DIHMZohYyCWF-vcA,SQ.vfbJmCvoE6vQMOSTobr0TnNDUpTNprQt,NT_113921.2,refseq_accession,NT_113921.2
XJWKh8nsSqBFfcU0DIHMZohYyCWF-vcA,SQ.vfbJmCvoE6vQMOSTobr0TnNDUpTNprQt,HSCHR11_RANDOM_CTG2,seqcol_name,
XJWKh8nsSqBFfcU0DIHMZohYyCWF-vcA,SQ.vfbJmCvoE6vQMOSTobr0TnNDUpTNprQt,chr11_gl000202_random,ucsc,
XJWKh8nsSqBFfcU0DIHMZohYyCWF-vcA,SQ.vqdu1YaXoDAVBIEhpc-1RuMdKOCU3LFR,GL339450.1,genbank_accession,GL339450.1
XJWKh8nsSqBFfcU0DIHMZohYyCWF-vcA,SQ.vqdu1YaXoDAVBIEhpc-1RuMdKOCU3LFR,NW_003315925.1,refseq_accession,NW_003315925.1
XJWKh8nsSqBFfcU0DIHMZohYyCWF-vcA,SQ.vqdu1YaXoDAVBIEhpc-1RuMdKOCU3LFR,HG79_PATCH,seqcol_name,
XJWKh8nsSqBFfcU0DIHMZohYyCWF-vcA,SQ.x4sDr-Kr5wkLjkBo4HYnzPFcfTnRaFdP,GL383535.1,genbank_accession,GL383535.1
XJWKh8nsSqBFfcU0DIHMZohYyCWF-vcA,SQ.x4sDr-Kr5wkLjkBo4HYnzPFcfTnRaFdP,NW_003315923.1,refseq_accession,NW_003315923.1
XJWKh8nsSqBFfcU0DIHMZohYyCWF-vcA,SQ.x4sDr-Kr5wkLjkBo4HYnzPFcfTnRaFdP,HG104_HG975_PATCH,seqcol_name,
XJWKh8nsSqBFfcU0DIHMZohYyCWF-vcA,SQ.xG6X1niZL5ka910ne1W_3IKQG1papFZC,GL383542.1,genbank_accession,GL383542.1
XJWKh8nsSqBFfcU0DIHMZohYyCWF-vcA,SQ.xG6X1niZL5ka910ne1W_3IKQG1papFZC,NW_003315931.1,refseq_accession,NW_003315931.1
XJWKh8nsSqBFfcU0DIHMZohYyCWF-vcA,SQ.xG6X1niZL5ka910ne1W_3IKQG1papFZC,HSCHR9_3_CTG35,seqcol_name,
XJWKh8nsSqBFfcU0DIHMZohYyCWF-vcA,SQ.xX2Spx7wJ-cJ2ewNkWh6RQDim4XTJuI-,GL949745.1,genbank_accession,GL949745.1
XJWKh8nsSqBFfcU0DIHMZohYyCWF-vcA,SQ.xX2Spx7wJ-cJ2ewNkWh6RQDim4XTJuI-,NW_003571047.1,refseq_accession,NW_003571047.1
XJWKh8nsSqBFfcU0DIHMZohYyCWF-vcA,SQ.xX2Spx7wJ-cJ2ewNkWh6RQDim4XTJuI-,HG1133_PATCH,seqcol_name,
XJWKh8nsSqBFfcU0DIHMZohYyCWF-vcA,SQ.xbCrwhn7Fblv0QwsSG5fmwKm0KRXEwUv,GL000230.1,genbank_accession,GL000230.1
XJWKh8nsSqBFfcU0DIHMZohYyCWF-vcA,SQ.xbCrwhn7Fblv0QwsSG5fmwKm0KRXEwUv,NT_167224.1,refseq_accession,NT_167224.1
XJWKh8nsSqBFfcU0DIHMZohYyCWF-vcA,SQ.xbCrwhn7Fblv0QwsSG5fmwKm0KRXEwUv,HSCHRUN_RANDOM_CTG23,seqcol_name,
XJWKh8nsSqBFfcU0DIHMZohYyCWF-vcA,SQ.xbCrwhn7Fblv0QwsSG5fmwKm0KRXEwUv,chrUn_gl000230,ucsc,
XJWKh8nsSqBFfcU0DIHMZohYyCWF-vcA,SQ.xg302f-VLyLkkjPMrv8ejUHv4XrETznB,GL000208.1,genbank_accession,GL000208.1
XJWKh8nsSqBFfcU0DIHMZohYyCWF-vcA,SQ.xg302f-VLyLkkjPMrv8ejUHv4XrETznB,NT_113948.1,refseq_accession,NT_113948.1
XJWKh8nsSqBFfcU0DIHMZohYyCWF-vcA,SQ.xg302f-VLyLkkjPMrv8ejUHv4XrETznB,HSCHR19_RANDOM_CTG1,seqcol_name,
XJWKh8nsSqBFfcU0DIHMZohYyCWF-vcA,SQ.xg302f-VLyLkkjPMrv8ejUHv4XrETznB,chr19_gl000208_random,ucsc,
XJWKh8nsSqBFfcU0DIHMZohYyCWF-vcA,SQ.yaxXD4VEMF3-FwAYxPzAKfNDu5_JdXJH,GL000237.1,genbank_accession,GL000237.1
XJWKh8nsSqBFfcU0DIHMZohYyCWF-vcA,SQ.yaxXD4VEMF3-FwAYxPzAKfNDu5_JdXJH,NT_167231.1,refseq_accession,NT_167231.1
XJWKh8nsSqBFfcU0DIHMZohYyCWF-vcA,SQ.yaxXD4VEMF3-FwAYxPzAKfNDu5_JdXJH,HSCHRUN_RANDOM_CTG30,seqcol_name,
XJWKh8nsSqBFfcU0DIHMZohYyCWF-vcA,SQ.yaxXD4VEMF3-FwAYxPzAKfNDu5_JdXJH,chrUn_gl000237,ucsc,
XJWKh8nsSqBFfcU0DIHMZohYyCWF-vcA,SQ.ygxOeYuVhn0JnZ2jfXn9LOptgaEYSLdX,KB021647.1,genbank_accession,KB021647.1
XJWKh8nsSqBFfcU0DIHMZohYyCWF-vcA,SQ.ygxOeYuVhn0JnZ2jfXn9LOptgaEYSLdX,NW_004166865.1,refseq_accession,NW_004166865.1
XJWKh8nsSqBFfcU0DIHMZohYyCWF-vcA,SQ.ygxOeYuVhn0JnZ2jfXn9LOptgaEYSLdX,HG1079_PATCH,seqcol_name,
XJWKh8nsSqBFfcU0DIHMZohYyCWF-vcA,SQ.zIMZb3Ft7RdWa5XYq0PxIlezLY2ccCgt,CM000677.1,genbank_accession,CM000677.1
XJWKh8nsSqBFfcU0DIHMZohYyCWF-vcA,SQ.zIMZb3Ft7RdWa5XYq0PxIlezLY2ccCgt,NC_000015.9,refseq_accession,NC_000015.9
XJWKh8nsSqBFfcU0DIHMZohYyCWF-vcA,SQ.zIMZb3Ft7RdWa5XYq0PxIlezLY2ccCgt,15,seqcol_name,
XJWKh8nsSqBFfcU0DIHMZohYyCWF-vcA,SQ.zIMZb3Ft7RdWa5XYq0PxIlezLY2ccCgt,chr15,ucsc,
XJWKh8nsSqBFfcU0DIHMZohYyCWF-vcA,SQ.zTYY1t6u6dZ6lZKW3WNg5XpuDX-9_DFc,KE332502.1,genbank_accession,KE332502.1
XJWKh8nsSqBFfcU0DIHMZohYyCWF-vcA,SQ.zTYY1t6u6dZ6lZKW3WNg5XpuDX-9_DFc,NW_004775433.1,refseq_accession,NW_004775433.1
XJWKh8nsSqBFfcU0DIHMZohYyCWF-vcA,SQ.zTYY1t6u6dZ6lZKW3WNg5XpuDX-9_DFc,HG1591_PATCH,seqcol_name,
XJWKh8nsSqBFfcU0DIHMZohYyCWF-vcA,SQ.zmOX7gaNMbPsD0e7vAXK-MixMsR7OTwj,GL383556.1,genbank_accession,GL383556.1
XJWKh8nsSqBFfcU0DIHMZohYyCWF-vcA,SQ.zmOX7gaNMbPsD0e7vAXK-MixMsR7OTwj,NW_003315945.1,refseq_accession,NW_003315945.1
XJWKh8nsSqBFfcU0DIHMZohYyCWF-vcA,SQ.zmOX7gaNMbPsD0e7vAXK-MixMsR7OTwj,HSCHR16_1_CTG3_1,seqcol_name,
XJWKh8nsSqBFfcU0DIHMZohYyCWF-vcA,SQ.zuIA_X-7_vYYNRrLHLlBHVhjRjGbRDrO,JH159143.1,genbank_accession,JH159143.1
XJWKh8nsSqBFfcU0DIHMZohYyCWF-vcA,SQ.zuIA_X-7_vYYNRrLHLlBHVhjRjGbRDrO,NW_003871081.1,refseq_accession,NW_003871081.1
XJWKh8nsSqBFfcU0DIHMZohYyCWF-vcA,SQ.zuIA_X-7_vYYNRrLHLlBHVhjRjGbRDrO,HG414_PATCH,seqcol_name,
XemD97fxYMS4q-FBm_n5CHQgmzh1_67a,SQ.-A1QmD_MatoqxvgVxBLZTONHz9-c7nQo,CM000682.2,genbank_accession,CM000682.2
XemD97fxYMS4q-FBm_n5CHQgmzh1_67a,SQ.-A1QmD_MatoqxvgVxBLZTONHz9-c7nQo,NC_000020.11,refseq_accession,NC_000020.11
XemD97fxYMS4q-FBm_n5CHQgmzh1_67a,SQ.-A1QmD_MatoqxvgVxBLZTONHz9-c7nQo,20,seqcol_name,
XemD97fxYMS4q-FBm_n5CHQgmzh1_67a,SQ.-A1QmD_MatoqxvgVxBLZTONHz9-c7nQo,chr20,ucsc,
XemD97fxYMS4q-FBm_n5CHQgmzh1_67a,SQ.-P9myo8bawYL_es9umkI5zoLzv3YIwQ3,GL949753.2,genbank_accession,GL949753.2
XemD97fxYMS4q-FBm_n5CHQgmzh1_67a,SQ.-P9myo8bawYL_es9umkI5zoLzv3YIwQ3,NW_003571061.2,refseq_accession,NW_003571061.2
XemD97fxYMS4q-FBm_n5CHQgmzh1_67a,SQ.-P9myo8bawYL_es9umkI5zoLzv3YIwQ3,HSCHR19LRC_PGF2_CTG3_1,seqcol_name,
XemD97fxYMS4q-FBm_n5CHQgmzh1_67a,SQ.-P9myo8bawYL_es9umkI5zoLzv3YIwQ3,chr19_GL949753v2_alt,ucsc,
XemD97fxYMS4q-FBm_n5CHQgmzh1_67a,SQ.-j0aUJS62vmpwSMuGHaTuD5PD6ZPLiDa,KI270787.1,genbank_accession,KI270787.1
XemD97fxYMS4q-FBm_n5CHQgmzh1_67a,SQ.-j0aUJS62vmpwSMuGHaTuD5PD6ZPLiDa,NT_187541.1,refseq_accession,NT_187541.1
XemD97fxYMS4q-FBm_n5CHQgmzh1_67a,SQ.-j0aUJS62vmpwSMuGHaTuD5PD6ZPLiDa,HSCHR4_1_CTG8_1,seqcol_name,
XemD97fxYMS4q-FBm_n5CHQgmzh1_67a,SQ.-j0aUJS62vmpwSMuGHaTuD5PD6ZPLiDa,chr4_KI270787v1_alt,ucsc,
XemD97fxYMS4q-FBm_n5CHQgmzh1_67a,SQ.-xdFPXu8EXyfVO6hXXNjLt0wNmxEbBI7,KI270882.1,genbank_accession,KI270882.1
XemD97fxYMS4q-FBm_n5CHQgmzh1_67a,SQ.-xdFPXu8EXyfVO6hXXNjLt0wNmxEbBI7,NT_187636.1,refseq_accession,NT_187636.1
XemD97fxYMS4q-FBm_n5CHQgmzh1_67a,SQ.-xdFPXu8EXyfVO6hXXNjLt0wNmxEbBI7,HSCHR19KIR_FH15_B_HAP_CTG3_1,seqcol_name,
XemD97fxYMS4q-FBm_n5CHQgmzh1_67a,SQ.-xdFPXu8EXyfVO6hXXNjLt0wNmxEbBI7,chr19_KI270882v1_alt,ucsc,
XemD97fxYMS4q-FBm_n5CHQgmzh1_67a,SQ.04xmpFbzZiCj3JTIiKdmKjTEIUXazvZf,GL000257.2,genbank_accession,GL000257.2
XemD97fxYMS4q-FBm_n5CHQgmzh1_67a,SQ.04xmpFbzZiCj3JTIiKdmKjTEIUXazvZf,NT_167250.2,refseq_accession,NT_167250.2
XemD97fxYMS4q-FBm_n5CHQgmzh1_67a,SQ.04xmpFbzZiCj3JTIiKdmKjTEIUXazvZf,HSCHR4_1_CTG9,seqcol_name,
XemD97fxYMS4q-FBm_n5CHQgmzh1_67a,SQ.04xmpFbzZiCj3JTIiKdmKjTEIUXazvZf,chr4_GL000257v2_alt,ucsc,
XemD97fxYMS4q-FBm_n5CHQgmzh1_67a,SQ.0AKJ3MrG77ecu-amzGhOoIkdw0Tx-YHu,KI270429.1,genbank_accession,KI270429.1
XemD97fxYMS4q-FBm_n5CHQgmzh1_67a,SQ.0AKJ3MrG77ecu-amzGhOoIkdw0Tx-YHu,NT_187419.1,refseq_accession,NT_187419.1
XemD97fxYMS4q-FBm_n5CHQgmzh1_67a,SQ.0AKJ3MrG77ecu-amzGhOoIkdw0Tx-YHu,HSCHRUN_RANDOM_123,seqcol_name,
XemD97fxYMS4q-FBm_n5CHQgmzh1_67a,SQ.0AKJ3MrG77ecu-amzGhOoIkdw0Tx-YHu,chrUn_KI270429v1,ucsc,
XemD97fxYMS4q-FBm_n5CHQgmzh1_67a,SQ.0hIP48RklPWoM9e4TAFsEZ43J8dRLHNI,KB021644.2,genbank_accession,KB021644.2
XemD97fxYMS4q-FBm_n5CHQgmzh1_67a,SQ.0hIP48RklPWoM9e4TAFsEZ43J8dRLHNI,NW_004166862.2,refseq_accession,NW_004166862.2
XemD97fxYMS4q-FBm_n5CHQgmzh1_67a,SQ.0hIP48RklPWoM9e4TAFsEZ43J8dRLHNI,HSCHR6_1_CTG3,seqcol_name,
XemD97fxYMS4q-FBm_n5CHQgmzh1_67a,SQ.0hIP48RklPWoM9e4TAFsEZ43J8dRLHNI,chr6_KB021644v2_alt,ucsc,
XemD97fxYMS4q-FBm_n5CHQgmzh1_67a,SQ.0iKlIQk2oZLoeOG9P1riRU6hvL5Ux8TV,CM000668.2,genbank_accession,CM000668.2
XemD97fxYMS4q-FBm_n5CHQgmzh1_67a,SQ.0iKlIQk2oZLoeOG9P1riRU6hvL5Ux8TV,NC_000006.12,refseq_accession,NC_000006.12
XemD97fxYMS4q-FBm_n5CHQgmzh1_67a,SQ.0iKlIQk2oZLoeOG9P1riRU6hvL5Ux8TV,6,seqcol_name,
XemD97fxYMS4q-FBm_n5CHQgmzh1_67a,SQ.0iKlIQk2oZLoeOG9P1riRU6hvL5Ux8TV,chr6,ucsc,
XemD97fxYMS4q-FBm_n5CHQgmzh1_67a,SQ.0qqrlSPaQSbcbTS-XFDXNsxar_YBMpyI,KI270907.1,genbank_accession,KI270907.1
XemD97fxYMS4q-FBm_n5CHQgmzh1_67a,SQ.0qqrlSPaQSbcbTS-XFDXNsxar_YBMpyI,NT_187662.1,refseq_accession,NT_187662.1
XemD97fxYMS4q-FBm_n5CHQgmzh1_67a,SQ.0qqrlSPaQSbcbTS-XFDXNsxar_YBMpyI,HSCHR17_2_CTG1,seqcol_name,
XemD97fxYMS4q-FBm_n5CHQgmzh1_67a,SQ.0qqrlSPaQSbcbTS-XFDXNsxar_YBMpyI,chr17_KI270907v1_alt,ucsc,
XemD97fxYMS4q-FBm_n5CHQgmzh1_67a,SQ.0uoreCWKhOagVkU6g_wm3Ghqg-u0ELwG,KI270394.1,genbank_accession,KI270394.1
XemD97fxYMS4q-FBm_n5CHQgmzh1_67a,SQ.0uoreCWKhOagVkU6g_wm3Ghqg-u0ELwG,NT_187479.1,refseq_accession,NT_187479.1
XemD97fxYMS4q-FBm_n5CHQgmzh1_67a,SQ.0uoreCWKhOagVkU6g_wm3Ghqg-u0ELwG,HSCHRUN_RANDOM_187,seqcol_name,
XemD97fxYMS4q-FBm_n5CHQgmzh1_67a,SQ.0uoreCWKhOagVkU6g_wm3Ghqg-u0ELwG,chrUn_KI270394v1,ucsc,
XemD97fxYMS4q-FBm_n5CHQgmzh1_67a,SQ.10yp1VWMurzO9zF1l7rhscuh_oRLSTew,GL582966.2,genbank_accession,GL582966.2
XemD97fxYMS4q-FBm_n5CHQgmzh1_67a,SQ.10yp1VWMurzO9zF1l7rhscuh_oRLSTew,NW_003571033.2,refseq_accession,NW_003571033.2
XemD97fxYMS4q-FBm_n5CHQgmzh1_67a,SQ.10yp1VWMurzO9zF1l7rhscuh_oRLSTew,HSCHR2_2_CTG7_2,seqcol_name,
XemD97fxYMS4q-FBm_n5CHQgmzh1_67a,SQ.10yp1VWMurzO9zF1l7rhscuh_oRLSTew,chr2_GL582966v2_alt,ucsc,
XemD97fxYMS4q-FBm_n5CHQgmzh1_67a,SQ.1VIfWolFZeqoQU6YO0aj1Vhol9OZPRak,GL000213.1,genbank_accession,GL000213.1
XemD97fxYMS4q-FBm_n5CHQgmzh1_67a,SQ.1VIfWolFZeqoQU6YO0aj1Vhol9OZPRak,NT_167208.1,refseq_accession,NT_167208.1
XemD97fxYMS4q-FBm_n5CHQgmzh1_67a,SQ.1VIfWolFZeqoQU6YO0aj1Vhol9OZPRak,HSCHRUN_RANDOM_CTG2,seqcol_name,
XemD97fxYMS4q-FBm_n5CHQgmzh1_67a,SQ.1VIfWolFZeqoQU6YO0aj1Vhol9OZPRak,chrUn_GL000213v1,ucsc,
XemD97fxYMS4q-FBm_n5CHQgmzh1_67a,SQ.1aAdIiT24PCBZwQchGPn07h5CIuz21CP,KI270875.1,genbank_accession,KI270875.1
XemD97fxYMS4q-FBm_n5CHQgmzh1_67a,SQ.1aAdIiT24PCBZwQchGPn07h5CIuz21CP,NT_187629.1,refseq_accession,NT_187629.1
XemD97fxYMS4q-FBm_n5CHQgmzh1_67a,SQ.1aAdIiT24PCBZwQchGPn07h5CIuz21CP,HSCHR22_1_CTG3,seqcol_name,
XemD97fxYMS4q-FBm_n5CHQgmzh1_67a,SQ.1aAdIiT24PCBZwQchGPn07h5CIuz21CP,chr22_KI270875v1_alt,ucsc,
XemD97fxYMS4q-FBm_n5CHQgmzh1_67a,SQ.209Z7zJ-mFypBEWLk4rNC6S_OxY5p7bs,CM000670.2,genbank_accession,CM000670.2
XemD97fxYMS4q-FBm_n5CHQgmzh1_67a,SQ.209Z7zJ-mFypBEWLk4rNC6S_OxY5p7bs,NC_000008.11,refseq_accession,NC_000008.11
XemD97fxYMS4q-FBm_n5CHQgmzh1_67a,SQ.209Z7zJ-mFypBEWLk4rNC6S_OxY5p7bs,8,seqcol_name,
XemD97fxYMS4q-FBm_n5CHQgmzh1_67a,SQ.209Z7zJ-mFypBEWLk4rNC6S_OxY5p7bs,chr8,ucsc,
XemD97fxYMS4q-FBm_n5CHQgmzh1_67a,SQ.27DjvZ1xJkX9VImBZBUMkEU0oZyHjPOW,GL949748.2,genbank_accession,GL949748.2
XemD97fxYMS4q-FBm_n5CHQgmzh1_67a,SQ.27DjvZ1xJkX9VImBZBUMkEU0oZyHjPOW,NW_003571056.2,refseq_accession,NW_003571056.2
XemD97fxYMS4q-FBm_n5CHQgmzh1_67a,SQ.27DjvZ1xJkX9VImBZBUMkEU0oZyHjPOW,HSCHR19LRC_LRC_I_CTG3_1,seqcol_name,
XemD97fxYMS4q-FBm_n5CHQgmzh1_67a,SQ.27DjvZ1xJkX9VImBZBUMkEU0oZyHjPOW,chr19_GL949748v2_alt,ucsc,
XemD97fxYMS4q-FBm_n5CHQgmzh1_67a,SQ.2LEWMcieZGf9Sx4VpEeWSDcULUVHGm0w,GL000195.1,genbank_accession,GL000195.1
XemD97fxYMS4q-FBm_n5CHQgmzh1_67a,SQ.2LEWMcieZGf9Sx4VpEeWSDcULUVHGm0w,NT_113901.1,refseq_accession,NT_113901.1
XemD97fxYMS4q-FBm_n5CHQgmzh1_67a,SQ.2LEWMcieZGf9Sx4VpEeWSDcULUVHGm0w,HSCHRUN_RANDOM_CTG1,seqcol_name,
XemD97fxYMS4q-FBm_n5CHQgmzh1_67a,SQ.2LEWMcieZGf9Sx4VpEeWSDcULUVHGm0w,chrUn_GL000195v1,ucsc,
XemD97fxYMS4q-FBm_n5CHQgmzh1_67a,SQ.2N9rNY_Y-CzN1Ck9n_QM21lHxxhDFsgh,KI270751.1,genbank_accession,KI270751.1
XemD97fxYMS4q-FBm_n5CHQgmzh1_67a,SQ.2N9rNY_Y-CzN1Ck9n_QM21lHxxhDFsgh,NT_187506.1,refseq_accession,NT_187506.1
XemD97fxYMS4q-FBm_n5CHQgmzh1_67a,SQ.2N9rNY_Y-CzN1Ck9n_QM21lHxxhDFsgh,HSCHRUN_RANDOM_CTG28,seqcol_name,
XemD97fxYMS4q-FBm_n5CHQgmzh1_67a,SQ.2N9rNY_Y-CzN1Ck9n_QM21lHxxhDFsgh,chrUn_KI270751v1,ucsc,
XemD97fxYMS4q-FBm_n5CHQgmzh1_67a,SQ.2NkFm8HK88MqeNkCgj78KidCAXgnsfV1,CM000673.2,genbank_accession,CM000673.2
XemD97fxYMS4q-FBm_n5CHQgmzh1_67a,SQ.2NkFm8HK88MqeNkCgj78KidCAXgnsfV1,NC_000011.10,refseq_accession,NC_000011.10
XemD97fxYMS4q-FBm_n5CHQgmzh1_67a,SQ.2NkFm8HK88MqeNkCgj78KidCAXgnsfV1,11,seqcol_name,
XemD97fxYMS4q-FBm_n5CHQgmzh1_67a,SQ.2NkFm8HK88MqeNkCgj78KidCAXgnsfV1,chr11,ucsc,
XemD97fxYMS4q-FBm_n5CHQgmzh1_67a,SQ.2OYdJ5t_233ivPkfx6VvlNyCrXGOdFCL,KI270895.1,genbank_accession,KI270895.1
XemD97fxYMS4q-FBm_n5CHQgmzh1_67a,SQ.2OYdJ5t_233ivPkfx6VvlNyCrXGOdFCL,NT_187649.1,refseq_accession,NT_187649.1
XemD97fxYMS4q-FBm_n5CHQgmzh1_67a,SQ.2OYdJ5t_233ivPkfx6VvlNyCrXGOdFCL,HSCHR3_3_CTG3,seqcol_name,
XemD97fxYMS4q-FBm_n5CHQgmzh1_67a,SQ.2OYdJ5t_233ivPkfx6VvlNyCrXGOdFCL,chr3_KI270895v1_alt,ucsc,
XemD97fxYMS4q-FBm_n5CHQgmzh1_67a,SQ.2cvfzZ7UwkdYkqg00nyN1AFQOvuFVM-9,KI270310.1,genbank_accession,KI270310.1
XemD97fxYMS4q-FBm_n5CHQgmzh1_67a,SQ.2cvfzZ7UwkdYkqg00nyN1AFQOvuFVM-9,NT_187402.1,refseq_accession,NT_187402.1
XemD97fxYMS4q-FBm_n5CHQgmzh1_67a,SQ.2cvfzZ7UwkdYkqg00nyN1AFQOvuFVM-9,HSCHRUN_RANDOM_106,seqcol_name,
XemD97fxYMS4q-FBm_n5CHQgmzh1_67a,SQ.2cvfzZ7UwkdYkqg00nyN1AFQOvuFVM-9,chrUn_KI270310v1,ucsc,
XemD97fxYMS4q-FBm_n5CHQgmzh1_67a,SQ.2jZ5Lef7x4Vq6-91MsEwRX25EIhxKmBv,KI270711.1,genbank_accession,KI270711.1
XemD97fxYMS4q-FBm_n5CHQgmzh1_67a,SQ.2jZ5Lef7x4Vq6-91MsEwRX25EIhxKmBv,NT_187366.1,refseq_accession,NT_187366.1
XemD97fxYMS4q-FBm_n5CHQgmzh1_67a,SQ.2jZ5Lef7x4Vq6-91MsEwRX25EIhxKmBv,HSCHR1_CTG6_UNLOCALIZED,seqcol_name,
XemD97fxYMS4q-FBm_n5CHQgmzh1_67a,SQ.2jZ5Lef7x4Vq6-91MsEwRX25EIhxKmBv,chr1_KI270711v1_random,ucsc,
XemD97fxYMS4q-FBm_n5CHQgmzh1_67a,SQ.2xd_KJyoRn5IONHCVH99fbct9u4JYdti,KI270752.1,genbank_accession,KI270752.1
XemD97fxYMS4q-FBm_n5CHQgmzh1_67a,SQ.2xd_KJyoRn5IONHCVH99fbct9u4JYdti,NT_187507.1,refseq_accession,NT_187507.1
XemD97fxYMS4q-FBm_n5CHQgmzh1_67a,SQ.2xd_KJyoRn5IONHCVH99fbct9u4JYdti,HSCHRUN_RANDOM_CTG29,seqcol_name,
XemD97fxYMS4q-FBm_n5CHQgmzh1_67a,SQ.2xd_KJyoRn5IONHCVH99fbct9u4JYdti,chrUn_KI270752v1,ucsc,
XemD97fxYMS4q-FBm_n5CHQgmzh1_67a,SQ.2z93I9Tkn7buVUT4hkXgxRSUf52vA1SH,KI270581.1,genbank_accession,KI270581.1
XemD97fxYMS4q-FBm_n5CHQgmzh1_67a,SQ.2z93I9Tkn7buVUT4hkXgxRSUf52vA1SH,NT_187449.1,refseq_accession,NT_187449.1
XemD97fxYMS4q-FBm_n5CHQgmzh1_67a,SQ.2z93I9Tkn7buVUT4hkXgxRSUf52vA1SH,HSCHRUN_RANDOM_157,seqcol_name,
XemD97fxYMS4q-FBm_n5CHQgmzh1_67a,SQ.2z93I9Tkn7buVUT4hkXgxRSUf52vA1SH,chrUn_KI270581v1,ucsc,
XemD97fxYMS4q-FBm_n5CHQgmzh1_67a,SQ.3-UVYU0k2zXt2WUqfakC5z45FZQUWUxz,KI270315.1,genbank_accession,KI270315.1
XemD97fxYMS4q-FBm_n5CHQgmzh1_67a,SQ.3-UVYU0k2zXt2WUqfakC5z45FZQUWUxz,NT_187404.1,refseq_accession,NT_187404.1
XemD97fxYMS4q-FBm_n5CHQgmzh1_67a,SQ.3-UVYU0k2zXt2WUqfakC5z45FZQUWUxz,HSCHRUN_RANDOM_108,seqcol_name,
XemD97fxYMS4q-FBm_n5CHQgmzh1_67a,SQ.3-UVYU0k2zXt2WUqfakC5z45FZQUWUxz,chrUn_KI270315v1,ucsc,
XemD97fxYMS4q-FBm_n5CHQgmzh1_67a,SQ.3Lc9tjpmWSWfXZwgbUtmFTJZ0FCfGKZh,KI270329.1,genbank_accession,KI270329.1
XemD97fxYMS4q-FBm_n5CHQgmzh1_67a,SQ.3Lc9tjpmWSWfXZwgbUtmFTJZ0FCfGKZh,NT_187459.1,refseq_accession,NT_187459.1
XemD97fxYMS4q-FBm_n5CHQgmzh1_67a,SQ.3Lc9tjpmWSWfXZwgbUtmFTJZ0FCfGKZh,HSCHRUN_RANDOM_167,seqcol_name,
XemD97fxYMS4q-FBm_n5CHQgmzh1_67a,SQ.3Lc9tjpmWSWfXZwgbUtmFTJZ0FCfGKZh,chrUn_KI270329v1,ucsc,
XemD97fxYMS4q-FBm_n5CHQgmzh1_67a,SQ.3Wx-9rRd5d7m3WxtJ_HScX3Bz1MiQWjR,KI270861.1,genbank_accession,KI270861.1
XemD97fxYMS4q-FBm_n5CHQgmzh1_67a,SQ.3Wx-9rRd5d7m3WxtJ_HScX3Bz1MiQWjR,NT_187611.1,refseq_accession,NT_187611.1
XemD97fxYMS4q-FBm_n5CHQgmzh1_67a,SQ.3Wx-9rRd5d7m3WxtJ_HScX3Bz1MiQWjR,HSCHR17_1_CTG2,seqcol_name,
XemD97fxYMS4q-FBm_n5CHQgmzh1_67a,SQ.3Wx-9rRd5d7m3WxtJ_HScX3Bz1MiQWjR,chr17_KI270861v1_alt,ucsc,
XemD97fxYMS4q-FBm_n5CHQgmzh1_67a,SQ.3fbIfEvQYYis7TyaluTyv299Xczxo3YP,KI270378.1,genbank_accession,KI270378.1
XemD97fxYMS4q-FBm_n5CHQgmzh1_67a,SQ.3fbIfEvQYYis7TyaluTyv299Xczxo3YP,NT_187471.1,refseq_accession,NT_187471.1
XemD97fxYMS4q-FBm_n5CHQgmzh1_67a,SQ.3fbIfEvQYYis7TyaluTyv299Xczxo3YP,HSCHRUN_RANDOM_179,seqcol_name,
XemD97fxYMS4q-FBm_n5CHQgmzh1_67a,SQ.3fbIfEvQYYis7TyaluTyv299Xczxo3YP,chrUn_KI270378v1,ucsc,
XemD97fxYMS4q-FBm_n5CHQgmzh1_67a,SQ.3vUgExTDPg-6kH2ZiULbknG65kUMHAVw,KI270818.1,genbank_accession,KI270818.1
XemD97fxYMS4q-FBm_n5CHQgmzh1_67a,SQ.3vUgExTDPg-6kH2ZiULbknG65kUMHAVw,NT_187572.1,refseq_accession,NT_187572.1
XemD97fxYMS4q-FBm_n5CHQgmzh1_67a,SQ.3vUgExTDPg-6kH2ZiULbknG65kUMHAVw,HSCHR8_4_CTG1,seqcol_name,
XemD97fxYMS4q-FBm_n5CHQgmzh1_67a,SQ.3vUgExTDPg-6kH2ZiULbknG65kUMHAVw,chr8_KI270818v1_alt,ucsc,
XemD97fxYMS4q-FBm_n5CHQgmzh1_67a,SQ.43QwJO14EHFTfWtSI3yZD4Cr4Z8AAAab,KI270423.1,genbank_accession,KI270423.1
XemD97fxYMS4q-FBm_n5CHQgmzh1_67a,SQ.43QwJO14EHFTfWtSI3yZD4Cr4Z8AAAab,NT_187417.1,refseq_accession,NT_187417.1
XemD97fxYMS4q-FBm_n5CHQgmzh1_67a,SQ.43QwJO14EHFTfWtSI3yZD4Cr4Z8AAAab,HSCHRUN_RANDOM_121,seqcol_name,
XemD97fxYMS4q-FBm_n5CHQgmzh1_67a,SQ.43QwJO14EHFTfWtSI3yZD4Cr4Z8AAAab,chrUn_KI270423v1,ucsc,
XemD97fxYMS4q-FBm_n5CHQgmzh1_67a,SQ.4B1F4oQX-aalUfQzIGiGSNqfMPjtbK8O,KI270716.1,genbank_accession,KI270716.1
XemD97fxYMS4q-FBm_n5CHQgmzh1_67a,SQ.4B1F4oQX-aalUfQzIGiGSNqfMPjtbK8O,NT_187371.1,refseq_accession,NT_187371.1
XemD97fxYMS4q-FBm_n5CHQgmzh1_67a,SQ.4B1F4oQX-aalUfQzIGiGSNqfMPjtbK8O,HSCHR2_RANDOM_CTG2,seqcol_name,
XemD97fxYMS4q-FBm_n5CHQgmzh1_67a,SQ.4B1F4oQX-aalUfQzIGiGSNqfMPjtbK8O,chr2_KI270716v1_random,ucsc,
XemD97fxYMS4q-FBm_n5CHQgmzh1_67a,SQ.4B6-ZKomKbCP3qJdfB8XKcD2ENOifPCf,GL000221.1,genbank_accession,GL000221.1
XemD97fxYMS4q-FBm_n5CHQgmzh1_67a,SQ.4B6-ZKomKbCP3qJdfB8XKcD2ENOifPCf,NT_167215.1,refseq_accession,NT_167215.1
XemD97fxYMS4q-FBm_n5CHQgmzh1_67a,SQ.4B6-ZKomKbCP3qJdfB8XKcD2ENOifPCf,HSCHR3UN_CTG2,seqcol_name,
XemD97fxYMS4q-FBm_n5CHQgmzh1_67a,SQ.4B6-ZKomKbCP3qJdfB8XKcD2ENOifPCf,chr3_GL000221v1_random,ucsc,
XemD97fxYMS4q-FBm_n5CHQgmzh1_67a,SQ.4N0fxRAxFCmrIVJjaxfkY96Piqt5t-zQ,KI270317.1,genbank_accession,KI270317.1
XemD97fxYMS4q-FBm_n5CHQgmzh1_67a,SQ.4N0fxRAxFCmrIVJjaxfkY96Piqt5t-zQ,NT_187407.1,refseq_accession,NT_187407.1
XemD97fxYMS4q-FBm_n5CHQgmzh1_67a,SQ.4N0fxRAxFCmrIVJjaxfkY96Piqt5t-zQ,HSCHRUN_RANDOM_111,seqcol_name,
XemD97fxYMS4q-FBm_n5CHQgmzh1_67a,SQ.4N0fxRAxFCmrIVJjaxfkY96Piqt5t-zQ,chrUn_KI270317v1,ucsc,
XemD97fxYMS4q-FBm_n5CHQgmzh1_67a,SQ.4UtsO5P3uzzKS5LrK3MtXFpkYV3PWDQ_,GL383582.2,genbank_accession,GL383582.2
XemD97fxYMS4q-FBm_n5CHQgmzh1_67a,SQ.4UtsO5P3uzzKS5LrK3MtXFpkYV3PWDQ_,NW_003315971.2,refseq_accession,NW_003315971.2
XemD97fxYMS4q-FBm_n5CHQgmzh1_67a,SQ.4UtsO5P3uzzKS5LrK3MtXFpkYV3PWDQ_,HSCHR22_1_CTG1,seqcol_name,
XemD97fxYMS4q-FBm_n5CHQgmzh1_67a,SQ.4UtsO5P3uzzKS5LrK3MtXFpkYV3PWDQ_,chr22_GL383582v2_alt,ucsc,
XemD97fxYMS4q-FBm_n5CHQgmzh1_67a,SQ.51z7LccuEaAJoppILsqiPQnKEND0j1D_,KI270783.1,genbank_accession,KI270783.1
XemD97fxYMS4q-FBm_n5CHQgmzh1_67a,SQ.51z7LccuEaAJoppILsqiPQnKEND0j1D_,NT_187535.1,refseq_accession,NT_187535.1
XemD97fxYMS4q-FBm_n5CHQgmzh1_67a,SQ.51z7LccuEaAJoppILsqiPQnKEND0j1D_,HSCHR3_3_CTG1,seqcol_name,
XemD97fxYMS4q-FBm_n5CHQgmzh1_67a,SQ.51z7LccuEaAJoppILsqiPQnKEND0j1D_,chr3_KI270783v1_alt,ucsc,
XemD97fxYMS4q-FBm_n5CHQgmzh1_67a,SQ.5CQK3QIZTKjkmyn9KTFa3LMKkUwJapBW,KI270841.1,genbank_accession,KI270841.1
XemD97fxYMS4q-FBm_n5CHQgmzh1_67a,SQ.5CQK3QIZTKjkmyn9KTFa3LMKkUwJapBW,NT_187595.1,refseq_accession,NT_187595.1
XemD97fxYMS4q-FBm_n5CHQgmzh1_67a,SQ.5CQK3QIZTKjkmyn9KTFa3LMKkUwJapBW,HSCHR13_1_CTG4,seqcol_name,
XemD97fxYMS4q-FBm_n5CHQgmzh1_67a,SQ.5CQK3QIZTKjkmyn9KTFa3LMKkUwJapBW,chr13_KI270841v1_alt,ucsc,
XemD97fxYMS4q-FBm_n5CHQgmzh1_67a,SQ.5SwHHfTs46OKapRVYM6R3cf91dLl5mVm,KI270887.1,genbank_accession,KI270887.1
XemD97fxYMS4q-FBm_n5CHQgmzh1_67a,SQ.5SwHHfTs46OKapRVYM6R3cf91dLl5mVm,NT_187641.1,refseq_accession,NT_187641.1
XemD97fxYMS4q-FBm_n5CHQgmzh1_67a,SQ.5SwHHfTs46OKapRVYM6R3cf91dLl5mVm,HSCHR19KIR_GRC212_AB_HAP_CTG3_1,seqcol_name,
XemD97fxYMS4q-FBm_n5CHQgmzh1_67a,SQ.5SwHHfTs46OKapRVYM6R3cf91dLl5mVm,chr19_KI270887v1_alt,ucsc,
XemD97fxYMS4q-FBm_n5CHQgmzh1_67a,SQ.5ZUqxCmDDgN4xTRbaSjN8LwgZironmB8,CM000683.2,genbank_accession,CM000683.2
XemD97fxYMS4q-FBm_n5CHQgmzh1_67a,SQ.5ZUqxCmDDgN4xTRbaSjN8LwgZironmB8,NC_000021.9,refseq_accession,NC_000021.9
XemD97fxYMS4q-FBm_n5CHQgmzh1_67a,SQ.5ZUqxCmDDgN4xTRbaSjN8LwgZironmB8,21,seqcol_name,
XemD97fxYMS4q-FBm_n5CHQgmzh1_67a,SQ.5ZUqxCmDDgN4xTRbaSjN8LwgZironmB8,chr21,ucsc,
XemD97fxYMS4q-FBm_n5CHQgmzh1_67a,SQ.5d3te3IIA37diOsb5EHT4bi6-jw6qq2-,KI270330.1,genbank_accession,KI270330.1
XemD97fxYMS4q-FBm_n5CHQgmzh1_67a,SQ.5d3te3IIA37diOsb5EHT4bi6-jw6qq2-,NT_187458.1,refseq_accession,NT_187458.1
XemD97fxYMS4q-FBm_n5CHQgmzh1_67a,SQ.5d3te3IIA37diOsb5EHT4bi6-jw6qq2-,HSCHRUN_RANDOM_166,seqcol_name,
XemD97fxYMS4q-FBm_n5CHQgmzh1_67a,SQ.5d3te3IIA37diOsb5EHT4bi6-jw6qq2-,chrUn_KI270330v1,ucsc,
XemD97fxYMS4q-FBm_n5CHQgmzh1_67a,SQ.5q6hnhidZdGDHu0rEoHthfgxUY058rB_,KI270844.1,genbank_accession,KI270844.1
XemD97fxYMS4q-FBm_n5CHQgmzh1_67a,SQ.5q6hnhidZdGDHu0rEoHthfgxUY058rB_,NT_187598.1,refseq_accession,NT_187598.1
XemD97fxYMS4q-FBm_n5CHQgmzh1_67a,SQ.5q6hnhidZdGDHu0rEoHthfgxUY058rB_,HSCHR14_1_CTG1,seqcol_name,
XemD97fxYMS4q-FBm_n5CHQgmzh1_67a,SQ.5q6hnhidZdGDHu0rEoHthfgxUY058rB_,chr14_KI270844v1_alt,ucsc,
XemD97fxYMS4q-FBm_n5CHQgmzh1_67a,SQ.5sH5f1aQvsWuL4Cx1S60J2SDZo7SW2st,KI270412.1,genbank_accession,KI270412.1
XemD97fxYMS4q-FBm_n5CHQgmzh1_67a,SQ.5sH5f1aQvsWuL4Cx1S60J2SDZo7SW2st,NT_187408.1,refseq_accession,NT_187408.1
XemD97fxYMS4q-FBm_n5CHQgmzh1_67a,SQ.5sH5f1aQvsWuL4Cx1S60J2SDZo7SW2st,HSCHRUN_RANDOM_112,seqcol_name,
XemD97fxYMS4q-FBm_n5CHQgmzh1_67a,SQ.5sH5f1aQvsWuL4Cx1S60J2SDZo7SW2st,chrUn_KI270412v1,ucsc,
XemD97fxYMS4q-FBm_n5CHQgmzh1_67a,SQ.5sJPeOQINUJr0syBJgsAX7bqCNmmWXJq,KI270766.1,genbank_accession,KI270766.1
XemD97fxYMS4q-FBm_n5CHQgmzh1_67a,SQ.5sJPeOQINUJr0syBJgsAX7bqCNmmWXJq,NT_187517.1,refseq_accession,NT_187517.1
XemD97fxYMS4q-FBm_n5CHQgmzh1_67a,SQ.5sJPeOQINUJr0syBJgsAX7bqCNmmWXJq,HSCHR1_2_CTG3,seqcol_name,
XemD97fxYMS4q-FBm_n5CHQgmzh1_67a,SQ.5sJPeOQINUJr0syBJgsAX7bqCNmmWXJq,chr1_KI270766v1_alt,ucsc,
XemD97fxYMS4q-FBm_n5CHQgmzh1_67a,SQ.5urbJSJsDlThyiED4KDLDnylx-K2v9Gm,KI270529.1,genbank_accession,KI270529.1
XemD97fxYMS4q-FBm_n5CHQgmzh1_67a,SQ.5urbJSJsDlThyiED4KDLDnylx-K2v9Gm,NT_187439.1,refseq_accession,NT_187439.1
XemD97fxYMS4q-FBm_n5CHQgmzh1_67a,SQ.5urbJSJsDlThyiED4KDLDnylx-K2v9Gm,HSCHRUN_RANDOM_143,seqcol_name,
XemD97fxYMS4q-FBm_n5CHQgmzh1_67a,SQ.5urbJSJsDlThyiED4KDLDnylx-K2v9Gm,chrUn_KI270529v1,ucsc,
XemD97fxYMS4q-FBm_n5CHQgmzh1_67a,SQ.63KEzgQl9n4E7guLzaB12sMe2B5HTDLH,KI270538.1,genbank_accession,KI270538.1
XemD97fxYMS4q-FBm_n5CHQgmzh1_67a,SQ.63KEzgQl9n4E7guLzaB12sMe2B5HTDLH,NT_187443.1,refseq_accession,NT_187443.1
XemD97fxYMS4q-FBm_n5CHQgmzh1_67a,SQ.63KEzgQl9n4E7guLzaB12sMe2B5HTDLH,HSCHRUN_RANDOM_147,seqcol_name,
XemD97fxYMS4q-FBm_n5CHQgmzh1_67a,SQ.63KEzgQl9n4E7guLzaB12sMe2B5HTDLH,chrUn_KI270538v1,ucsc,
XemD97fxYMS4q-FBm_n5CHQgmzh1_67a,SQ.68oFh38v-ZYbo8antSTv-KSRrHCYpcGg,KI270776.1,genbank_accession,KI270776.1
XemD97fxYMS4q-FBm_n5CHQgmzh1_67a,SQ.68oFh38v-ZYbo8antSTv-KSRrHCYpcGg,NT_187527.1,refseq_accession,NT_187527.1
XemD97fxYMS4q-FBm_n5CHQgmzh1_67a,SQ.68oFh38v-ZYbo8antSTv-KSRrHCYpcGg,HSCHR2_3_CTG15,seqcol_name,
XemD97fxYMS4q-FBm_n5CHQgmzh1_67a,SQ.68oFh38v-ZYbo8antSTv-KSRrHCYpcGg,chr2_KI270776v1_alt,ucsc,
XemD97fxYMS4q-FBm_n5CHQgmzh1_67a,SQ.6B_7lmToxv-R6Sd_0TR7PO1CUD4fMM_C,KI270897.1,genbank_accession,KI270897.1
XemD97fxYMS4q-FBm_n5CHQgmzh1_67a,SQ.6B_7lmToxv-R6Sd_0TR7PO1CUD4fMM_C,NT_187651.1,refseq_accession,NT_187651.1
XemD97fxYMS4q-FBm_n5CHQgmzh1_67a,SQ.6B_7lmToxv-R6Sd_0TR7PO1CUD4fMM_C,HSCHR5_1_CTG1_1,seqcol_name,
XemD97fxYMS4q-FBm_n5CHQgmzh1_67a,SQ.6B_7lmToxv-R6Sd_0TR7PO1CUD4fMM_C,chr5_KI270897v1_alt,ucsc,
XemD97fxYMS4q-FBm_n5CHQgmzh1_67a,SQ.6exNPK-frazLU4nT_nOa792nRAzqMqlQ,GL949750.2,genbank_accession,GL949750.2
XemD97fxYMS4q-FBm_n5CHQgmzh1_67a,SQ.6exNPK-frazLU4nT_nOa792nRAzqMqlQ,NW_003571058.2,refseq_accession,NW_003571058.2
XemD97fxYMS4q-FBm_n5CHQgmzh1_67a,SQ.6exNPK-frazLU4nT_nOa792nRAzqMqlQ,HSCHR19LRC_LRC_S_CTG3_1,seqcol_name,
XemD97fxYMS4q-FBm_n5CHQgmzh1_67a,SQ.6exNPK-frazLU4nT_nOa792nRAzqMqlQ,chr19_GL949750v2_alt,ucsc,
XemD97fxYMS4q-FBm_n5CHQgmzh1_67a,SQ.6gvPDcssO8yJbYwnRwcOdz7Ps4FeCiDP,KI270518.1,genbank_accession,KI270518.1
XemD97fxYMS4q-FBm_n5CHQgmzh1_67a,SQ.6gvPDcssO8yJbYwnRwcOdz7Ps4FeCiDP,NT_187429.1,refseq_accession,NT_187429.1
XemD97fxYMS4q-FBm_n5CHQgmzh1_67a,SQ.6gvPDcssO8yJbYwnRwcOdz7Ps4FeCiDP,HSCHRUN_RANDOM_133,seqcol_name,
XemD97fxYMS4q-FBm_n5CHQgmzh1_67a,SQ.6gvPDcssO8yJbYwnRwcOdz7Ps4FeCiDP,chrUn_KI270518v1,ucsc,
XemD97fxYMS4q-FBm_n5CHQgmzh1_67a,SQ.6wlJpONE3oNb4D69ULmEXhqyDZ4vwNfl,CM000674.2,genbank_accession,CM000674.2
XemD97fxYMS4q-FBm_n5CHQgmzh1_67a,SQ.6wlJpONE3oNb4D69ULmEXhqyDZ4vwNfl,NC_000012.12,refseq_accession,NC_000012.12
XemD97fxYMS4q-FBm_n5CHQgmzh1_67a,SQ.6wlJpONE3oNb4D69ULmEXhqyDZ4vwNfl,12,seqcol_name,
XemD97fxYMS4q-FBm_n5CHQgmzh1_67a,SQ.6wlJpONE3oNb4D69ULmEXhqyDZ4vwNfl,chr12,ucsc,
XemD97fxYMS4q-FBm_n5CHQgmzh1_67a,SQ.6xkD3rl6v_9Zdp1owKMIpW1eZ6stlwAi,KI270845.1,genbank_accession,KI270845.1
XemD97fxYMS4q-FBm_n5CHQgmzh1_67a,SQ.6xkD3rl6v_9Zdp1owKMIpW1eZ6stlwAi,NT_187599.1,refseq_accession,NT_187599.1
XemD97fxYMS4q-FBm_n5CHQgmzh1_67a,SQ.6xkD3rl6v_9Zdp1owKMIpW1eZ6stlwAi,HSCHR14_2_CTG1,seqcol_name,
XemD97fxYMS4q-FBm_n5CHQgmzh1_67a,SQ.6xkD3rl6v_9Zdp1owKMIpW1eZ6stlwAi,chr14_KI270845v1_alt,ucsc,
XemD97fxYMS4q-FBm_n5CHQgmzh1_67a,SQ.7AFep_S92lWEOHQO3mUGnbrteitf8Ulm,KI270418.1,genbank_accession,KI270418.1
XemD97fxYMS4q-FBm_n5CHQgmzh1_67a,SQ.7AFep_S92lWEOHQO3mUGnbrteitf8Ulm,NT_187412.1,refseq_accession,NT_187412.1
XemD97fxYMS4q-FBm_n5CHQgmzh1_67a,SQ.7AFep_S92lWEOHQO3mUGnbrteitf8Ulm,HSCHRUN_RANDOM_116,seqcol_name,
XemD97fxYMS4q-FBm_n5CHQgmzh1_67a,SQ.7AFep_S92lWEOHQO3mUGnbrteitf8Ulm,chrUn_KI270418v1,ucsc,
XemD97fxYMS4q-FBm_n5CHQgmzh1_67a,SQ.7B6iWftXnP2ZsUn1N3IFai45KfGmIVWi,KI270522.1,genbank_accession,KI270522.1
XemD97fxYMS4q-FBm_n5CHQgmzh1_67a,SQ.7B6iWftXnP2ZsUn1N3IFai45KfGmIVWi,NT_187434.1,refseq_accession,NT_187434.1
XemD97fxYMS4q-FBm_n5CHQgmzh1_67a,SQ.7B6iWftXnP2ZsUn1N3IFai45KfGmIVWi,HSCHRUN_RANDOM_138,seqcol_name,
XemD97fxYMS4q-FBm_n5CHQgmzh1_67a,SQ.7B6iWftXnP2ZsUn1N3IFai45KfGmIVWi,chrUn_KI270522v1,ucsc,
XemD97fxYMS4q-FBm_n5CHQgmzh1_67a,SQ.7B7SHsmchAR0dFcDCuSFjJAo7tX87krQ,CM000684.2,genbank_accession,CM000684.2
XemD97fxYMS4q-FBm_n5CHQgmzh1_67a,SQ.7B7SHsmchAR0dFcDCuSFjJAo7tX87krQ,NC_000022.11,refseq_accession,NC_000022.11
XemD97fxYMS4q-FBm_n5CHQgmzh1_67a,SQ.7B7SHsmchAR0dFcDCuSFjJAo7tX87krQ,22,seqcol_name,
XemD97fxYMS4q-FBm_n5CHQgmzh1_67a,SQ.7B7SHsmchAR0dFcDCuSFjJAo7tX87krQ,chr22,ucsc,
XemD97fxYMS4q-FBm_n5CHQgmzh1_67a,SQ.7Fmp4pU2KBOtIhW2ZeL6CXxGP4sy606F,GL000224.1,genbank_accession,GL000224.1
XemD97fxYMS4q-FBm_n5CHQgmzh1_67a,SQ.7Fmp4pU2KBOtIhW2ZeL6CXxGP4sy606F,NT_167218.1,refseq_accession,NT_167218.1
XemD97fxYMS4q-FBm_n5CHQgmzh1_67a,SQ.7Fmp4pU2KBOtIhW2ZeL6CXxGP4sy606F,HSCHRUN_RANDOM_CTG16,seqcol_name,
XemD97fxYMS4q-FBm_n5CHQgmzh1_67a,SQ.7Fmp4pU2KBOtIhW2ZeL6CXxGP4sy606F,chrUn_GL000224v1,ucsc,
XemD97fxYMS4q-FBm_n5CHQgmzh1_67a,SQ.7WMQtd1zNVnIHTxHHV1KARtyMqHXUAtP,KI270583.1,genbank_accession,KI270583.1
XemD97fxYMS4q-FBm_n5CHQgmzh1_67a,SQ.7WMQtd1zNVnIHTxHHV1KARtyMqHXUAtP,NT_187446.1,refseq_accession,NT_187446.1
XemD97fxYMS4q-FBm_n5CHQgmzh1_67a,SQ.7WMQtd1zNVnIHTxHHV1KARtyMqHXUAtP,HSCHRUN_RANDOM_154,seqcol_name,
XemD97fxYMS4q-FBm_n5CHQgmzh1_67a,SQ.7WMQtd1zNVnIHTxHHV1KARtyMqHXUAtP,chrUn_KI270583v1,ucsc,
XemD97fxYMS4q-FBm_n5CHQgmzh1_67a,SQ.7_Exoebfll2KSxWkHO_CTYB7L35bVXb8,KI270762.1,genbank_accession,KI270762.1
XemD97fxYMS4q-FBm_n5CHQgmzh1_67a,SQ.7_Exoebfll2KSxWkHO_CTYB7L35bVXb8,NT_187515.1,refseq_accession,NT_187515.1
XemD97fxYMS4q-FBm_n5CHQgmzh1_67a,SQ.7_Exoebfll2KSxWkHO_CTYB7L35bVXb8,HSCHR1_1_CTG3,seqcol_name,
XemD97fxYMS4q-FBm_n5CHQgmzh1_67a,SQ.7_Exoebfll2KSxWkHO_CTYB7L35bVXb8,chr1_KI270762v1_alt,ucsc,
XemD97fxYMS4q-FBm_n5CHQgmzh1_67a,SQ.7g2-d4tNc0906VBAExkyOCN41_t77Ady,KI270749.1,genbank_accession,KI270749.1
XemD97fxYMS4q-FBm_n5CHQgmzh1_67a,SQ.7g2-d4tNc0906VBAExkyOCN41_t77Ady,NT_187504.1,refseq_accession,NT_187504.1
XemD97fxYMS4q-FBm_n5CHQgmzh1_67a,SQ.7g2-d4tNc0906VBAExkyOCN41_t77Ady,HSCHRUN_RANDOM_CTG26,seqcol_name,
XemD97fxYMS4q-FBm_n5CHQgmzh1_67a,SQ.7g2-d4tNc0906VBAExkyOCN41_t77Ady,chrUn_KI270749v1,ucsc,
XemD97fxYMS4q-FBm_n5CHQgmzh1_67a,SQ.7zrqoHukEtT2W1rn-FHkAC7-SGrX7IQ7,KI270579.1,genbank_accession,KI270579.1
XemD97fxYMS4q-FBm_n5CHQgmzh1_67a,SQ.7zrqoHukEtT2W1rn-FHkAC7-SGrX7IQ7,NT_187450.1,refseq_accession,NT_187450.1
XemD97fxYMS4q-FBm_n5CHQgmzh1_67a,SQ.7zrqoHukEtT2W1rn-FHkAC7-SGrX7IQ7,HSCHRUN_RANDOM_158,seqcol_name,
XemD97fxYMS4q-FBm_n5CHQgmzh1_67a,SQ.7zrqoHukEtT2W1rn-FHkAC7-SGrX7IQ7,chrUn_KI270579v1,ucsc,
XemD97fxYMS4q-FBm_n5CHQgmzh1_67a,SQ.8L1QChyEhTJ0Ou0JUEEpP0H-xCoiue1N,GL383571.1,genbank_accession,GL383571.1
XemD97fxYMS4q-FBm_n5CHQgmzh1_67a,SQ.8L1QChyEhTJ0Ou0JUEEpP0H-xCoiue1N,NW_003315960.1,refseq_accession,NW_003315960.1
XemD97fxYMS4q-FBm_n5CHQgmzh1_67a,SQ.8L1QChyEhTJ0Ou0JUEEpP0H-xCoiue1N,HSCHR18_2_CTG2,seqcol_name,
XemD97fxYMS4q-FBm_n5CHQgmzh1_67a,SQ.8L1QChyEhTJ0Ou0JUEEpP0H-xCoiue1N,chr18_GL383571v1_alt,ucsc,
XemD97fxYMS4q-FBm_n5CHQgmzh1_67a,SQ.8N-MyFguW6S8ARZF2ATY1Y-C0WhVHVYf,KI270898.1,genbank_accession,KI270898.1
XemD97fxYMS4q-FBm_n5CHQgmzh1_67a,SQ.8N-MyFguW6S8ARZF2ATY1Y-C0WhVHVYf,NT_187652.1,refseq_accession,NT_187652.1
XemD97fxYMS4q-FBm_n5CHQgmzh1_67a,SQ.8N-MyFguW6S8ARZF2ATY1Y-C0WhVHVYf,HSCHR5_3_CTG5,seqcol_name,
XemD97fxYMS4q-FBm_n5CHQgmzh1_67a,SQ.8N-MyFguW6S8ARZF2ATY1Y-C0WhVHVYf,chr5_KI270898v1_alt,ucsc,
XemD97fxYMS4q-FBm_n5CHQgmzh1_67a,SQ.8WpZeULvL3qqYUSdxv4RyI7BblG0UkU4,GL383533.1,genbank_accession,GL383533.1
XemD97fxYMS4q-FBm_n5CHQgmzh1_67a,SQ.8WpZeULvL3qqYUSdxv4RyI7BblG0UkU4,NW_003315921.1,refseq_accession,NW_003315921.1
XemD97fxYMS4q-FBm_n5CHQgmzh1_67a,SQ.8WpZeULvL3qqYUSdxv4RyI7BblG0UkU4,HSCHR6_1_CTG2,seqcol_name,
XemD97fxYMS4q-FBm_n5CHQgmzh1_67a,SQ.8WpZeULvL3qqYUSdxv4RyI7BblG0UkU4,chr6_GL383533v1_alt,ucsc,
XemD97fxYMS4q-FBm_n5CHQgmzh1_67a,SQ.8_liLu1aycC0tPQPFmUaGXJLDs5SbPZ5,CM000686.2,genbank_accession,CM000686.2
XemD97fxYMS4q-FBm_n5CHQgmzh1_67a,SQ.8_liLu1aycC0tPQPFmUaGXJLDs5SbPZ5,NC_000024.10,refseq_accession,NC_000024.10
XemD97fxYMS4q-FBm_n5CHQgmzh1_67a,SQ.8_liLu1aycC0tPQPFmUaGXJLDs5SbPZ5,Y,seqcol_name,
XemD97fxYMS4q-FBm_n5CHQgmzh1_67a,SQ.8_liLu1aycC0tPQPFmUaGXJLDs5SbPZ5,chrY,ucsc,
XemD97fxYMS4q-FBm_n5CHQgmzh1_67a,SQ.8aqteC5jCbtrr33OmtXu4jGyrmbvzfgM,GL383532.1,genbank_accession,GL383532.1
XemD97fxYMS4q-FBm_n5CHQgmzh1_67a,SQ.8aqteC5jCbtrr33OmtXu4jGyrmbvzfgM,NW_003315920.1,refseq_accession,NW_003315920.1
XemD97fxYMS4q-FBm_n5CHQgmzh1_67a,SQ.8aqteC5jCbtrr33OmtXu4jGyrmbvzfgM,HSCHR5_1_CTG1,seqcol_name,
XemD97fxYMS4q-FBm_n5CHQgmzh1_67a,SQ.8aqteC5jCbtrr33OmtXu4jGyrmbvzfgM,chr5_GL383532v1_alt,ucsc,
XemD97fxYMS4q-FBm_n5CHQgmzh1_67a,SQ.8clcFUIGGI8IFhJdBJIjgpToCdHhxmzH,KI270932.1,genbank_accession,KI270932.1
XemD97fxYMS4q-FBm_n5CHQgmzh1_67a,SQ.8clcFUIGGI8IFhJdBJIjgpToCdHhxmzH,NT_187686.1,refseq_accession,NT_187686.1
XemD97fxYMS4q-FBm_n5CHQgmzh1_67a,SQ.8clcFUIGGI8IFhJdBJIjgpToCdHhxmzH,HSCHR19KIR_FH13_BA2_HAP_CTG3_1,seqcol_name,
XemD97fxYMS4q-FBm_n5CHQgmzh1_67a,SQ.8clcFUIGGI8IFhJdBJIjgpToCdHhxmzH,chr19_KI270932v1_alt,ucsc,
XemD97fxYMS4q-FBm_n5CHQgmzh1_67a,SQ.8fOc6uTtO5N3DT5p9h6iP0DpV7gX6pzM,KI270881.1,genbank_accession,KI270881.1
XemD97fxYMS4q-FBm_n5CHQgmzh1_67a,SQ.8fOc6uTtO5N3DT5p9h6iP0DpV7gX6pzM,NT_187635.1,refseq_accession,NT_187635.1
XemD97fxYMS4q-FBm_n5CHQgmzh1_67a,SQ.8fOc6uTtO5N3DT5p9h6iP0DpV7gX6pzM,HSCHRX_2_CTG12,seqcol_name,
XemD97fxYMS4q-FBm_n5CHQgmzh1_67a,SQ.8fOc6uTtO5N3DT5p9h6iP0DpV7gX6pzM,chrX_KI270881v1_alt,ucsc,
XemD97fxYMS4q-FBm_n5CHQgmzh1_67a,SQ.8gu4AavnvFq2odrt4i6VlKYdHJepCEmU,KI270927.1,genbank_accession,KI270927.1
XemD97fxYMS4q-FBm_n5CHQgmzh1_67a,SQ.8gu4AavnvFq2odrt4i6VlKYdHJepCEmU,NT_187681.1,refseq_accession,NT_187681.1
XemD97fxYMS4q-FBm_n5CHQgmzh1_67a,SQ.8gu4AavnvFq2odrt4i6VlKYdHJepCEmU,HSCHR11_3_CTG1,seqcol_name,
XemD97fxYMS4q-FBm_n5CHQgmzh1_67a,SQ.8gu4AavnvFq2odrt4i6VlKYdHJepCEmU,chr11_KI270927v1_alt,ucsc,
XemD97fxYMS4q-FBm_n5CHQgmzh1_67a,SQ.8mLVfFZ3oIxb823Nc9iIreq-nRGD6k0E,KI270893.1,genbank_accession,KI270893.1
XemD97fxYMS4q-FBm_n5CHQgmzh1_67a,SQ.8mLVfFZ3oIxb823Nc9iIreq-nRGD6k0E,NT_187647.1,refseq_accession,NT_187647.1
XemD97fxYMS4q-FBm_n5CHQgmzh1_67a,SQ.8mLVfFZ3oIxb823Nc9iIreq-nRGD6k0E,HSCHR2_2_CTG15,seqcol_name,
XemD97fxYMS4q-FBm_n5CHQgmzh1_67a,SQ.8mLVfFZ3oIxb823Nc9iIreq-nRGD6k0E,chr2_KI270893v1_alt,ucsc,
XemD97fxYMS4q-FBm_n5CHQgmzh1_67a,SQ.8x77NiHXl6_fz1CDtziBovEdSYJ5JPcd,KI270755.1,genbank_accession,KI270755.1
XemD97fxYMS4q-FBm_n5CHQgmzh1_67a,SQ.8x77NiHXl6_fz1CDtziBovEdSYJ5JPcd,NT_187510.1,refseq_accession,NT_187510.1
XemD97fxYMS4q-FBm_n5CHQgmzh1_67a,SQ.8x77NiHXl6_fz1CDtziBovEdSYJ5JPcd,HSCHRUN_RANDOM_CTG34,seqcol_name,
XemD97fxYMS4q-FBm_n5CHQgmzh1_67a,SQ.8x77NiHXl6_fz1CDtziBovEdSYJ5JPcd,chrUn_KI270755v1,ucsc,
XemD97fxYMS4q-FBm_n5CHQgmzh1_67a,SQ.9Af0OWltlJBxMmtYPPQbE9LFwRKkIF5Z,KI270923.1,genbank_accession,KI270923.1
XemD97fxYMS4q-FBm_n5CHQgmzh1_67a,SQ.9Af0OWltlJBxMmtYPPQbE9LFwRKkIF5Z,NT_187677.1,refseq_accession,NT_187677.1
XemD97fxYMS4q-FBm_n5CHQgmzh1_67a,SQ.9Af0OWltlJBxMmtYPPQbE9LFwRKkIF5Z,HSCHR19KIR_FH06_BA1_HAP_CTG3_1,seqcol_name,
XemD97fxYMS4q-FBm_n5CHQgmzh1_67a,SQ.9Af0OWltlJBxMmtYPPQbE9LFwRKkIF5Z,chr19_KI270923v1_alt,ucsc,
XemD97fxYMS4q-FBm_n5CHQgmzh1_67a,SQ.9ZClCJm6gV6BUrh6we4ytWTLE1qg5VSn,KI270420.1,genbank_accession,KI270420.1
XemD97fxYMS4q-FBm_n5CHQgmzh1_67a,SQ.9ZClCJm6gV6BUrh6we4ytWTLE1qg5VSn,NT_187413.1,refseq_accession,NT_187413.1
XemD97fxYMS4q-FBm_n5CHQgmzh1_67a,SQ.9ZClCJm6gV6BUrh6we4ytWTLE1qg5VSn,HSCHRUN_RANDOM_117,seqcol_name,
XemD97fxYMS4q-FBm_n5CHQgmzh1_67a,SQ.9ZClCJm6gV6BUrh6we4ytWTLE1qg5VSn,chrUn_KI270420v1,ucsc,
XemD97fxYMS4q-FBm_n5CHQgmzh1_67a,SQ.9jzxV3K6aSKfIvsYZMW7fV0Ls8d1oofc,KI270833.1,genbank_accession,KI270833.1
XemD97fxYMS4q-FBm_n5CHQgmzh1_67a,SQ.9jzxV3K6aSKfIvsYZMW7fV0Ls8d1oofc,NT_187589.1,refseq_accession,NT_187589.1
XemD97fxYMS4q-FBm_n5CHQgmzh1_67a,SQ.9jzxV3K6aSKfIvsYZMW7fV0Ls8d1oofc,HSCHR12_5_CTG2_1,seqcol_name,
XemD97fxYMS4q-FBm_n5CHQgmzh1_67a,SQ.9jzxV3K6aSKfIvsYZMW7fV0Ls8d1oofc,chr12_KI270833v1_alt,ucsc,
XemD97fxYMS4q-FBm_n5CHQgmzh1_67a,SQ.9kvA1SAHFWA7PI91tIMSidKkALqFXbYr,GL877875.1,genbank_accession,GL877875.1
XemD97fxYMS4q-FBm_n5CHQgmzh1_67a,SQ.9kvA1SAHFWA7PI91tIMSidKkALqFXbYr,NW_003571049.1,refseq_accession,NW_003571049.1
XemD97fxYMS4q-FBm_n5CHQgmzh1_67a,SQ.9kvA1SAHFWA7PI91tIMSidKkALqFXbYr,HSCHR12_1_CTG1,seqcol_name,
XemD97fxYMS4q-FBm_n5CHQgmzh1_67a,SQ.9kvA1SAHFWA7PI91tIMSidKkALqFXbYr,chr12_GL877875v1_alt,ucsc,
XemD97fxYMS4q-FBm_n5CHQgmzh1_67a,SQ.9r249PLmoffyCFtwU8iAsHO-rd04vwjU,KI270737.1,genbank_accession,KI270737.1
XemD97fxYMS4q-FBm_n5CHQgmzh1_67a,SQ.9r249PLmoffyCFtwU8iAsHO-rd04vwjU,NT_187392.1,refseq_accession,NT_187392.1
XemD97fxYMS4q-FBm_n5CHQgmzh1_67a,SQ.9r249PLmoffyCFtwU8iAsHO-rd04vwjU,HSCHR22_UNLOCALIZED_CTG7,seqcol_name,
XemD97fxYMS4q-FBm_n5CHQgmzh1_67a,SQ.9r249PLmoffyCFtwU8iAsHO-rd04vwjU,chr22_KI270737v1_random,ucsc,
XemD97fxYMS4q-FBm_n5CHQgmzh1_67a,SQ.9s_zmYLHrvNOiP5Yjy_Rcz-omO-Aptb0,KI270304.1,genbank_accession,KI270304.1
XemD97fxYMS4q-FBm_n5CHQgmzh1_67a,SQ.9s_zmYLHrvNOiP5Yjy_Rcz-omO-Aptb0,NT_187397.1,refseq_accession,NT_187397.1
XemD97fxYMS4q-FBm_n5CHQgmzh1_67a,SQ.9s_zmYLHrvNOiP5Yjy_Rcz-omO-Aptb0,HSCHRUN_RANDOM_101,seqcol_name,
XemD97fxYMS4q-FBm_n5CHQgmzh1_67a,SQ.9s_zmYLHrvNOiP5Yjy_Rcz-omO-Aptb0,chrUn_KI270304v1,ucsc,
XemD97fxYMS4q-FBm_n5CHQgmzh1_67a,SQ.9v7QhRz3rErQHSidbH7PcTtioHr3CZ72,KI270827.1,genbank_accession,KI270827.1
XemD97fxYMS4q-FBm_n5CHQgmzh1_67a,SQ.9v7QhRz3rErQHSidbH7PcTtioHr3CZ72,NT_187582.1,refseq_accession,NT_187582.1
XemD97fxYMS4q-FBm_n5CHQgmzh1_67a,SQ.9v7QhRz3rErQHSidbH7PcTtioHr3CZ72,HSCHR11_1_CTG3,seqcol_name,
XemD97fxYMS4q-FBm_n5CHQgmzh1_67a,SQ.9v7QhRz3rErQHSidbH7PcTtioHr3CZ72,chr11_KI270827v1_alt,ucsc,
XemD97fxYMS4q-FBm_n5CHQgmzh1_67a,SQ.9w5J0y1MZcOf2S21GLX_5zYnF-PueMx7,GL383569.1,genbank_accession,GL383569.1
XemD97fxYMS4q-FBm_n5CHQgmzh1_67a,SQ.9w5J0y1MZcOf2S21GLX_5zYnF-PueMx7,NW_003315958.1,refseq_accession,NW_003315958.1
XemD97fxYMS4q-FBm_n5CHQgmzh1_67a,SQ.9w5J0y1MZcOf2S21GLX_5zYnF-PueMx7,HSCHR18_1_CTG2_1,seqcol_name,
XemD97fxYMS4q-FBm_n5CHQgmzh1_67a,SQ.9w5J0y1MZcOf2S21GLX_5zYnF-PueMx7,chr18_GL383569v1_alt,ucsc,
XemD97fxYMS4q-FBm_n5CHQgmzh1_67a,SQ.9xCYXFBVQDc7dfIKolvEEKLm8Uu3hysH,GL383519.1,genbank_accession,GL383519.1
XemD97fxYMS4q-FBm_n5CHQgmzh1_67a,SQ.9xCYXFBVQDc7dfIKolvEEKLm8Uu3hysH,NW_003315906.1,refseq_accession,NW_003315906.1
XemD97fxYMS4q-FBm_n5CHQgmzh1_67a,SQ.9xCYXFBVQDc7dfIKolvEEKLm8Uu3hysH,HSCHR1_2_CTG31,seqcol_name,
XemD97fxYMS4q-FBm_n5CHQgmzh1_67a,SQ.9xCYXFBVQDc7dfIKolvEEKLm8Uu3hysH,chr1_GL383519v1_alt,ucsc,
XemD97fxYMS4q-FBm_n5CHQgmzh1_67a,SQ.A4TEs9XTvuTfkaNRcVQ8vKe1ujt3um4c,KI270872.1,genbank_accession,KI270872.1
XemD97fxYMS4q-FBm_n5CHQgmzh1_67a,SQ.A4TEs9XTvuTfkaNRcVQ8vKe1ujt3um4c,NT_187626.1,refseq_accession,NT_187626.1
XemD97fxYMS4q-FBm_n5CHQgmzh1_67a,SQ.A4TEs9XTvuTfkaNRcVQ8vKe1ujt3um4c,HSCHR21_5_CTG2,seqcol_name,
XemD97fxYMS4q-FBm_n5CHQgmzh1_67a,SQ.A4TEs9XTvuTfkaNRcVQ8vKe1ujt3um4c,chr21_KI270872v1_alt,ucsc,
XemD97fxYMS4q-FBm_n5CHQgmzh1_67a,SQ.A5I6PhEjJowCXk-UklgjZDf5LrazlMgr,KI270933.1,genbank_accession,KI270933.1
XemD97fxYMS4q-FBm_n5CHQgmzh1_67a,SQ.A5I6PhEjJowCXk-UklgjZDf5LrazlMgr,NT_187687.1,refseq_accession,NT_187687.1
XemD97fxYMS4q-FBm_n5CHQgmzh1_67a,SQ.A5I6PhEjJowCXk-UklgjZDf5LrazlMgr,HSCHR19KIR_FH15_A_HAP_CTG3_1,seqcol_name,
XemD97fxYMS4q-FBm_n5CHQgmzh1_67a,SQ.A5I6PhEjJowCXk-UklgjZDf5LrazlMgr,chr19_KI270933v1_alt,ucsc,
XemD97fxYMS4q-FBm_n5CHQgmzh1_67a,SQ.A9JuPqOYDdW3QQBBVIK6n-63zIicT8E6,KI270801.1,genbank_accession,KI270801.1
XemD97fxYMS4q-FBm_n5CHQgmzh1_67a,SQ.A9JuPqOYDdW3QQBBVIK6n-63zIicT8E6,NT_187556.1,refseq_accession,NT_187556.1
XemD97fxYMS4q-FBm_n5CHQgmzh1_67a,SQ.A9JuPqOYDdW3QQBBVIK6n-63zIicT8E6,HSCHR6_1_CTG8,seqcol_name,
XemD97fxYMS4q-FBm_n5CHQgmzh1_67a,SQ.A9JuPqOYDdW3QQBBVIK6n-63zIicT8E6,chr6_KI270801v1_alt,ucsc,
XemD97fxYMS4q-FBm_n5CHQgmzh1_67a,SQ.AAz_X-pX0qB38aQc6x_FTOb2jn_5UT7a,KI270438.1,genbank_accession,KI270438.1
XemD97fxYMS4q-FBm_n5CHQgmzh1_67a,SQ.AAz_X-pX0qB38aQc6x_FTOb2jn_5UT7a,NT_187425.1,refseq_accession,NT_187425.1
XemD97fxYMS4q-FBm_n5CHQgmzh1_67a,SQ.AAz_X-pX0qB38aQc6x_FTOb2jn_5UT7a,HSCHRUN_RANDOM_129,seqcol_name,
XemD97fxYMS4q-FBm_n5CHQgmzh1_67a,SQ.AAz_X-pX0qB38aQc6x_FTOb2jn_5UT7a,chrUn_KI270438v1,ucsc,
XemD97fxYMS4q-FBm_n5CHQgmzh1_67a,SQ.AS9PrLCgByckU31kuSmWdjqaASyXMBT1,KI270774.1,genbank_accession,KI270774.1
XemD97fxYMS4q-FBm_n5CHQgmzh1_67a,SQ.AS9PrLCgByckU31kuSmWdjqaASyXMBT1,NT_187529.1,refseq_accession,NT_187529.1
XemD97fxYMS4q-FBm_n5CHQgmzh1_67a,SQ.AS9PrLCgByckU31kuSmWdjqaASyXMBT1,HSCHR2_4_CTG1,seqcol_name,
XemD97fxYMS4q-FBm_n5CHQgmzh1_67a,SQ.AS9PrLCgByckU31kuSmWdjqaASyXMBT1,chr2_KI270774v1_alt,ucsc,
XemD97fxYMS4q-FBm_n5CHQgmzh1_67a,SQ.AhP81OHpo8WmXgWrmSbwzexaFKNa3m8d,KI270721.1,genbank_accession,KI270721.1
XemD97fxYMS4q-FBm_n5CHQgmzh1_67a,SQ.AhP81OHpo8WmXgWrmSbwzexaFKNa3m8d,NT_187376.1,refseq_accession,NT_187376.1
XemD97fxYMS4q-FBm_n5CHQgmzh1_67a,SQ.AhP81OHpo8WmXgWrmSbwzexaFKNa3m8d,HSCHR11_CTG1_UNLOCALIZED,seqcol_name,
XemD97fxYMS4q-FBm_n5CHQgmzh1_67a,SQ.AhP81OHpo8WmXgWrmSbwzexaFKNa3m8d,chr11_KI270721v1_random,ucsc,
XemD97fxYMS4q-FBm_n5CHQgmzh1_67a,SQ.AkHqxkr-l6di2t1vaDnZzlkKepVpsHOC,KI270593.1,genbank_accession,KI270593.1
XemD97fxYMS4q-FBm_n5CHQgmzh1_67a,SQ.AkHqxkr-l6di2t1vaDnZzlkKepVpsHOC,NT_187456.1,refseq_accession,NT_187456.1
XemD97fxYMS4q-FBm_n5CHQgmzh1_67a,SQ.AkHqxkr-l6di2t1vaDnZzlkKepVpsHOC,HSCHRUN_RANDOM_164,seqcol_name,
XemD97fxYMS4q-FBm_n5CHQgmzh1_67a,SQ.AkHqxkr-l6di2t1vaDnZzlkKepVpsHOC,chrUn_KI270593v1,ucsc,
XemD97fxYMS4q-FBm_n5CHQgmzh1_67a,SQ.AsXvWL1-2i5U_buw6_niVIxD6zTbAuS6,CM000677.2,genbank_accession,CM000677.2
XemD97fxYMS4q-FBm_n5CHQgmzh1_67a,SQ.AsXvWL1-2i5U_buw6_niVIxD6zTbAuS6,NC_000015.10,refseq_accession,NC_000015.10
XemD97fxYMS4q-FBm_n5CHQgmzh1_67a,SQ.AsXvWL1-2i5U_buw6_niVIxD6zTbAuS6,15,seqcol_name,
XemD97fxYMS4q-FBm_n5CHQgmzh1_67a,SQ.AsXvWL1-2i5U_buw6_niVIxD6zTbAuS6,chr15,ucsc,
XemD97fxYMS4q-FBm_n5CHQgmzh1_67a,SQ.BQKSjIS0iYDDXXE5mB9WAb_4H0fYtn1X,GL383574.1,genbank_accession,GL383574.1
XemD97fxYMS4q-FBm_n5CHQgmzh1_67a,SQ.BQKSjIS0iYDDXXE5mB9WAb_4H0fYtn1X,NW_003315963.1,refseq_accession,NW_003315963.1
XemD97fxYMS4q-FBm_n5CHQgmzh1_67a,SQ.BQKSjIS0iYDDXXE5mB9WAb_4H0fYtn1X,HSCHR19_1_CTG3_1,seqcol_name,
XemD97fxYMS4q-FBm_n5CHQgmzh1_67a,SQ.BQKSjIS0iYDDXXE5mB9WAb_4H0fYtn1X,chr19_GL383574v1_alt,ucsc,
XemD97fxYMS4q-FBm_n5CHQgmzh1_67a,SQ.BigIyI3QfVcuJ_DY1bDpn7S3OZDeWepW,KI270717.1,genbank_accession,KI270717.1
XemD97fxYMS4q-FBm_n5CHQgmzh1_67a,SQ.BigIyI3QfVcuJ_DY1bDpn7S3OZDeWepW,NT_187372.1,refseq_accession,NT_187372.1
XemD97fxYMS4q-FBm_n5CHQgmzh1_67a,SQ.BigIyI3QfVcuJ_DY1bDpn7S3OZDeWepW,HSCHR9_UNLOCALIZED_CTG1,seqcol_name,
XemD97fxYMS4q-FBm_n5CHQgmzh1_67a,SQ.BigIyI3QfVcuJ_DY1bDpn7S3OZDeWepW,chr9_KI270717v1_random,ucsc,
XemD97fxYMS4q-FBm_n5CHQgmzh1_67a,SQ.Blfq4xqKfo0FJJPATFr4xPHwunr-hMDQ,KI270813.1,genbank_accession,KI270813.1
XemD97fxYMS4q-FBm_n5CHQgmzh1_67a,SQ.Blfq4xqKfo0FJJPATFr4xPHwunr-hMDQ,NT_187570.1,refseq_accession,NT_187570.1
XemD97fxYMS4q-FBm_n5CHQgmzh1_67a,SQ.Blfq4xqKfo0FJJPATFr4xPHwunr-hMDQ,HSCHR8_3_CTG1,seqcol_name,
XemD97fxYMS4q-FBm_n5CHQgmzh1_67a,SQ.Blfq4xqKfo0FJJPATFr4xPHwunr-hMDQ,chr8_KI270813v1_alt,ucsc,
XemD97fxYMS4q-FBm_n5CHQgmzh1_67a,SQ.BnQjnH6q_lqHCyYLG_WLEDKaCex3Uapu,KI270311.1,genbank_accession,KI270311.1
XemD97fxYMS4q-FBm_n5CHQgmzh1_67a,SQ.BnQjnH6q_lqHCyYLG_WLEDKaCex3Uapu,NT_187406.1,refseq_accession,NT_187406.1
XemD97fxYMS4q-FBm_n5CHQgmzh1_67a,SQ.BnQjnH6q_lqHCyYLG_WLEDKaCex3Uapu,HSCHRUN_RANDOM_110,seqcol_name,
XemD97fxYMS4q-FBm_n5CHQgmzh1_67a,SQ.BnQjnH6q_lqHCyYLG_WLEDKaCex3Uapu,chrUn_KI270311v1,ucsc,
XemD97fxYMS4q-FBm_n5CHQgmzh1_67a,SQ.Bws6DcGku3rCWV-zaFzazkqAeCpgdsji,KB663609.1,genbank_accession,KB663609.1
XemD97fxYMS4q-FBm_n5CHQgmzh1_67a,SQ.Bws6DcGku3rCWV-zaFzazkqAeCpgdsji,NW_004504305.1,refseq_accession,NW_004504305.1
XemD97fxYMS4q-FBm_n5CHQgmzh1_67a,SQ.Bws6DcGku3rCWV-zaFzazkqAeCpgdsji,HSCHR22_2_CTG1,seqcol_name,
XemD97fxYMS4q-FBm_n5CHQgmzh1_67a,SQ.Bws6DcGku3rCWV-zaFzazkqAeCpgdsji,chr22_KB663609v1_alt,ucsc,
XemD97fxYMS4q-FBm_n5CHQgmzh1_67a,SQ.C0ccw2a21RzFAAYrYa__tHUR8TsbDuib,KI270791.1,genbank_accession,KI270791.1
XemD97fxYMS4q-FBm_n5CHQgmzh1_67a,SQ.C0ccw2a21RzFAAYrYa__tHUR8TsbDuib,NT_187547.1,refseq_accession,NT_187547.1
XemD97fxYMS4q-FBm_n5CHQgmzh1_67a,SQ.C0ccw2a21RzFAAYrYa__tHUR8TsbDuib,HSCHR5_3_CTG1,seqcol_name,
XemD97fxYMS4q-FBm_n5CHQgmzh1_67a,SQ.C0ccw2a21RzFAAYrYa__tHUR8TsbDuib,chr5_KI270791v1_alt,ucsc,
XemD97fxYMS4q-FBm_n5CHQgmzh1_67a,SQ.CBWpogYXYoKDvT2AIrcDq0XY8COj4KSJ,KI270909.1,genbank_accession,KI270909.1
XemD97fxYMS4q-FBm_n5CHQgmzh1_67a,SQ.CBWpogYXYoKDvT2AIrcDq0XY8COj4KSJ,NT_187661.1,refseq_accession,NT_187661.1
XemD97fxYMS4q-FBm_n5CHQgmzh1_67a,SQ.CBWpogYXYoKDvT2AIrcDq0XY8COj4KSJ,HSCHR17_10_CTG4,seqcol_name,
XemD97fxYMS4q-FBm_n5CHQgmzh1_67a,SQ.CBWpogYXYoKDvT2AIrcDq0XY8COj4KSJ,chr17_KI270909v1_alt,ucsc,
XemD97fxYMS4q-FBm_n5CHQgmzh1_67a,SQ.CfWg24UYOzSFgRRq98qWBUhntUafY9sE,KI270884.1,genbank_accession,KI270884.1
XemD97fxYMS4q-FBm_n5CHQgmzh1_67a,SQ.CfWg24UYOzSFgRRq98qWBUhntUafY9sE,NT_187638.1,refseq_accession,NT_187638.1
XemD97fxYMS4q-FBm_n5CHQgmzh1_67a,SQ.CfWg24UYOzSFgRRq98qWBUhntUafY9sE,HSCHR19KIR_G085_BA1_HAP_CTG3_1,seqcol_name,
XemD97fxYMS4q-FBm_n5CHQgmzh1_67a,SQ.CfWg24UYOzSFgRRq98qWBUhntUafY9sE,chr19_KI270884v1_alt,ucsc,
XemD97fxYMS4q-FBm_n5CHQgmzh1_67a,SQ.Cl7ES8sXwFkQGNnx28YuTrpYHN9xk-do,KI270902.1,genbank_accession,KI270902.1
XemD97fxYMS4q-FBm_n5CHQgmzh1_67a,SQ.Cl7ES8sXwFkQGNnx28YuTrpYHN9xk-do,NT_187656.1,refseq_accession,NT_187656.1
XemD97fxYMS4q-FBm_n5CHQgmzh1_67a,SQ.Cl7ES8sXwFkQGNnx28YuTrpYHN9xk-do,HSCHR11_2_CTG1,seqcol_name,
XemD97fxYMS4q-FBm_n5CHQgmzh1_67a,SQ.Cl7ES8sXwFkQGNnx28YuTrpYHN9xk-do,chr11_KI270902v1_alt,ucsc,
XemD97fxYMS4q-FBm_n5CHQgmzh1_67a,SQ.Cslp95echUr2c3YHx1XN6SYaBpKHx3FZ,KI270303.1,genbank_accession,KI270303.1
XemD97fxYMS4q-FBm_n5CHQgmzh1_67a,SQ.Cslp95echUr2c3YHx1XN6SYaBpKHx3FZ,NT_187398.1,refseq_accession,NT_187398.1
XemD97fxYMS4q-FBm_n5CHQgmzh1_67a,SQ.Cslp95echUr2c3YHx1XN6SYaBpKHx3FZ,HSCHRUN_RANDOM_102,seqcol_name,
XemD97fxYMS4q-FBm_n5CHQgmzh1_67a,SQ.Cslp95echUr2c3YHx1XN6SYaBpKHx3FZ,chrUn_KI270303v1,ucsc,
XemD97fxYMS4q-FBm_n5CHQgmzh1_67a,SQ.Cuq-QfbTRhiVPi6xns7SxJqj-kPXLLQS,GL383563.3,genbank_accession,GL383563.3
XemD97fxYMS4q-FBm_n5CHQgmzh1_67a,SQ.Cuq-QfbTRhiVPi6xns7SxJqj-kPXLLQS,NW_003315952.3,refseq_accession,NW_003315952.3
XemD97fxYMS4q-FBm_n5CHQgmzh1_67a,SQ.Cuq-QfbTRhiVPi6xns7SxJqj-kPXLLQS,HSCHR17_1_CTG1,seqcol_name,
XemD97fxYMS4q-FBm_n5CHQgmzh1_67a,SQ.Cuq-QfbTRhiVPi6xns7SxJqj-kPXLLQS,chr17_GL383563v3_alt,ucsc,
XemD97fxYMS4q-FBm_n5CHQgmzh1_67a,SQ.CyrY3B28RI5ODnfqRrArAI4SP8nb6SXM,KI270905.1,genbank_accession,KI270905.1
XemD97fxYMS4q-FBm_n5CHQgmzh1_67a,SQ.CyrY3B28RI5ODnfqRrArAI4SP8nb6SXM,NT_187660.1,refseq_accession,NT_187660.1
XemD97fxYMS4q-FBm_n5CHQgmzh1_67a,SQ.CyrY3B28RI5ODnfqRrArAI4SP8nb6SXM,HSCHR15_4_CTG8,seqcol_name,
XemD97fxYMS4q-FBm_n5CHQgmzh1_67a,SQ.CyrY3B28RI5ODnfqRrArAI4SP8nb6SXM,chr15_KI270905v1_alt,ucsc,
XemD97fxYMS4q-FBm_n5CHQgmzh1_67a,SQ.DHqk0kFJn2pE--tUJJMcv37PvtwTb3bu,KI270741.1,genbank_accession,KI270741.1
XemD97fxYMS4q-FBm_n5CHQgmzh1_67a,SQ.DHqk0kFJn2pE--tUJJMcv37PvtwTb3bu,NT_187497.1,refseq_accession,NT_187497.1
XemD97fxYMS4q-FBm_n5CHQgmzh1_67a,SQ.DHqk0kFJn2pE--tUJJMcv37PvtwTb3bu,HSCHRUN_RANDOM_CTG17,seqcol_name,
XemD97fxYMS4q-FBm_n5CHQgmzh1_67a,SQ.DHqk0kFJn2pE--tUJJMcv37PvtwTb3bu,chrUn_KI270741v1,ucsc,
XemD97fxYMS4q-FBm_n5CHQgmzh1_67a,SQ.DILJFGrt8ITHBgI1U9reDCFvXStLQSFd,KI270920.1,genbank_accession,KI270920.1
XemD97fxYMS4q-FBm_n5CHQgmzh1_67a,SQ.DILJFGrt8ITHBgI1U9reDCFvXStLQSFd,NT_187674.1,refseq_accession,NT_187674.1
XemD97fxYMS4q-FBm_n5CHQgmzh1_67a,SQ.DILJFGrt8ITHBgI1U9reDCFvXStLQSFd,HSCHR19KIR_FH05_A_HAP_CTG3_1,seqcol_name,
XemD97fxYMS4q-FBm_n5CHQgmzh1_67a,SQ.DILJFGrt8ITHBgI1U9reDCFvXStLQSFd,chr19_KI270920v1_alt,ucsc,
XemD97fxYMS4q-FBm_n5CHQgmzh1_67a,SQ.DP_59DeCpk0B57HUkY9ljcj0L4DvR1yt,KI270857.1,genbank_accession,KI270857.1
XemD97fxYMS4q-FBm_n5CHQgmzh1_67a,SQ.DP_59DeCpk0B57HUkY9ljcj0L4DvR1yt,NT_187614.1,refseq_accession,NT_187614.1
XemD97fxYMS4q-FBm_n5CHQgmzh1_67a,SQ.DP_59DeCpk0B57HUkY9ljcj0L4DvR1yt,HSCHR17_7_CTG4,seqcol_name,
XemD97fxYMS4q-FBm_n5CHQgmzh1_67a,SQ.DP_59DeCpk0B57HUkY9ljcj0L4DvR1yt,chr17_KI270857v1_alt,ucsc,
XemD97fxYMS4q-FBm_n5CHQgmzh1_67a,SQ.DhsZh12tahSItS53KzsS7GX8wqc4bL-T,KI270720.1,genbank_accession,KI270720.1
XemD97fxYMS4q-FBm_n5CHQgmzh1_67a,SQ.DhsZh12tahSItS53KzsS7GX8wqc4bL-T,NT_187375.1,refseq_accession,NT_187375.1
XemD97fxYMS4q-FBm_n5CHQgmzh1_67a,SQ.DhsZh12tahSItS53KzsS7GX8wqc4bL-T,HSCHR9_UNLOCALIZED_CTG4,seqcol_name,
XemD97fxYMS4q-FBm_n5CHQgmzh1_67a,SQ.DhsZh12tahSItS53KzsS7GX8wqc4bL-T,chr9_KI270720v1_random,ucsc,
XemD97fxYMS4q-FBm_n5CHQgmzh1_67a,SQ.DoD7UJm-N3FZn0RFEEM6d_nCcX79Zkm1,KI270758.1,genbank_accession,KI270758.1
XemD97fxYMS4q-FBm_n5CHQgmzh1_67a,SQ.DoD7UJm-N3FZn0RFEEM6d_nCcX79Zkm1,NT_187692.1,refseq_accession,NT_187692.1
XemD97fxYMS4q-FBm_n5CHQgmzh1_67a,SQ.DoD7UJm-N3FZn0RFEEM6d_nCcX79Zkm1,HSCHR6_8_CTG1,seqcol_name,
XemD97fxYMS4q-FBm_n5CHQgmzh1_67a,SQ.DoD7UJm-N3FZn0RFEEM6d_nCcX79Zkm1,chr6_KI270758v1_alt,ucsc,
XemD97fxYMS4q-FBm_n5CHQgmzh1_67a,SQ.DvphJRvr6IhCptwmxq8dmvdZFYAljPSQ,GL000252.2,genbank_accession,GL000252.2
XemD97fxYMS4q-FBm_n5CHQgmzh1_67a,SQ.DvphJRvr6IhCptwmxq8dmvdZFYAljPSQ,NT_167245.2,refseq_accession,NT_167245.2
XemD97fxYMS4q-FBm_n5CHQgmzh1_67a,SQ.DvphJRvr6IhCptwmxq8dmvdZFYAljPSQ,HSCHR6_MHC_DBB_CTG1,seqcol_name,
XemD97fxYMS4q-FBm_n5CHQgmzh1_67a,SQ.DvphJRvr6IhCptwmxq8dmvdZFYAljPSQ,chr6_GL000252v2_alt,ucsc,
XemD97fxYMS4q-FBm_n5CHQgmzh1_67a,SQ.EKEB8i2c_jLWqnhMMXfC71egt456kBwK,KI270750.1,genbank_accession,KI270750.1
XemD97fxYMS4q-FBm_n5CHQgmzh1_67a,SQ.EKEB8i2c_jLWqnhMMXfC71egt456kBwK,NT_187505.1,refseq_accession,NT_187505.1
XemD97fxYMS4q-FBm_n5CHQgmzh1_67a,SQ.EKEB8i2c_jLWqnhMMXfC71egt456kBwK,HSCHRUN_RANDOM_CTG27,seqcol_name,
XemD97fxYMS4q-FBm_n5CHQgmzh1_67a,SQ.EKEB8i2c_jLWqnhMMXfC71egt456kBwK,chrUn_KI270750v1,ucsc,
XemD97fxYMS4q-FBm_n5CHQgmzh1_67a,SQ.EKnBFFZrnDzD-jWHvXcXscItM1QrDzsR,KI270810.1,genbank_accession,KI270810.1
XemD97fxYMS4q-FBm_n5CHQgmzh1_67a,SQ.EKnBFFZrnDzD-jWHvXcXscItM1QrDzsR,NT_187567.1,refseq_accession,NT_187567.1
XemD97fxYMS4q-FBm_n5CHQgmzh1_67a,SQ.EKnBFFZrnDzD-jWHvXcXscItM1QrDzsR,HSCHR8_1_CTG7,seqcol_name,
XemD97fxYMS4q-FBm_n5CHQgmzh1_67a,SQ.EKnBFFZrnDzD-jWHvXcXscItM1QrDzsR,chr8_KI270810v1_alt,ucsc,
XemD97fxYMS4q-FBm_n5CHQgmzh1_67a,SQ.EZrqi-t8P7zw5KgeeTYANzZJFfHAAotB,KI270714.1,genbank_accession,KI270714.1
XemD97fxYMS4q-FBm_n5CHQgmzh1_67a,SQ.EZrqi-t8P7zw5KgeeTYANzZJFfHAAotB,NT_187369.1,refseq_accession,NT_187369.1
XemD97fxYMS4q-FBm_n5CHQgmzh1_67a,SQ.EZrqi-t8P7zw5KgeeTYANzZJFfHAAotB,HSCHR1_CTG9_UNLOCALIZED,seqcol_name,
XemD97fxYMS4q-FBm_n5CHQgmzh1_67a,SQ.EZrqi-t8P7zw5KgeeTYANzZJFfHAAotB,chr1_KI270714v1_random,ucsc,
XemD97fxYMS4q-FBm_n5CHQgmzh1_67a,SQ.EoFUoPtnHWts2dpvMw4zusf2yLpbJryB,KI270800.1,genbank_accession,KI270800.1
XemD97fxYMS4q-FBm_n5CHQgmzh1_67a,SQ.EoFUoPtnHWts2dpvMw4zusf2yLpbJryB,NT_187555.1,refseq_accession,NT_187555.1
XemD97fxYMS4q-FBm_n5CHQgmzh1_67a,SQ.EoFUoPtnHWts2dpvMw4zusf2yLpbJryB,HSCHR6_1_CTG7,seqcol_name,
XemD97fxYMS4q-FBm_n5CHQgmzh1_67a,SQ.EoFUoPtnHWts2dpvMw4zusf2yLpbJryB,chr6_KI270800v1_alt,ucsc,
XemD97fxYMS4q-FBm_n5CHQgmzh1_67a,SQ.F-LrLMe1SRpfUZHkQmvkVKFEGaoDeHul,CM000669.2,genbank_accession,CM000669.2
XemD97fxYMS4q-FBm_n5CHQgmzh1_67a,SQ.F-LrLMe1SRpfUZHkQmvkVKFEGaoDeHul,NC_000007.14,refseq_accession,NC_000007.14
XemD97fxYMS4q-FBm_n5CHQgmzh1_67a,SQ.F-LrLMe1SRpfUZHkQmvkVKFEGaoDeHul,7,seqcol_name,
XemD97fxYMS4q-FBm_n5CHQgmzh1_67a,SQ.F-LrLMe1SRpfUZHkQmvkVKFEGaoDeHul,chr7,ucsc,
XemD97fxYMS4q-FBm_n5CHQgmzh1_67a,SQ.F8qtboG1CtuwXhSfcIDuNh7hCtCiJPLH,KI270467.1,genbank_accession,KI270467.1
XemD97fxYMS4q-FBm_n5CHQgmzh1_67a,SQ.F8qtboG1CtuwXhSfcIDuNh7hCtCiJPLH,NT_187423.1,refseq_accession,NT_187423.1
XemD97fxYMS4q-FBm_n5CHQgmzh1_67a,SQ.F8qtboG1CtuwXhSfcIDuNh7hCtCiJPLH,HSCHRUN_RANDOM_127,seqcol_name,
XemD97fxYMS4q-FBm_n5CHQgmzh1_67a,SQ.F8qtboG1CtuwXhSfcIDuNh7hCtCiJPLH,chrUn_KI270467v1,ucsc,
XemD97fxYMS4q-FBm_n5CHQgmzh1_67a,SQ.FEDrQ66n6WIQrotLhccdZv4POnOwxo3K,KI270838.1,genbank_accession,KI270838.1
XemD97fxYMS4q-FBm_n5CHQgmzh1_67a,SQ.FEDrQ66n6WIQrotLhccdZv4POnOwxo3K,NT_187592.1,refseq_accession,NT_187592.1
XemD97fxYMS4q-FBm_n5CHQgmzh1_67a,SQ.FEDrQ66n6WIQrotLhccdZv4POnOwxo3K,HSCHR13_1_CTG1,seqcol_name,
XemD97fxYMS4q-FBm_n5CHQgmzh1_67a,SQ.FEDrQ66n6WIQrotLhccdZv4POnOwxo3K,chr13_KI270838v1_alt,ucsc,
XemD97fxYMS4q-FBm_n5CHQgmzh1_67a,SQ.FG-aJRTsNPoh6CI3TyH5R3dX4tSX1RYz,KI270729.1,genbank_accession,KI270729.1
XemD97fxYMS4q-FBm_n5CHQgmzh1_67a,SQ.FG-aJRTsNPoh6CI3TyH5R3dX4tSX1RYz,NT_187384.1,refseq_accession,NT_187384.1
XemD97fxYMS4q-FBm_n5CHQgmzh1_67a,SQ.FG-aJRTsNPoh6CI3TyH5R3dX4tSX1RYz,HSCHR17_RANDOM_CTG4,seqcol_name,
XemD97fxYMS4q-FBm_n5CHQgmzh1_67a,SQ.FG-aJRTsNPoh6CI3TyH5R3dX4tSX1RYz,chr17_KI270729v1_random,ucsc,
XemD97fxYMS4q-FBm_n5CHQgmzh1_67a,SQ.FHE5wehDRu1ckddTp8qPX_eLPHAUSS6L,KI270867.1,genbank_accession,KI270867.1
XemD97fxYMS4q-FBm_n5CHQgmzh1_67a,SQ.FHE5wehDRu1ckddTp8qPX_eLPHAUSS6L,NT_187620.1,refseq_accession,NT_187620.1
XemD97fxYMS4q-FBm_n5CHQgmzh1_67a,SQ.FHE5wehDRu1ckddTp8qPX_eLPHAUSS6L,HSCHR19_3_CTG3_1,seqcol_name,
XemD97fxYMS4q-FBm_n5CHQgmzh1_67a,SQ.FHE5wehDRu1ckddTp8qPX_eLPHAUSS6L,chr19_KI270867v1_alt,ucsc,
XemD97fxYMS4q-FBm_n5CHQgmzh1_67a,SQ.FgYozfBAkO9vR3nB463Ms4Z7kmkLwap8,KI270322.1,genbank_accession,KI270322.1
XemD97fxYMS4q-FBm_n5CHQgmzh1_67a,SQ.FgYozfBAkO9vR3nB463Ms4Z7kmkLwap8,NT_187400.1,refseq_accession,NT_187400.1
XemD97fxYMS4q-FBm_n5CHQgmzh1_67a,SQ.FgYozfBAkO9vR3nB463Ms4Z7kmkLwap8,HSCHRUN_RANDOM_104,seqcol_name,
XemD97fxYMS4q-FBm_n5CHQgmzh1_67a,SQ.FgYozfBAkO9vR3nB463Ms4Z7kmkLwap8,chrUn_KI270322v1,ucsc,
XemD97fxYMS4q-FBm_n5CHQgmzh1_67a,SQ.FnjLHRbZQ0-daOR8wKor14vwkaFL6hNs,KI270590.1,genbank_accession,KI270590.1
XemD97fxYMS4q-FBm_n5CHQgmzh1_67a,SQ.FnjLHRbZQ0-daOR8wKor14vwkaFL6hNs,NT_187452.1,refseq_accession,NT_187452.1
XemD97fxYMS4q-FBm_n5CHQgmzh1_67a,SQ.FnjLHRbZQ0-daOR8wKor14vwkaFL6hNs,HSCHRUN_RANDOM_160,seqcol_name,
XemD97fxYMS4q-FBm_n5CHQgmzh1_67a,SQ.FnjLHRbZQ0-daOR8wKor14vwkaFL6hNs,chrUn_KI270590v1,ucsc,
XemD97fxYMS4q-FBm_n5CHQgmzh1_67a,SQ.Ft1rlkyC6tg0zSex3L9Nl3QNMSMvlWpY,KI270781.1,genbank_accession,KI270781.1
XemD97fxYMS4q-FBm_n5CHQgmzh1_67a,SQ.Ft1rlkyC6tg0zSex3L9Nl3QNMSMvlWpY,NT_187538.1,refseq_accession,NT_187538.1
XemD97fxYMS4q-FBm_n5CHQgmzh1_67a,SQ.Ft1rlkyC6tg0zSex3L9Nl3QNMSMvlWpY,HSCHR3_5_CTG2_1,seqcol_name,
XemD97fxYMS4q-FBm_n5CHQgmzh1_67a,SQ.Ft1rlkyC6tg0zSex3L9Nl3QNMSMvlWpY,chr3_KI270781v1_alt,ucsc,
XemD97fxYMS4q-FBm_n5CHQgmzh1_67a,SQ.FwChSNxkr_b1LuOi-QoKQcH2DiB9fL89,KI270853.1,genbank_accession,KI270853.1
XemD97fxYMS4q-FBm_n5CHQgmzh1_67a,SQ.FwChSNxkr_b1LuOi-QoKQcH2DiB9fL89,NT_187607.1,refseq_accession,NT_187607.1
XemD97fxYMS4q-FBm_n5CHQgmzh1_67a,SQ.FwChSNxkr_b1LuOi-QoKQcH2DiB9fL89,HSCHR16_1_CTG1,seqcol_name,
XemD97fxYMS4q-FBm_n5CHQgmzh1_67a,SQ.FwChSNxkr_b1LuOi-QoKQcH2DiB9fL89,chr16_KI270853v1_alt,ucsc,
XemD97fxYMS4q-FBm_n5CHQgmzh1_67a,SQ.FzQFgB4dpLbSpGp5WvuMNzq6MPKvdlyE,KI270797.1,genbank_accession,KI270797.1
XemD97fxYMS4q-FBm_n5CHQgmzh1_67a,SQ.FzQFgB4dpLbSpGp5WvuMNzq6MPKvdlyE,NT_187552.1,refseq_accession,NT_187552.1
XemD97fxYMS4q-FBm_n5CHQgmzh1_67a,SQ.FzQFgB4dpLbSpGp5WvuMNzq6MPKvdlyE,HSCHR6_1_CTG4,seqcol_name,
XemD97fxYMS4q-FBm_n5CHQgmzh1_67a,SQ.FzQFgB4dpLbSpGp5WvuMNzq6MPKvdlyE,chr6_KI270797v1_alt,ucsc,
XemD97fxYMS4q-FBm_n5CHQgmzh1_67a,SQ.GCrbaHfIIFRcgaSCxRfLabk7To0pT5MQ,KI270760.1,genbank_accession,KI270760.1
XemD97fxYMS4q-FBm_n5CHQgmzh1_67a,SQ.GCrbaHfIIFRcgaSCxRfLabk7To0pT5MQ,NT_187514.1,refseq_accession,NT_187514.1
XemD97fxYMS4q-FBm_n5CHQgmzh1_67a,SQ.GCrbaHfIIFRcgaSCxRfLabk7To0pT5MQ,HSCHR1_1_CTG11,seqcol_name,
XemD97fxYMS4q-FBm_n5CHQgmzh1_67a,SQ.GCrbaHfIIFRcgaSCxRfLabk7To0pT5MQ,chr1_KI270760v1_alt,ucsc,
XemD97fxYMS4q-FBm_n5CHQgmzh1_67a,SQ.GUN8-TYOZWIwvkcWk4bCnaEPxBMwMTdn,GL383526.1,genbank_accession,GL383526.1
XemD97fxYMS4q-FBm_n5CHQgmzh1_67a,SQ.GUN8-TYOZWIwvkcWk4bCnaEPxBMwMTdn,NW_003315913.1,refseq_accession,NW_003315913.1
XemD97fxYMS4q-FBm_n5CHQgmzh1_67a,SQ.GUN8-TYOZWIwvkcWk4bCnaEPxBMwMTdn,HSCHR3_1_CTG2_1,seqcol_name,
XemD97fxYMS4q-FBm_n5CHQgmzh1_67a,SQ.GUN8-TYOZWIwvkcWk4bCnaEPxBMwMTdn,chr3_GL383526v1_alt,ucsc,
XemD97fxYMS4q-FBm_n5CHQgmzh1_67a,SQ.Gbrij0fSyRAGFCB20lZ8vTkymOnmV5gP,KI270840.1,genbank_accession,KI270840.1
XemD97fxYMS4q-FBm_n5CHQgmzh1_67a,SQ.Gbrij0fSyRAGFCB20lZ8vTkymOnmV5gP,NT_187594.1,refseq_accession,NT_187594.1
XemD97fxYMS4q-FBm_n5CHQgmzh1_67a,SQ.Gbrij0fSyRAGFCB20lZ8vTkymOnmV5gP,HSCHR13_1_CTG3,seqcol_name,
XemD97fxYMS4q-FBm_n5CHQgmzh1_67a,SQ.Gbrij0fSyRAGFCB20lZ8vTkymOnmV5gP,chr13_KI270840v1_alt,ucsc,
XemD97fxYMS4q-FBm_n5CHQgmzh1_67a,SQ.GdXNrY4W8T7K93ylj7kNeytobgGKidl-,KI270395.1,genbank_accession,KI270395.1
XemD97fxYMS4q-FBm_n5CHQgmzh1_67a,SQ.GdXNrY4W8T7K93ylj7kNeytobgGKidl-,NT_187476.1,refseq_accession,NT_187476.1
XemD97fxYMS4q-FBm_n5CHQgmzh1_67a,SQ.GdXNrY4W8T7K93ylj7kNeytobgGKidl-,HSCHRUN_RANDOM_184,seqcol_name,
XemD97fxYMS4q-FBm_n5CHQgmzh1_67a,SQ.GdXNrY4W8T7K93ylj7kNeytobgGKidl-,chrUn_KI270395v1,ucsc,
XemD97fxYMS4q-FBm_n5CHQgmzh1_67a,SQ.H-FcilbhTd1DIsKaCzkabHWNIc7smIfL,JH159137.1,genbank_accession,JH159137.1
XemD97fxYMS4q-FBm_n5CHQgmzh1_67a,SQ.H-FcilbhTd1DIsKaCzkabHWNIc7smIfL,NW_003871074.1,refseq_accession,NW_003871074.1
XemD97fxYMS4q-FBm_n5CHQgmzh1_67a,SQ.H-FcilbhTd1DIsKaCzkabHWNIc7smIfL,HG151_NOVEL_TEST,seqcol_name,
XemD97fxYMS4q-FBm_n5CHQgmzh1_67a,SQ.H-FcilbhTd1DIsKaCzkabHWNIc7smIfL,chr11_JH159137v1_alt,ucsc,
XemD97fxYMS4q-FBm_n5CHQgmzh1_67a,SQ.HDkEXq7AzlrUbhHuZpznbp3lgdam9H7m,KI270854.1,genbank_accession,KI270854.1
XemD97fxYMS4q-FBm_n5CHQgmzh1_67a,SQ.HDkEXq7AzlrUbhHuZpznbp3lgdam9H7m,NT_187610.1,refseq_accession,NT_187610.1
XemD97fxYMS4q-FBm_n5CHQgmzh1_67a,SQ.HDkEXq7AzlrUbhHuZpznbp3lgdam9H7m,HSCHR16_CTG2,seqcol_name,
XemD97fxYMS4q-FBm_n5CHQgmzh1_67a,SQ.HDkEXq7AzlrUbhHuZpznbp3lgdam9H7m,chr16_KI270854v1_alt,ucsc,
XemD97fxYMS4q-FBm_n5CHQgmzh1_67a,SQ.HImND0cIlPCdycJ2DwnTMpO7nb-njdnZ,KI270442.1,genbank_accession,KI270442.1
XemD97fxYMS4q-FBm_n5CHQgmzh1_67a,SQ.HImND0cIlPCdycJ2DwnTMpO7nb-njdnZ,NT_187420.1,refseq_accession,NT_187420.1
XemD97fxYMS4q-FBm_n5CHQgmzh1_67a,SQ.HImND0cIlPCdycJ2DwnTMpO7nb-njdnZ,HSCHRUN_RANDOM_124,seqcol_name,
XemD97fxYMS4q-FBm_n5CHQgmzh1_67a,SQ.HImND0cIlPCdycJ2DwnTMpO7nb-njdnZ,chrUn_KI270442v1,ucsc,
XemD97fxYMS4q-FBm_n5CHQgmzh1_67a,SQ.HvLCAc04v5FtYQKEBozJOkjYG7JyzqI1,KI270903.1,genbank_accession,KI270903.1
XemD97fxYMS4q-FBm_n5CHQgmzh1_67a,SQ.HvLCAc04v5FtYQKEBozJOkjYG7JyzqI1,NT_187657.1,refseq_accession,NT_187657.1
XemD97fxYMS4q-FBm_n5CHQgmzh1_67a,SQ.HvLCAc04v5FtYQKEBozJOkjYG7JyzqI1,HSCHR11_2_CTG1_1,seqcol_name,
XemD97fxYMS4q-FBm_n5CHQgmzh1_67a,SQ.HvLCAc04v5FtYQKEBozJOkjYG7JyzqI1,chr11_KI270903v1_alt,ucsc,
XemD97fxYMS4q-FBm_n5CHQgmzh1_67a,SQ.HxuclGHh0XCDuF8x6yQrpHUBL7ZntAHc,CM000666.2,genbank_accession,CM000666.2
XemD97fxYMS4q-FBm_n5CHQgmzh1_67a,SQ.HxuclGHh0XCDuF8x6yQrpHUBL7ZntAHc,NC_000004.12,refseq_accession,NC_000004.12
XemD97fxYMS4q-FBm_n5CHQgmzh1_67a,SQ.HxuclGHh0XCDuF8x6yQrpHUBL7ZntAHc,4,seqcol_name,
XemD97fxYMS4q-FBm_n5CHQgmzh1_67a,SQ.HxuclGHh0XCDuF8x6yQrpHUBL7ZntAHc,chr4,ucsc,
XemD97fxYMS4q-FBm_n5CHQgmzh1_67a,SQ.I0Yop28P5J3dgmcsMKJKzfSqQ3sp8OJY,KI270863.1,genbank_accession,KI270863.1
XemD97fxYMS4q-FBm_n5CHQgmzh1_67a,SQ.I0Yop28P5J3dgmcsMKJKzfSqQ3sp8OJY,NT_187617.1,refseq_accession,NT_187617.1
XemD97fxYMS4q-FBm_n5CHQgmzh1_67a,SQ.I0Yop28P5J3dgmcsMKJKzfSqQ3sp8OJY,HSCHR18_3_CTG2_1,seqcol_name,
XemD97fxYMS4q-FBm_n5CHQgmzh1_67a,SQ.I0Yop28P5J3dgmcsMKJKzfSqQ3sp8OJY,chr18_KI270863v1_alt,ucsc,
XemD97fxYMS4q-FBm_n5CHQgmzh1_67a,SQ.I5artHV9tMRwf8-UCgn0tUTLY8DFAzfi,KI270392.1,genbank_accession,KI270392.1
XemD97fxYMS4q-FBm_n5CHQgmzh1_67a,SQ.I5artHV9tMRwf8-UCgn0tUTLY8DFAzfi,NT_187485.1,refseq_accession,NT_187485.1
XemD97fxYMS4q-FBm_n5CHQgmzh1_67a,SQ.I5artHV9tMRwf8-UCgn0tUTLY8DFAzfi,HSCHRUN_RANDOM_193,seqcol_name,
XemD97fxYMS4q-FBm_n5CHQgmzh1_67a,SQ.I5artHV9tMRwf8-UCgn0tUTLY8DFAzfi,chrUn_KI270392v1,ucsc,
XemD97fxYMS4q-FBm_n5CHQgmzh1_67a,SQ.IIB53T8CNeJJdUqzn9V_JnRtQadwWCbl,CM000681.2,genbank_accession,CM000681.2
XemD97fxYMS4q-FBm_n5CHQgmzh1_67a,SQ.IIB53T8CNeJJdUqzn9V_JnRtQadwWCbl,NC_000019.10,refseq_accession,NC_000019.10
XemD97fxYMS4q-FBm_n5CHQgmzh1_67a,SQ.IIB53T8CNeJJdUqzn9V_JnRtQadwWCbl,19,seqcol_name,
XemD97fxYMS4q-FBm_n5CHQgmzh1_67a,SQ.IIB53T8CNeJJdUqzn9V_JnRtQadwWCbl,chr19,ucsc,
XemD97fxYMS4q-FBm_n5CHQgmzh1_67a,SQ.IRcDYGj56PHshajiocGe_gQ53fPFX-9I,KI270879.1,genbank_accession,KI270879.1
XemD97fxYMS4q-FBm_n5CHQgmzh1_67a,SQ.IRcDYGj56PHshajiocGe_gQ53fPFX-9I,NT_187633.1,refseq_accession,NT_187633.1
XemD97fxYMS4q-FBm_n5CHQgmzh1_67a,SQ.IRcDYGj56PHshajiocGe_gQ53fPFX-9I,HSCHR22_1_CTG7,seqcol_name,
XemD97fxYMS4q-FBm_n5CHQgmzh1_67a,SQ.IRcDYGj56PHshajiocGe_gQ53fPFX-9I,chr22_KI270879v1_alt,ucsc,
XemD97fxYMS4q-FBm_n5CHQgmzh1_67a,SQ.ITWL-R0pmV5Q5vmPatNneK6bAR5CSvK_,KI270871.1,genbank_accession,KI270871.1
XemD97fxYMS4q-FBm_n5CHQgmzh1_67a,SQ.ITWL-R0pmV5Q5vmPatNneK6bAR5CSvK_,NT_187625.1,refseq_accession,NT_187625.1
XemD97fxYMS4q-FBm_n5CHQgmzh1_67a,SQ.ITWL-R0pmV5Q5vmPatNneK6bAR5CSvK_,HSCHR20_1_CTG4,seqcol_name,
XemD97fxYMS4q-FBm_n5CHQgmzh1_67a,SQ.ITWL-R0pmV5Q5vmPatNneK6bAR5CSvK_,chr20_KI270871v1_alt,ucsc,
XemD97fxYMS4q-FBm_n5CHQgmzh1_67a,SQ.IUYOQlv1RFRM-COi2MjsFSO7_3AI1R4s,KI270889.1,genbank_accession,KI270889.1
XemD97fxYMS4q-FBm_n5CHQgmzh1_67a,SQ.IUYOQlv1RFRM-COi2MjsFSO7_3AI1R4s,NT_187643.1,refseq_accession,NT_187643.1
XemD97fxYMS4q-FBm_n5CHQgmzh1_67a,SQ.IUYOQlv1RFRM-COi2MjsFSO7_3AI1R4s,HSCHR19KIR_LUCE_A_HAP_CTG3_1,seqcol_name,
XemD97fxYMS4q-FBm_n5CHQgmzh1_67a,SQ.IUYOQlv1RFRM-COi2MjsFSO7_3AI1R4s,chr19_KI270889v1_alt,ucsc,
XemD97fxYMS4q-FBm_n5CHQgmzh1_67a,SQ.IpxD9OiiVt8_Xfbj35qc74pGIe0wL9vT,KI270519.1,genbank_accession,KI270519.1
XemD97fxYMS4q-FBm_n5CHQgmzh1_67a,SQ.IpxD9OiiVt8_Xfbj35qc74pGIe0wL9vT,NT_187433.1,refseq_accession,NT_187433.1
XemD97fxYMS4q-FBm_n5CHQgmzh1_67a,SQ.IpxD9OiiVt8_Xfbj35qc74pGIe0wL9vT,HSCHRUN_RANDOM_137,seqcol_name,
XemD97fxYMS4q-FBm_n5CHQgmzh1_67a,SQ.IpxD9OiiVt8_Xfbj35qc74pGIe0wL9vT,chrUn_KI270519v1,ucsc,
XemD97fxYMS4q-FBm_n5CHQgmzh1_67a,SQ.IqHYbzsscygCUV59pwfyEd04a5c3lkLF,KI270386.1,genbank_accession,KI270386.1
XemD97fxYMS4q-FBm_n5CHQgmzh1_67a,SQ.IqHYbzsscygCUV59pwfyEd04a5c3lkLF,NT_187480.1,refseq_accession,NT_187480.1
XemD97fxYMS4q-FBm_n5CHQgmzh1_67a,SQ.IqHYbzsscygCUV59pwfyEd04a5c3lkLF,HSCHRUN_RANDOM_188,seqcol_name,
XemD97fxYMS4q-FBm_n5CHQgmzh1_67a,SQ.IqHYbzsscygCUV59pwfyEd04a5c3lkLF,chrUn_KI270386v1,ucsc,
XemD97fxYMS4q-FBm_n5CHQgmzh1_67a,SQ.J2akr9kmBxkY3ZFmieOubOe1p6EFfMwY,KI270507.1,genbank_accession,KI270507.1
XemD97fxYMS4q-FBm_n5CHQgmzh1_67a,SQ.J2akr9kmBxkY3ZFmieOubOe1p6EFfMwY,NT_187437.1,refseq_accession,NT_187437.1
XemD97fxYMS4q-FBm_n5CHQgmzh1_67a,SQ.J2akr9kmBxkY3ZFmieOubOe1p6EFfMwY,HSCHRUN_RANDOM_141,seqcol_name,
XemD97fxYMS4q-FBm_n5CHQgmzh1_67a,SQ.J2akr9kmBxkY3ZFmieOubOe1p6EFfMwY,chrUn_KI270507v1,ucsc,
XemD97fxYMS4q-FBm_n5CHQgmzh1_67a,SQ.JC7sRwjgnhEUBTGtNafaYyolY6rCwFRw,KI270822.1,genbank_accession,KI270822.1
XemD97fxYMS4q-FBm_n5CHQgmzh1_67a,SQ.JC7sRwjgnhEUBTGtNafaYyolY6rCwFRw,NT_187577.1,refseq_accession,NT_187577.1
XemD97fxYMS4q-FBm_n5CHQgmzh1_67a,SQ.JC7sRwjgnhEUBTGtNafaYyolY6rCwFRw,HSCHR8_9_CTG1,seqcol_name,
XemD97fxYMS4q-FBm_n5CHQgmzh1_67a,SQ.JC7sRwjgnhEUBTGtNafaYyolY6rCwFRw,chr8_KI270822v1_alt,ucsc,
XemD97fxYMS4q-FBm_n5CHQgmzh1_67a,SQ.JGKR1svbOo2GOxiWymE1pv13ggaJc4ih,KI270913.1,genbank_accession,KI270913.1
XemD97fxYMS4q-FBm_n5CHQgmzh1_67a,SQ.JGKR1svbOo2GOxiWymE1pv13ggaJc4ih,NT_187667.1,refseq_accession,NT_187667.1
XemD97fxYMS4q-FBm_n5CHQgmzh1_67a,SQ.JGKR1svbOo2GOxiWymE1pv13ggaJc4ih,HSCHRX_2_CTG3,seqcol_name,
XemD97fxYMS4q-FBm_n5CHQgmzh1_67a,SQ.JGKR1svbOo2GOxiWymE1pv13ggaJc4ih,chrX_KI270913v1_alt,ucsc,
XemD97fxYMS4q-FBm_n5CHQgmzh1_67a,SQ.JM3T4DDFYWNd19zcrQCCl6nj_NmagiRo,KI270371.1,genbank_accession,KI270371.1
XemD97fxYMS4q-FBm_n5CHQgmzh1_67a,SQ.JM3T4DDFYWNd19zcrQCCl6nj_NmagiRo,NT_187494.1,refseq_accession,NT_187494.1
XemD97fxYMS4q-FBm_n5CHQgmzh1_67a,SQ.JM3T4DDFYWNd19zcrQCCl6nj_NmagiRo,HSCHRUN_RANDOM_202,seqcol_name,
XemD97fxYMS4q-FBm_n5CHQgmzh1_67a,SQ.JM3T4DDFYWNd19zcrQCCl6nj_NmagiRo,chrUn_KI270371v1,ucsc,
XemD97fxYMS4q-FBm_n5CHQgmzh1_67a,SQ.JSL6KKK2j3Flq4IF1M3Art_84LQ3dmFF,KI270338.1,genbank_accession,KI270338.1
XemD97fxYMS4q-FBm_n5CHQgmzh1_67a,SQ.JSL6KKK2j3Flq4IF1M3Art_84LQ3dmFF,NT_187463.1,refseq_accession,NT_187463.1
XemD97fxYMS4q-FBm_n5CHQgmzh1_67a,SQ.JSL6KKK2j3Flq4IF1M3Art_84LQ3dmFF,HSCHRUN_RANDOM_171,seqcol_name,
XemD97fxYMS4q-FBm_n5CHQgmzh1_67a,SQ.JSL6KKK2j3Flq4IF1M3Art_84LQ3dmFF,chrUn_KI270338v1,ucsc,
XemD97fxYMS4q-FBm_n5CHQgmzh1_67a,SQ.JoYHnbjBPOMckEQi0FSEJZYfci-l4kzO,KI270819.1,genbank_accession,KI270819.1
XemD97fxYMS4q-FBm_n5CHQgmzh1_67a,SQ.JoYHnbjBPOMckEQi0FSEJZYfci-l4kzO,NT_187574.1,refseq_accession,NT_187574.1
XemD97fxYMS4q-FBm_n5CHQgmzh1_67a,SQ.JoYHnbjBPOMckEQi0FSEJZYfci-l4kzO,HSCHR8_5_CTG7,seqcol_name,
XemD97fxYMS4q-FBm_n5CHQgmzh1_67a,SQ.JoYHnbjBPOMckEQi0FSEJZYfci-l4kzO,chr8_KI270819v1_alt,ucsc,
XemD97fxYMS4q-FBm_n5CHQgmzh1_67a,SQ.KEO-4XBcm1cxeo_DIQ8_ofqGUkp4iZhI,CM000671.2,genbank_accession,CM000671.2
XemD97fxYMS4q-FBm_n5CHQgmzh1_67a,SQ.KEO-4XBcm1cxeo_DIQ8_ofqGUkp4iZhI,NC_000009.12,refseq_accession,NC_000009.12
XemD97fxYMS4q-FBm_n5CHQgmzh1_67a,SQ.KEO-4XBcm1cxeo_DIQ8_ofqGUkp4iZhI,9,seqcol_name,
XemD97fxYMS4q-FBm_n5CHQgmzh1_67a,SQ.KEO-4XBcm1cxeo_DIQ8_ofqGUkp4iZhI,chr9,ucsc,
XemD97fxYMS4q-FBm_n5CHQgmzh1_67a,SQ.KET7zxY6jw4xXuce0I2NdTbBuwZudiVN,KI270390.1,genbank_accession,KI270390.1
XemD97fxYMS4q-FBm_n5CHQgmzh1_67a,SQ.KET7zxY6jw4xXuce0I2NdTbBuwZudiVN,NT_187474.1,refseq_accession,NT_187474.1
XemD97fxYMS4q-FBm_n5CHQgmzh1_67a,SQ.KET7zxY6jw4xXuce0I2NdTbBuwZudiVN,HSCHRUN_RANDOM_182,seqcol_name,
XemD97fxYMS4q-FBm_n5CHQgmzh1_67a,SQ.KET7zxY6jw4xXuce0I2NdTbBuwZudiVN,chrUn_KI270390v1,ucsc,
XemD97fxYMS4q-FBm_n5CHQgmzh1_67a,SQ.KHKws2RTus2xjfI0god2Gg79qedfTlKb,GL383550.2,genbank_accession,GL383550.2
XemD97fxYMS4q-FBm_n5CHQgmzh1_67a,SQ.KHKws2RTus2xjfI0god2Gg79qedfTlKb,NW_003315939.2,refseq_accession,NW_003315939.2
XemD97fxYMS4q-FBm_n5CHQgmzh1_67a,SQ.KHKws2RTus2xjfI0god2Gg79qedfTlKb,HSCHR12_1_CTG2_1,seqcol_name,
XemD97fxYMS4q-FBm_n5CHQgmzh1_67a,SQ.KHKws2RTus2xjfI0god2Gg79qedfTlKb,chr12_GL383550v2_alt,ucsc,
XemD97fxYMS4q-FBm_n5CHQgmzh1_67a,SQ.KQZyMeKEPHfeYKYX79PyAoyajaqE30_E,KI270382.1,genbank_accession,KI270382.1
XemD97fxYMS4q-FBm_n5CHQgmzh1_67a,SQ.KQZyMeKEPHfeYKYX79PyAoyajaqE30_E,NT_187488.1,refseq_accession,NT_187488.1
XemD97fxYMS4q-FBm_n5CHQgmzh1_67a,SQ.KQZyMeKEPHfeYKYX79PyAoyajaqE30_E,HSCHRUN_RANDOM_196,seqcol_name,
XemD97fxYMS4q-FBm_n5CHQgmzh1_67a,SQ.KQZyMeKEPHfeYKYX79PyAoyajaqE30_E,chrUn_KI270382v1,ucsc,
XemD97fxYMS4q-FBm_n5CHQgmzh1_67a,SQ.K_ieIfNIy1Ktulg8QSlhvJvm_1uQOtjD,GL000009.2,genbank_accession,GL000009.2
XemD97fxYMS4q-FBm_n5CHQgmzh1_67a,SQ.K_ieIfNIy1Ktulg8QSlhvJvm_1uQOtjD,NT_113796.3,refseq_accession,NT_113796.3
XemD97fxYMS4q-FBm_n5CHQgmzh1_67a,SQ.K_ieIfNIy1Ktulg8QSlhvJvm_1uQOtjD,HSCHR14_CTG1_UNLOCALIZED,seqcol_name,
XemD97fxYMS4q-FBm_n5CHQgmzh1_67a,SQ.K_ieIfNIy1Ktulg8QSlhvJvm_1uQOtjD,chr14_GL000009v2_random,ucsc,
XemD97fxYMS4q-FBm_n5CHQgmzh1_67a,SQ.KcnNnZ5bTDOEConQUSemx8AEViUquuJW,KI270930.1,genbank_accession,KI270930.1
XemD97fxYMS4q-FBm_n5CHQgmzh1_67a,SQ.KcnNnZ5bTDOEConQUSemx8AEViUquuJW,NT_187684.1,refseq_accession,NT_187684.1
XemD97fxYMS4q-FBm_n5CHQgmzh1_67a,SQ.KcnNnZ5bTDOEConQUSemx8AEViUquuJW,HSCHR19KIR_FH08_BAX_HAP_CTG3_1,seqcol_name,
XemD97fxYMS4q-FBm_n5CHQgmzh1_67a,SQ.KcnNnZ5bTDOEConQUSemx8AEViUquuJW,chr19_KI270930v1_alt,ucsc,
XemD97fxYMS4q-FBm_n5CHQgmzh1_67a,SQ.Ke3kTlQ21XVYX7avwlj8LDiX5S1cmbPf,GL383575.2,genbank_accession,GL383575.2
XemD97fxYMS4q-FBm_n5CHQgmzh1_67a,SQ.Ke3kTlQ21XVYX7avwlj8LDiX5S1cmbPf,NW_003315964.2,refseq_accession,NW_003315964.2
XemD97fxYMS4q-FBm_n5CHQgmzh1_67a,SQ.Ke3kTlQ21XVYX7avwlj8LDiX5S1cmbPf,HSCHR19_2_CTG2,seqcol_name,
XemD97fxYMS4q-FBm_n5CHQgmzh1_67a,SQ.Ke3kTlQ21XVYX7avwlj8LDiX5S1cmbPf,chr19_GL383575v2_alt,ucsc,
XemD97fxYMS4q-FBm_n5CHQgmzh1_67a,SQ.KmkfaNw6fM3oWCokWZGXgLINWxET3dww,KI270834.1,genbank_accession,KI270834.1
XemD97fxYMS4q-FBm_n5CHQgmzh1_67a,SQ.KmkfaNw6fM3oWCokWZGXgLINWxET3dww,NT_187590.1,refseq_accession,NT_187590.1
XemD97fxYMS4q-FBm_n5CHQgmzh1_67a,SQ.KmkfaNw6fM3oWCokWZGXgLINWxET3dww,HSCHR12_6_CTG2_1,seqcol_name,
XemD97fxYMS4q-FBm_n5CHQgmzh1_67a,SQ.KmkfaNw6fM3oWCokWZGXgLINWxET3dww,chr12_KI270834v1_alt,ucsc,
XemD97fxYMS4q-FBm_n5CHQgmzh1_67a,SQ.KuhqeekACzuyI14I7mL58jVhKFU3Sm_6,GL000225.1,genbank_accession,GL000225.1
XemD97fxYMS4q-FBm_n5CHQgmzh1_67a,SQ.KuhqeekACzuyI14I7mL58jVhKFU3Sm_6,NT_167219.1,refseq_accession,NT_167219.1
XemD97fxYMS4q-FBm_n5CHQgmzh1_67a,SQ.KuhqeekACzuyI14I7mL58jVhKFU3Sm_6,HSCHR14_CTG2_UNLOCALIZED,seqcol_name,
XemD97fxYMS4q-FBm_n5CHQgmzh1_67a,SQ.KuhqeekACzuyI14I7mL58jVhKFU3Sm_6,chr14_GL000225v1_random,ucsc,
XemD97fxYMS4q-FBm_n5CHQgmzh1_67a,SQ.L4ZLpQty7r3yyh2xSr_O6DRnWaKjaAsv,KI270335.1,genbank_accession,KI270335.1
XemD97fxYMS4q-FBm_n5CHQgmzh1_67a,SQ.L4ZLpQty7r3yyh2xSr_O6DRnWaKjaAsv,NT_187462.1,refseq_accession,NT_187462.1
XemD97fxYMS4q-FBm_n5CHQgmzh1_67a,SQ.L4ZLpQty7r3yyh2xSr_O6DRnWaKjaAsv,HSCHRUN_RANDOM_170,seqcol_name,
XemD97fxYMS4q-FBm_n5CHQgmzh1_67a,SQ.L4ZLpQty7r3yyh2xSr_O6DRnWaKjaAsv,chrUn_KI270335v1,ucsc,
XemD97fxYMS4q-FBm_n5CHQgmzh1_67a,SQ.L9jwXWvDtJbfxVFFZ5Autkj9k_qMIz5F,KI270830.1,genbank_accession,KI270830.1
XemD97fxYMS4q-FBm_n5CHQgmzh1_67a,SQ.L9jwXWvDtJbfxVFFZ5Autkj9k_qMIz5F,NT_187584.1,refseq_accession,NT_187584.1
XemD97fxYMS4q-FBm_n5CHQgmzh1_67a,SQ.L9jwXWvDtJbfxVFFZ5Autkj9k_qMIz5F,HSCHR11_1_CTG6,seqcol_name,
XemD97fxYMS4q-FBm_n5CHQgmzh1_67a,SQ.L9jwXWvDtJbfxVFFZ5Autkj9k_qMIz5F,chr11_KI270830v1_alt,ucsc,
XemD97fxYMS4q-FBm_n5CHQgmzh1_67a,SQ.LQAI8B9Di_cemErZagjmUlLIU_wJ0vpM,KI270824.1,genbank_accession,KI270824.1
XemD97fxYMS4q-FBm_n5CHQgmzh1_67a,SQ.LQAI8B9Di_cemErZagjmUlLIU_wJ0vpM,NT_187579.1,refseq_accession,NT_187579.1
XemD97fxYMS4q-FBm_n5CHQgmzh1_67a,SQ.LQAI8B9Di_cemErZagjmUlLIU_wJ0vpM,HSCHR10_1_CTG3,seqcol_name,
XemD97fxYMS4q-FBm_n5CHQgmzh1_67a,SQ.LQAI8B9Di_cemErZagjmUlLIU_wJ0vpM,chr10_KI270824v1_alt,ucsc,
XemD97fxYMS4q-FBm_n5CHQgmzh1_67a,SQ.LRS9ztT4Ebp8Eu2rY-wbZ7RclCIZK_W0,KI270855.1,genbank_accession,KI270855.1
XemD97fxYMS4q-FBm_n5CHQgmzh1_67a,SQ.LRS9ztT4Ebp8Eu2rY-wbZ7RclCIZK_W0,NT_187608.1,refseq_accession,NT_187608.1
XemD97fxYMS4q-FBm_n5CHQgmzh1_67a,SQ.LRS9ztT4Ebp8Eu2rY-wbZ7RclCIZK_W0,HSCHR16_3_CTG1,seqcol_name,
XemD97fxYMS4q-FBm_n5CHQgmzh1_67a,SQ.LRS9ztT4Ebp8Eu2rY-wbZ7RclCIZK_W0,chr16_KI270855v1_alt,ucsc,
XemD97fxYMS4q-FBm_n5CHQgmzh1_67a,SQ.LtzPuZLZnYH6pO1IrTjYgPEKdEhRS5ud,KI270798.1,genbank_accession,KI270798.1
XemD97fxYMS4q-FBm_n5CHQgmzh1_67a,SQ.LtzPuZLZnYH6pO1IrTjYgPEKdEhRS5ud,NT_187553.1,refseq_accession,NT_187553.1
XemD97fxYMS4q-FBm_n5CHQgmzh1_67a,SQ.LtzPuZLZnYH6pO1IrTjYgPEKdEhRS5ud,HSCHR6_1_CTG5,seqcol_name,
XemD97fxYMS4q-FBm_n5CHQgmzh1_67a,SQ.LtzPuZLZnYH6pO1IrTjYgPEKdEhRS5ud,chr6_KI270798v1_alt,ucsc,
XemD97fxYMS4q-FBm_n5CHQgmzh1_67a,SQ.LwWuUnUfybOKDgkhEOYvRjat-JKJBtrH,KI270736.1,genbank_accession,KI270736.1
XemD97fxYMS4q-FBm_n5CHQgmzh1_67a,SQ.LwWuUnUfybOKDgkhEOYvRjat-JKJBtrH,NT_187391.1,refseq_accession,NT_187391.1
XemD97fxYMS4q-FBm_n5CHQgmzh1_67a,SQ.LwWuUnUfybOKDgkhEOYvRjat-JKJBtrH,HSCHR22_UNLOCALIZED_CTG6,seqcol_name,
XemD97fxYMS4q-FBm_n5CHQgmzh1_67a,SQ.LwWuUnUfybOKDgkhEOYvRjat-JKJBtrH,chr22_KI270736v1_random,ucsc,
XemD97fxYMS4q-FBm_n5CHQgmzh1_67a,SQ.M2WH6UNhx2LtMK0_siM3_bY2LOp_xx0M,KI270414.1,genbank_accession,KI270414.1
XemD97fxYMS4q-FBm_n5CHQgmzh1_67a,SQ.M2WH6UNhx2LtMK0_siM3_bY2LOp_xx0M,NT_187410.1,refseq_accession,NT_187410.1
XemD97fxYMS4q-FBm_n5CHQgmzh1_67a,SQ.M2WH6UNhx2LtMK0_siM3_bY2LOp_xx0M,HSCHRUN_RANDOM_114,seqcol_name,
XemD97fxYMS4q-FBm_n5CHQgmzh1_67a,SQ.M2WH6UNhx2LtMK0_siM3_bY2LOp_xx0M,chrUn_KI270414v1,ucsc,
XemD97fxYMS4q-FBm_n5CHQgmzh1_67a,SQ.M6LYFN0j2_bTQG1phdXDW9Tkt3D045xx,KI270935.1,genbank_accession,KI270935.1
XemD97fxYMS4q-FBm_n5CHQgmzh1_67a,SQ.M6LYFN0j2_bTQG1phdXDW9Tkt3D045xx,NT_187689.1,refseq_accession,NT_187689.1
XemD97fxYMS4q-FBm_n5CHQgmzh1_67a,SQ.M6LYFN0j2_bTQG1phdXDW9Tkt3D045xx,HSCHR3_6_CTG3,seqcol_name,
XemD97fxYMS4q-FBm_n5CHQgmzh1_67a,SQ.M6LYFN0j2_bTQG1phdXDW9Tkt3D045xx,chr3_KI270935v1_alt,ucsc,
XemD97fxYMS4q-FBm_n5CHQgmzh1_67a,SQ.M6XTiISr1Sm1DPXEuWgviX8Y2Ct0viGi,GL383541.1,genbank_accession,GL383541.1
XemD97fxYMS4q-FBm_n5CHQgmzh1_67a,SQ.M6XTiISr1Sm1DPXEuWgviX8Y2Ct0viGi,NW_003315930.1,refseq_accession,NW_003315930.1
XemD97fxYMS4q-FBm_n5CHQgmzh1_67a,SQ.M6XTiISr1Sm1DPXEuWgviX8Y2Ct0viGi,HSCHR9_1_CTG3,seqcol_name,
XemD97fxYMS4q-FBm_n5CHQgmzh1_67a,SQ.M6XTiISr1Sm1DPXEuWgviX8Y2Ct0viGi,chr9_GL383541v1_alt,ucsc,
XemD97fxYMS4q-FBm_n5CHQgmzh1_67a,SQ.MVYgwi2O1W6C7WcmxzUTML0XRh4c6IUQ,KI270842.1,genbank_accession,KI270842.1
XemD97fxYMS4q-FBm_n5CHQgmzh1_67a,SQ.MVYgwi2O1W6C7WcmxzUTML0XRh4c6IUQ,NT_187596.1,refseq_accession,NT_187596.1
XemD97fxYMS4q-FBm_n5CHQgmzh1_67a,SQ.MVYgwi2O1W6C7WcmxzUTML0XRh4c6IUQ,HSCHR13_1_CTG5,seqcol_name,
XemD97fxYMS4q-FBm_n5CHQgmzh1_67a,SQ.MVYgwi2O1W6C7WcmxzUTML0XRh4c6IUQ,chr13_KI270842v1_alt,ucsc,
XemD97fxYMS4q-FBm_n5CHQgmzh1_67a,SQ.MYR92N9ChPkZXxy6nWXbiR5RGKuJWDC0,GL877876.1,genbank_accession,GL877876.1
XemD97fxYMS4q-FBm_n5CHQgmzh1_67a,SQ.MYR92N9ChPkZXxy6nWXbiR5RGKuJWDC0,NW_003571050.1,refseq_accession,NW_003571050.1
XemD97fxYMS4q-FBm_n5CHQgmzh1_67a,SQ.MYR92N9ChPkZXxy6nWXbiR5RGKuJWDC0,HSCHR12_2_CTG2,seqcol_name,
XemD97fxYMS4q-FBm_n5CHQgmzh1_67a,SQ.MYR92N9ChPkZXxy6nWXbiR5RGKuJWDC0,chr12_GL877876v1_alt,ucsc,
XemD97fxYMS4q-FBm_n5CHQgmzh1_67a,SQ.Mcs5ZbDrBYm7V9JpBxOYA_OFJGB3wQ1k,GL949751.2,genbank_accession,GL949751.2
XemD97fxYMS4q-FBm_n5CHQgmzh1_67a,SQ.Mcs5ZbDrBYm7V9JpBxOYA_OFJGB3wQ1k,NW_003571059.2,refseq_accession,NW_003571059.2
XemD97fxYMS4q-FBm_n5CHQgmzh1_67a,SQ.Mcs5ZbDrBYm7V9JpBxOYA_OFJGB3wQ1k,HSCHR19LRC_LRC_T_CTG3_1,seqcol_name,
XemD97fxYMS4q-FBm_n5CHQgmzh1_67a,SQ.Mcs5ZbDrBYm7V9JpBxOYA_OFJGB3wQ1k,chr19_GL949751v2_alt,ucsc,
XemD97fxYMS4q-FBm_n5CHQgmzh1_67a,SQ.MjujHSAsgNWRTX4w3ysM7b5OVhZpdXu1,GL000253.2,genbank_accession,GL000253.2
XemD97fxYMS4q-FBm_n5CHQgmzh1_67a,SQ.MjujHSAsgNWRTX4w3ysM7b5OVhZpdXu1,NT_167246.2,refseq_accession,NT_167246.2
XemD97fxYMS4q-FBm_n5CHQgmzh1_67a,SQ.MjujHSAsgNWRTX4w3ysM7b5OVhZpdXu1,HSCHR6_MHC_MANN_CTG1,seqcol_name,
XemD97fxYMS4q-FBm_n5CHQgmzh1_67a,SQ.MjujHSAsgNWRTX4w3ysM7b5OVhZpdXu1,chr6_GL000253v2_alt,ucsc,
XemD97fxYMS4q-FBm_n5CHQgmzh1_67a,SQ.Mr7I6o5HsgqLcSnvhYEqDYdz5kV42DM4,KI270807.1,genbank_accession,KI270807.1
XemD97fxYMS4q-FBm_n5CHQgmzh1_67a,SQ.Mr7I6o5HsgqLcSnvhYEqDYdz5kV42DM4,NT_187563.1,refseq_accession,NT_187563.1
XemD97fxYMS4q-FBm_n5CHQgmzh1_67a,SQ.Mr7I6o5HsgqLcSnvhYEqDYdz5kV42DM4,HSCHR7_2_CTG7,seqcol_name,
XemD97fxYMS4q-FBm_n5CHQgmzh1_67a,SQ.Mr7I6o5HsgqLcSnvhYEqDYdz5kV42DM4,chr7_KI270807v1_alt,ucsc,
XemD97fxYMS4q-FBm_n5CHQgmzh1_67a,SQ.MupOwvi4dl9TzvLOGoyfMa0YrXxY8zy_,KI270580.1,genbank_accession,KI270580.1
XemD97fxYMS4q-FBm_n5CHQgmzh1_67a,SQ.MupOwvi4dl9TzvLOGoyfMa0YrXxY8zy_,NT_187448.1,refseq_accession,NT_187448.1
XemD97fxYMS4q-FBm_n5CHQgmzh1_67a,SQ.MupOwvi4dl9TzvLOGoyfMa0YrXxY8zy_,HSCHRUN_RANDOM_156,seqcol_name,
XemD97fxYMS4q-FBm_n5CHQgmzh1_67a,SQ.MupOwvi4dl9TzvLOGoyfMa0YrXxY8zy_,chrUn_KI270580v1,ucsc,
XemD97fxYMS4q-FBm_n5CHQgmzh1_67a,SQ.MvS9OEU0ldkIVyhI9sjlGLz_Xab7QMVi,KI270710.1,genbank_accession,KI270710.1
XemD97fxYMS4q-FBm_n5CHQgmzh1_67a,SQ.MvS9OEU0ldkIVyhI9sjlGLz_Xab7QMVi,NT_187365.1,refseq_accession,NT_187365.1
XemD97fxYMS4q-FBm_n5CHQgmzh1_67a,SQ.MvS9OEU0ldkIVyhI9sjlGLz_Xab7QMVi,HSCHR1_CTG5_UNLOCALIZED,seqcol_name,
XemD97fxYMS4q-FBm_n5CHQgmzh1_67a,SQ.MvS9OEU0ldkIVyhI9sjlGLz_Xab7QMVi,chr1_KI270710v1_random,ucsc,
XemD97fxYMS4q-FBm_n5CHQgmzh1_67a,SQ.N-4BE43aqEO55NaBCJsVGAbtD_CSw2hq,KI270914.1,genbank_accession,KI270914.1
XemD97fxYMS4q-FBm_n5CHQgmzh1_67a,SQ.N-4BE43aqEO55NaBCJsVGAbtD_CSw2hq,NT_187668.1,refseq_accession,NT_187668.1
XemD97fxYMS4q-FBm_n5CHQgmzh1_67a,SQ.N-4BE43aqEO55NaBCJsVGAbtD_CSw2hq,HSCHR19KIR_RSH_BA2_HAP_CTG3_1,seqcol_name,
XemD97fxYMS4q-FBm_n5CHQgmzh1_67a,SQ.N-4BE43aqEO55NaBCJsVGAbtD_CSw2hq,chr19_KI270914v1_alt,ucsc,
XemD97fxYMS4q-FBm_n5CHQgmzh1_67a,SQ.NJXsBHnEIETvkRII9MF2EEYRLLwK9aCD,KI270786.1,genbank_accession,KI270786.1
XemD97fxYMS4q-FBm_n5CHQgmzh1_67a,SQ.NJXsBHnEIETvkRII9MF2EEYRLLwK9aCD,NT_187543.1,refseq_accession,NT_187543.1
XemD97fxYMS4q-FBm_n5CHQgmzh1_67a,SQ.NJXsBHnEIETvkRII9MF2EEYRLLwK9aCD,HSCHR4_3_CTG12,seqcol_name,
XemD97fxYMS4q-FBm_n5CHQgmzh1_67a,SQ.NJXsBHnEIETvkRII9MF2EEYRLLwK9aCD,chr4_KI270786v1_alt,ucsc,
XemD97fxYMS4q-FBm_n5CHQgmzh1_67a,SQ.NqkUR7zdx2GJiX4HnwxC0PcPCg1V_qG4,GL383578.2,genbank_accession,GL383578.2
XemD97fxYMS4q-FBm_n5CHQgmzh1_67a,SQ.NqkUR7zdx2GJiX4HnwxC0PcPCg1V_qG4,NW_003315967.2,refseq_accession,NW_003315967.2
XemD97fxYMS4q-FBm_n5CHQgmzh1_67a,SQ.NqkUR7zdx2GJiX4HnwxC0PcPCg1V_qG4,HSCHR21_1_CTG1_1,seqcol_name,
XemD97fxYMS4q-FBm_n5CHQgmzh1_67a,SQ.NqkUR7zdx2GJiX4HnwxC0PcPCg1V_qG4,chr21_GL383578v2_alt,ucsc,
XemD97fxYMS4q-FBm_n5CHQgmzh1_67a,SQ.NtzYiOqOR2dGhu3BaWxijsOkkSB2E7vD,KI270890.1,genbank_accession,KI270890.1
XemD97fxYMS4q-FBm_n5CHQgmzh1_67a,SQ.NtzYiOqOR2dGhu3BaWxijsOkkSB2E7vD,NT_187644.1,refseq_accession,NT_187644.1
XemD97fxYMS4q-FBm_n5CHQgmzh1_67a,SQ.NtzYiOqOR2dGhu3BaWxijsOkkSB2E7vD,HSCHR19KIR_LUCE_BDEL_HAP_CTG3_1,seqcol_name,
XemD97fxYMS4q-FBm_n5CHQgmzh1_67a,SQ.NtzYiOqOR2dGhu3BaWxijsOkkSB2E7vD,chr19_KI270890v1_alt,ucsc,
XemD97fxYMS4q-FBm_n5CHQgmzh1_67a,SQ.OCmbHqqgE_uodiBraegZNadWggvEajGb,KI270865.1,genbank_accession,KI270865.1
XemD97fxYMS4q-FBm_n5CHQgmzh1_67a,SQ.OCmbHqqgE_uodiBraegZNadWggvEajGb,NT_187621.1,refseq_accession,NT_187621.1
XemD97fxYMS4q-FBm_n5CHQgmzh1_67a,SQ.OCmbHqqgE_uodiBraegZNadWggvEajGb,HSCHR19_4_CTG2,seqcol_name,
XemD97fxYMS4q-FBm_n5CHQgmzh1_67a,SQ.OCmbHqqgE_uodiBraegZNadWggvEajGb,chr19_KI270865v1_alt,ucsc,
XemD97fxYMS4q-FBm_n5CHQgmzh1_67a,SQ.OEoz1zWibkMlOQ3gIZBSoNsvbdmdMJlZ,KI270448.1,genbank_accession,KI270448.1
XemD97fxYMS4q-FBm_n5CHQgmzh1_67a,SQ.OEoz1zWibkMlOQ3gIZBSoNsvbdmdMJlZ,NT_187495.1,refseq_accession,NT_187495.1
XemD97fxYMS4q-FBm_n5CHQgmzh1_67a,SQ.OEoz1zWibkMlOQ3gIZBSoNsvbdmdMJlZ,HSCHRUN_RANDOM_203,seqcol_name,
XemD97fxYMS4q-FBm_n5CHQgmzh1_67a,SQ.OEoz1zWibkMlOQ3gIZBSoNsvbdmdMJlZ,chrUn_KI270448v1,ucsc,
XemD97fxYMS4q-FBm_n5CHQgmzh1_67a,SQ.OIu0GcnzJ_kv5Yi-42mWoDL2DSOFtjlh,KI270794.1,genbank_accession,KI270794.1
XemD97fxYMS4q-FBm_n5CHQgmzh1_67a,SQ.OIu0GcnzJ_kv5Yi-42mWoDL2DSOFtjlh,NT_187551.1,refseq_accession,NT_187551.1
XemD97fxYMS4q-FBm_n5CHQgmzh1_67a,SQ.OIu0GcnzJ_kv5Yi-42mWoDL2DSOFtjlh,HSCHR5_6_CTG1,seqcol_name,
XemD97fxYMS4q-FBm_n5CHQgmzh1_67a,SQ.OIu0GcnzJ_kv5Yi-42mWoDL2DSOFtjlh,chr5_KI270794v1_alt,ucsc,
XemD97fxYMS4q-FBm_n5CHQgmzh1_67a,SQ.OL8YZe5yEY3GPXh38qaVbtHm4uEcSm_J,KI270435.1,genbank_accession,KI270435.1
XemD97fxYMS4q-FBm_n5CHQgmzh1_67a,SQ.OL8YZe5yEY3GPXh38qaVbtHm4uEcSm_J,NT_187424.1,refseq_accession,NT_187424.1
XemD97fxYMS4q-FBm_n5CHQgmzh1_67a,SQ.OL8YZe5yEY3GPXh38qaVbtHm4uEcSm_J,HSCHRUN_RANDOM_128,seqcol_name,
XemD97fxYMS4q-FBm_n5CHQgmzh1_67a,SQ.OL8YZe5yEY3GPXh38qaVbtHm4uEcSm_J,chrUn_KI270435v1,ucsc,
XemD97fxYMS4q-FBm_n5CHQgmzh1_67a,SQ.OQeFEy4Y9B9Ul3Lyh-5tE74hhxF5S5pJ,GL383566.1,genbank_accession,GL383566.1
XemD97fxYMS4q-FBm_n5CHQgmzh1_67a,SQ.OQeFEy4Y9B9Ul3Lyh-5tE74hhxF5S5pJ,NW_003315955.1,refseq_accession,NW_003315955.1
XemD97fxYMS4q-FBm_n5CHQgmzh1_67a,SQ.OQeFEy4Y9B9Ul3Lyh-5tE74hhxF5S5pJ,HSCHR17_3_CTG4,seqcol_name,
XemD97fxYMS4q-FBm_n5CHQgmzh1_67a,SQ.OQeFEy4Y9B9Ul3Lyh-5tE74hhxF5S5pJ,chr17_GL383566v1_alt,ucsc,
XemD97fxYMS4q-FBm_n5CHQgmzh1_67a,SQ.OTIVJy_KdaopB-CUJs52LpsThmVoKof7,KI270788.1,genbank_accession,KI270788.1
XemD97fxYMS4q-FBm_n5CHQgmzh1_67a,SQ.OTIVJy_KdaopB-CUJs52LpsThmVoKof7,NT_187544.1,refseq_accession,NT_187544.1
XemD97fxYMS4q-FBm_n5CHQgmzh1_67a,SQ.OTIVJy_KdaopB-CUJs52LpsThmVoKof7,HSCHR4_4_CTG12,seqcol_name,
XemD97fxYMS4q-FBm_n5CHQgmzh1_67a,SQ.OTIVJy_KdaopB-CUJs52LpsThmVoKof7,chr4_KI270788v1_alt,ucsc,
XemD97fxYMS4q-FBm_n5CHQgmzh1_67a,SQ.OUMk2kbGNysKbns34oC1Rr6O2OEGaqd2,KI270587.1,genbank_accession,KI270587.1
XemD97fxYMS4q-FBm_n5CHQgmzh1_67a,SQ.OUMk2kbGNysKbns34oC1Rr6O2OEGaqd2,NT_187447.1,refseq_accession,NT_187447.1
XemD97fxYMS4q-FBm_n5CHQgmzh1_67a,SQ.OUMk2kbGNysKbns34oC1Rr6O2OEGaqd2,HSCHRUN_RANDOM_155,seqcol_name,
XemD97fxYMS4q-FBm_n5CHQgmzh1_67a,SQ.OUMk2kbGNysKbns34oC1Rr6O2OEGaqd2,chrUn_KI270587v1,ucsc,
XemD97fxYMS4q-FBm_n5CHQgmzh1_67a,SQ.OUSGYxrr7GHL4BqmA8FMD3Nn6G-UPLwt,KI270926.1,genbank_accession,KI270926.1
XemD97fxYMS4q-FBm_n5CHQgmzh1_67a,SQ.OUSGYxrr7GHL4BqmA8FMD3Nn6G-UPLwt,NT_187680.1,refseq_accession,NT_187680.1
XemD97fxYMS4q-FBm_n5CHQgmzh1_67a,SQ.OUSGYxrr7GHL4BqmA8FMD3Nn6G-UPLwt,HSCHR8_7_CTG1,seqcol_name,
XemD97fxYMS4q-FBm_n5CHQgmzh1_67a,SQ.OUSGYxrr7GHL4BqmA8FMD3Nn6G-UPLwt,chr8_KI270926v1_alt,ucsc,
XemD97fxYMS4q-FBm_n5CHQgmzh1_67a,SQ.OYD_B_tg1ilN4qmMhHMvRUeF_A1SiBFz,JH159136.1,genbank_accession,JH159136.1
XemD97fxYMS4q-FBm_n5CHQgmzh1_67a,SQ.OYD_B_tg1ilN4qmMhHMvRUeF_A1SiBFz,NW_003871073.1,refseq_accession,NW_003871073.1
XemD97fxYMS4q-FBm_n5CHQgmzh1_67a,SQ.OYD_B_tg1ilN4qmMhHMvRUeF_A1SiBFz,HG142_HG150_NOVEL_TEST,seqcol_name,
XemD97fxYMS4q-FBm_n5CHQgmzh1_67a,SQ.OYD_B_tg1ilN4qmMhHMvRUeF_A1SiBFz,chr11_JH159136v1_alt,ucsc,
XemD97fxYMS4q-FBm_n5CHQgmzh1_67a,SQ.OZtXLFtnb_IngRA_3wo74PtIfGN9zU-j,GL383540.1,genbank_accession,GL383540.1
XemD97fxYMS4q-FBm_n5CHQgmzh1_67a,SQ.OZtXLFtnb_IngRA_3wo74PtIfGN9zU-j,NW_003315929.1,refseq_accession,NW_003315929.1
XemD97fxYMS4q-FBm_n5CHQgmzh1_67a,SQ.OZtXLFtnb_IngRA_3wo74PtIfGN9zU-j,HSCHR9_1_CTG2,seqcol_name,
XemD97fxYMS4q-FBm_n5CHQgmzh1_67a,SQ.OZtXLFtnb_IngRA_3wo74PtIfGN9zU-j,chr9_GL383540v1_alt,ucsc,
XemD97fxYMS4q-FBm_n5CHQgmzh1_67a,SQ.OksgIOusUef0rdKcDyt0NB9MkqaaAVj0,GL383528.1,genbank_accession,GL383528.1
XemD97fxYMS4q-FBm_n5CHQgmzh1_67a,SQ.OksgIOusUef0rdKcDyt0NB9MkqaaAVj0,NW_003315915.1,refseq_accession,NW_003315915.1
XemD97fxYMS4q-FBm_n5CHQgmzh1_67a,SQ.OksgIOusUef0rdKcDyt0NB9MkqaaAVj0,HSCHR4_1_CTG6,seqcol_name,
XemD97fxYMS4q-FBm_n5CHQgmzh1_67a,SQ.OksgIOusUef0rdKcDyt0NB9MkqaaAVj0,chr4_GL383528v1_alt,ucsc,
XemD97fxYMS4q-FBm_n5CHQgmzh1_67a,SQ.OuOwwAymrgTki0nugEFWUD9jyEUJinCw,KI270836.1,genbank_accession,KI270836.1
XemD97fxYMS4q-FBm_n5CHQgmzh1_67a,SQ.OuOwwAymrgTki0nugEFWUD9jyEUJinCw,NT_187591.1,refseq_accession,NT_187591.1
XemD97fxYMS4q-FBm_n5CHQgmzh1_67a,SQ.OuOwwAymrgTki0nugEFWUD9jyEUJinCw,HSCHR12_7_CTG2_1,seqcol_name,
XemD97fxYMS4q-FBm_n5CHQgmzh1_67a,SQ.OuOwwAymrgTki0nugEFWUD9jyEUJinCw,chr12_KI270836v1_alt,ucsc,
XemD97fxYMS4q-FBm_n5CHQgmzh1_67a,SQ.P-qtZx-46CCrfpOwAnRRaQ-_fXM47x29,KI270591.1,genbank_accession,KI270591.1
XemD97fxYMS4q-FBm_n5CHQgmzh1_67a,SQ.P-qtZx-46CCrfpOwAnRRaQ-_fXM47x29,NT_187457.1,refseq_accession,NT_187457.1
XemD97fxYMS4q-FBm_n5CHQgmzh1_67a,SQ.P-qtZx-46CCrfpOwAnRRaQ-_fXM47x29,HSCHRUN_RANDOM_165,seqcol_name,
XemD97fxYMS4q-FBm_n5CHQgmzh1_67a,SQ.P-qtZx-46CCrfpOwAnRRaQ-_fXM47x29,chrUn_KI270591v1,ucsc,
XemD97fxYMS4q-FBm_n5CHQgmzh1_67a,SQ.PAYF0NF94J1eLPRA0B9Wx6PKdgTZ4pvv,KI270811.1,genbank_accession,KI270811.1
XemD97fxYMS4q-FBm_n5CHQgmzh1_67a,SQ.PAYF0NF94J1eLPRA0B9Wx6PKdgTZ4pvv,NT_187565.1,refseq_accession,NT_187565.1
XemD97fxYMS4q-FBm_n5CHQgmzh1_67a,SQ.PAYF0NF94J1eLPRA0B9Wx6PKdgTZ4pvv,HSCHR8_1_CTG1,seqcol_name,
XemD97fxYMS4q-FBm_n5CHQgmzh1_67a,SQ.PAYF0NF94J1eLPRA0B9Wx6PKdgTZ4pvv,chr8_KI270811v1_alt,ucsc,
XemD97fxYMS4q-FBm_n5CHQgmzh1_67a,SQ.PCEl4_JZYAoEuSsG3HL2YR6AJ5DcRglz,KI270733.1,genbank_accession,KI270733.1
XemD97fxYMS4q-FBm_n5CHQgmzh1_67a,SQ.PCEl4_JZYAoEuSsG3HL2YR6AJ5DcRglz,NT_187388.1,refseq_accession,NT_187388.1
XemD97fxYMS4q-FBm_n5CHQgmzh1_67a,SQ.PCEl4_JZYAoEuSsG3HL2YR6AJ5DcRglz,HSCHR22_UNLOCALIZED_CTG3,seqcol_name,
XemD97fxYMS4q-FBm_n5CHQgmzh1_67a,SQ.PCEl4_JZYAoEuSsG3HL2YR6AJ5DcRglz,chr22_KI270733v1_random,ucsc,
XemD97fxYMS4q-FBm_n5CHQgmzh1_67a,SQ.PED4eU6aiTLsufXivhyWGjbU486sfgsT,GL000220.1,genbank_accession,GL000220.1
XemD97fxYMS4q-FBm_n5CHQgmzh1_67a,SQ.PED4eU6aiTLsufXivhyWGjbU486sfgsT,NT_167214.1,refseq_accession,NT_167214.1
XemD97fxYMS4q-FBm_n5CHQgmzh1_67a,SQ.PED4eU6aiTLsufXivhyWGjbU486sfgsT,HSCHRUN_RANDOM_CTG11,seqcol_name,
XemD97fxYMS4q-FBm_n5CHQgmzh1_67a,SQ.PED4eU6aiTLsufXivhyWGjbU486sfgsT,chrUn_GL000220v1,ucsc,
XemD97fxYMS4q-FBm_n5CHQgmzh1_67a,SQ.PEdbST0qn7Tj_YwQtUdFOWP2hfEAwN8R,KI270918.1,genbank_accession,KI270918.1
XemD97fxYMS4q-FBm_n5CHQgmzh1_67a,SQ.PEdbST0qn7Tj_YwQtUdFOWP2hfEAwN8R,NT_187672.1,refseq_accession,NT_187672.1
XemD97fxYMS4q-FBm_n5CHQgmzh1_67a,SQ.PEdbST0qn7Tj_YwQtUdFOWP2hfEAwN8R,HSCHR19KIR_ABC08_AB_HAP_C_P_CTG3_1,seqcol_name,
XemD97fxYMS4q-FBm_n5CHQgmzh1_67a,SQ.PEdbST0qn7Tj_YwQtUdFOWP2hfEAwN8R,chr19_KI270918v1_alt,ucsc,
XemD97fxYMS4q-FBm_n5CHQgmzh1_67a,SQ.PTs_FUyoqjFFjccktitxECsvBBm2hynY,KI270900.1,genbank_accession,KI270900.1
XemD97fxYMS4q-FBm_n5CHQgmzh1_67a,SQ.PTs_FUyoqjFFjccktitxECsvBBm2hynY,NT_187654.1,refseq_accession,NT_187654.1
XemD97fxYMS4q-FBm_n5CHQgmzh1_67a,SQ.PTs_FUyoqjFFjccktitxECsvBBm2hynY,HSCHR8_5_CTG1,seqcol_name,
XemD97fxYMS4q-FBm_n5CHQgmzh1_67a,SQ.PTs_FUyoqjFFjccktitxECsvBBm2hynY,chr8_KI270900v1_alt,ucsc,
XemD97fxYMS4q-FBm_n5CHQgmzh1_67a,SQ.PYAMDH0KqfdmU5JPAVqVupaXBEo4rFfz,KI270808.1,genbank_accession,KI270808.1
XemD97fxYMS4q-FBm_n5CHQgmzh1_67a,SQ.PYAMDH0KqfdmU5JPAVqVupaXBEo4rFfz,NT_187564.1,refseq_accession,NT_187564.1
XemD97fxYMS4q-FBm_n5CHQgmzh1_67a,SQ.PYAMDH0KqfdmU5JPAVqVupaXBEo4rFfz,HSCHR7_3_CTG6,seqcol_name,
XemD97fxYMS4q-FBm_n5CHQgmzh1_67a,SQ.PYAMDH0KqfdmU5JPAVqVupaXBEo4rFfz,chr7_KI270808v1_alt,ucsc,
XemD97fxYMS4q-FBm_n5CHQgmzh1_67a,SQ.PZYl7DEKtgH9B4KBRqe1D_Z2XbZmqRfB,GL383527.1,genbank_accession,GL383527.1
XemD97fxYMS4q-FBm_n5CHQgmzh1_67a,SQ.PZYl7DEKtgH9B4KBRqe1D_Z2XbZmqRfB,NW_003315914.1,refseq_accession,NW_003315914.1
XemD97fxYMS4q-FBm_n5CHQgmzh1_67a,SQ.PZYl7DEKtgH9B4KBRqe1D_Z2XbZmqRfB,HSCHR4_1_CTG12,seqcol_name,
XemD97fxYMS4q-FBm_n5CHQgmzh1_67a,SQ.PZYl7DEKtgH9B4KBRqe1D_Z2XbZmqRfB,chr4_GL383527v1_alt,ucsc,
XemD97fxYMS4q-FBm_n5CHQgmzh1_67a,SQ.PuSTfY50a94aCw73WVarS2WjiLFyJkFN,KI270802.1,genbank_accession,KI270802.1
XemD97fxYMS4q-FBm_n5CHQgmzh1_67a,SQ.PuSTfY50a94aCw73WVarS2WjiLFyJkFN,NT_187557.1,refseq_accession,NT_187557.1
XemD97fxYMS4q-FBm_n5CHQgmzh1_67a,SQ.PuSTfY50a94aCw73WVarS2WjiLFyJkFN,HSCHR6_1_CTG9,seqcol_name,
XemD97fxYMS4q-FBm_n5CHQgmzh1_67a,SQ.PuSTfY50a94aCw73WVarS2WjiLFyJkFN,chr6_KI270802v1_alt,ucsc,
XemD97fxYMS4q-FBm_n5CHQgmzh1_67a,SQ.PyfYKHhK047yCswWas59b6RrTWAYhrx0,KI270929.1,genbank_accession,KI270929.1
XemD97fxYMS4q-FBm_n5CHQgmzh1_67a,SQ.PyfYKHhK047yCswWas59b6RrTWAYhrx0,NT_187683.1,refseq_accession,NT_187683.1
XemD97fxYMS4q-FBm_n5CHQgmzh1_67a,SQ.PyfYKHhK047yCswWas59b6RrTWAYhrx0,HSCHR19KIR_FH08_A_HAP_CTG3_1,seqcol_name,
XemD97fxYMS4q-FBm_n5CHQgmzh1_67a,SQ.PyfYKHhK047yCswWas59b6RrTWAYhrx0,chr19_KI270929v1_alt,ucsc,
XemD97fxYMS4q-FBm_n5CHQgmzh1_67a,SQ.Q3uO3tBy4rEk2doAT5RErajZDnO3NYXn,KI270708.1,genbank_accession,KI270708.1
XemD97fxYMS4q-FBm_n5CHQgmzh1_67a,SQ.Q3uO3tBy4rEk2doAT5RErajZDnO3NYXn,NT_187363.1,refseq_accession,NT_187363.1
XemD97fxYMS4q-FBm_n5CHQgmzh1_67a,SQ.Q3uO3tBy4rEk2doAT5RErajZDnO3NYXn,HSCHR1_CTG3_UNLOCALIZED,seqcol_name,
XemD97fxYMS4q-FBm_n5CHQgmzh1_67a,SQ.Q3uO3tBy4rEk2doAT5RErajZDnO3NYXn,chr1_KI270708v1_random,ucsc,
XemD97fxYMS4q-FBm_n5CHQgmzh1_67a,SQ.Q4qnz88p_KRm4vou1O9OJfgi0_q2QFuU,GL000209.2,genbank_accession,GL000209.2
XemD97fxYMS4q-FBm_n5CHQgmzh1_67a,SQ.Q4qnz88p_KRm4vou1O9OJfgi0_q2QFuU,NT_113949.2,refseq_accession,NT_113949.2
XemD97fxYMS4q-FBm_n5CHQgmzh1_67a,SQ.Q4qnz88p_KRm4vou1O9OJfgi0_q2QFuU,HSCHR19KIR_RP5_B_HAP_CTG3_1,seqcol_name,
XemD97fxYMS4q-FBm_n5CHQgmzh1_67a,SQ.Q4qnz88p_KRm4vou1O9OJfgi0_q2QFuU,chr19_GL000209v2_alt,ucsc,
XemD97fxYMS4q-FBm_n5CHQgmzh1_67a,SQ.Q8IworEhpLeXwpz1CHM7C3luysh-ltx-,GL000256.2,genbank_accession,GL000256.2
XemD97fxYMS4q-FBm_n5CHQgmzh1_67a,SQ.Q8IworEhpLeXwpz1CHM7C3luysh-ltx-,NT_167249.2,refseq_accession,NT_167249.2
XemD97fxYMS4q-FBm_n5CHQgmzh1_67a,SQ.Q8IworEhpLeXwpz1CHM7C3luysh-ltx-,HSCHR6_MHC_SSTO_CTG1,seqcol_name,
XemD97fxYMS4q-FBm_n5CHQgmzh1_67a,SQ.Q8IworEhpLeXwpz1CHM7C3luysh-ltx-,chr6_GL000256v2_alt,ucsc,
XemD97fxYMS4q-FBm_n5CHQgmzh1_67a,SQ.QA3Gk9W05fGOdrFoauwYmBCywzLksXZF,KI270878.1,genbank_accession,KI270878.1
XemD97fxYMS4q-FBm_n5CHQgmzh1_67a,SQ.QA3Gk9W05fGOdrFoauwYmBCywzLksXZF,NT_187632.1,refseq_accession,NT_187632.1
XemD97fxYMS4q-FBm_n5CHQgmzh1_67a,SQ.QA3Gk9W05fGOdrFoauwYmBCywzLksXZF,HSCHR22_1_CTG6,seqcol_name,
XemD97fxYMS4q-FBm_n5CHQgmzh1_67a,SQ.QA3Gk9W05fGOdrFoauwYmBCywzLksXZF,chr22_KI270878v1_alt,ucsc,
XemD97fxYMS4q-FBm_n5CHQgmzh1_67a,SQ.QJYQpMzUaQmW2dOGCmmxGjm-gKBdGkgd,KI270796.1,genbank_accession,KI270796.1
XemD97fxYMS4q-FBm_n5CHQgmzh1_67a,SQ.QJYQpMzUaQmW2dOGCmmxGjm-gKBdGkgd,NT_187549.1,refseq_accession,NT_187549.1
XemD97fxYMS4q-FBm_n5CHQgmzh1_67a,SQ.QJYQpMzUaQmW2dOGCmmxGjm-gKBdGkgd,HSCHR5_4_CTG1_1,seqcol_name,
XemD97fxYMS4q-FBm_n5CHQgmzh1_67a,SQ.QJYQpMzUaQmW2dOGCmmxGjm-gKBdGkgd,chr5_KI270796v1_alt,ucsc,
XemD97fxYMS4q-FBm_n5CHQgmzh1_67a,SQ.QQ5hn1CY5aDzn8TdrkZ7koEaRSrugq2f,KI270713.1,genbank_accession,KI270713.1
XemD97fxYMS4q-FBm_n5CHQgmzh1_67a,SQ.QQ5hn1CY5aDzn8TdrkZ7koEaRSrugq2f,NT_187368.1,refseq_accession,NT_187368.1
XemD97fxYMS4q-FBm_n5CHQgmzh1_67a,SQ.QQ5hn1CY5aDzn8TdrkZ7koEaRSrugq2f,HSCHR1_CTG8_UNLOCALIZED,seqcol_name,
XemD97fxYMS4q-FBm_n5CHQgmzh1_67a,SQ.QQ5hn1CY5aDzn8TdrkZ7koEaRSrugq2f,chr1_KI270713v1_random,ucsc,
XemD97fxYMS4q-FBm_n5CHQgmzh1_67a,SQ.QTzKQpJo2b_FukcbT1AN4nkWs4zV3_55,KI270362.1,genbank_accession,KI270362.1
XemD97fxYMS4q-FBm_n5CHQgmzh1_67a,SQ.QTzKQpJo2b_FukcbT1AN4nkWs4zV3_55,NT_187469.1,refseq_accession,NT_187469.1
XemD97fxYMS4q-FBm_n5CHQgmzh1_67a,SQ.QTzKQpJo2b_FukcbT1AN4nkWs4zV3_55,HSCHRUN_RANDOM_177,seqcol_name,
XemD97fxYMS4q-FBm_n5CHQgmzh1_67a,SQ.QTzKQpJo2b_FukcbT1AN4nkWs4zV3_55,chrUn_KI270362v1,ucsc,
XemD97fxYMS4q-FBm_n5CHQgmzh1_67a,SQ.QYhy0AixhoksTTTjDGiZAa9_voPQjsd0,KI270305.1,genbank_accession,KI270305.1
XemD97fxYMS4q-FBm_n5CHQgmzh1_67a,SQ.QYhy0AixhoksTTTjDGiZAa9_voPQjsd0,NT_187399.1,refseq_accession,NT_187399.1
XemD97fxYMS4q-FBm_n5CHQgmzh1_67a,SQ.QYhy0AixhoksTTTjDGiZAa9_voPQjsd0,HSCHRUN_RANDOM_103,seqcol_name,
XemD97fxYMS4q-FBm_n5CHQgmzh1_67a,SQ.QYhy0AixhoksTTTjDGiZAa9_voPQjsd0,chrUn_KI270305v1,ucsc,
XemD97fxYMS4q-FBm_n5CHQgmzh1_67a,SQ.QZc-xnlLf81CHyNTz_V7gXoPoBKMpQMh,GL383581.2,genbank_accession,GL383581.2
XemD97fxYMS4q-FBm_n5CHQgmzh1_67a,SQ.QZc-xnlLf81CHyNTz_V7gXoPoBKMpQMh,NW_003315970.2,refseq_accession,NW_003315970.2
XemD97fxYMS4q-FBm_n5CHQgmzh1_67a,SQ.QZc-xnlLf81CHyNTz_V7gXoPoBKMpQMh,HSCHR21_4_CTG1_1,seqcol_name,
XemD97fxYMS4q-FBm_n5CHQgmzh1_67a,SQ.QZc-xnlLf81CHyNTz_V7gXoPoBKMpQMh,chr21_GL383581v2_alt,ucsc,
XemD97fxYMS4q-FBm_n5CHQgmzh1_67a,SQ.QjGCbQg1vhoH_uNIHUE_fv1-477g8r1G,KI270515.1,genbank_accession,KI270515.1
XemD97fxYMS4q-FBm_n5CHQgmzh1_67a,SQ.QjGCbQg1vhoH_uNIHUE_fv1-477g8r1G,NT_187436.1,refseq_accession,NT_187436.1
XemD97fxYMS4q-FBm_n5CHQgmzh1_67a,SQ.QjGCbQg1vhoH_uNIHUE_fv1-477g8r1G,HSCHRUN_RANDOM_140,seqcol_name,
XemD97fxYMS4q-FBm_n5CHQgmzh1_67a,SQ.QjGCbQg1vhoH_uNIHUE_fv1-477g8r1G,chrUn_KI270515v1,ucsc,
XemD97fxYMS4q-FBm_n5CHQgmzh1_67a,SQ.QkmQmREyC2W643Z2D6wLB-aV03RImIqd,GL383579.2,genbank_accession,GL383579.2
XemD97fxYMS4q-FBm_n5CHQgmzh1_67a,SQ.QkmQmREyC2W643Z2D6wLB-aV03RImIqd,NW_003315968.2,refseq_accession,NW_003315968.2
XemD97fxYMS4q-FBm_n5CHQgmzh1_67a,SQ.QkmQmREyC2W643Z2D6wLB-aV03RImIqd,HSCHR21_2_CTG1_1,seqcol_name,
XemD97fxYMS4q-FBm_n5CHQgmzh1_67a,SQ.QkmQmREyC2W643Z2D6wLB-aV03RImIqd,chr21_GL383579v2_alt,ucsc,
XemD97fxYMS4q-FBm_n5CHQgmzh1_67a,SQ.Qmg0fzIrKNmbX_QaMvYDZ34Nvzac7d0J,GL383539.1,genbank_accession,GL383539.1
XemD97fxYMS4q-FBm_n5CHQgmzh1_67a,SQ.Qmg0fzIrKNmbX_QaMvYDZ34Nvzac7d0J,NW_003315928.1,refseq_accession,NW_003315928.1
XemD97fxYMS4q-FBm_n5CHQgmzh1_67a,SQ.Qmg0fzIrKNmbX_QaMvYDZ34Nvzac7d0J,HSCHR9_1_CTG1,seqcol_name,
XemD97fxYMS4q-FBm_n5CHQgmzh1_67a,SQ.Qmg0fzIrKNmbX_QaMvYDZ34Nvzac7d0J,chr9_GL383539v1_alt,ucsc,
XemD97fxYMS4q-FBm_n5CHQgmzh1_67a,SQ.R8Po47bUO0c1b8UaorA5TgahlaEUVdX9,GL000255.2,genbank_accession,GL000255.2
XemD97fxYMS4q-FBm_n5CHQgmzh1_67a,SQ.R8Po47bUO0c1b8UaorA5TgahlaEUVdX9,NT_167248.2,refseq_accession,NT_167248.2
XemD97fxYMS4q-FBm_n5CHQgmzh1_67a,SQ.R8Po47bUO0c1b8UaorA5TgahlaEUVdX9,HSCHR6_MHC_QBL_CTG1,seqcol_name,
XemD97fxYMS4q-FBm_n5CHQgmzh1_67a,SQ.R8Po47bUO0c1b8UaorA5TgahlaEUVdX9,chr6_GL000255v2_alt,ucsc,
XemD97fxYMS4q-FBm_n5CHQgmzh1_67a,SQ.RAunl7LtBhW-Ur_EVFo0r9k2F7nejYSK,KI270784.1,genbank_accession,KI270784.1
XemD97fxYMS4q-FBm_n5CHQgmzh1_67a,SQ.RAunl7LtBhW-Ur_EVFo0r9k2F7nejYSK,NT_187539.1,refseq_accession,NT_187539.1
XemD97fxYMS4q-FBm_n5CHQgmzh1_67a,SQ.RAunl7LtBhW-Ur_EVFo0r9k2F7nejYSK,HSCHR3_9_CTG3,seqcol_name,
XemD97fxYMS4q-FBm_n5CHQgmzh1_67a,SQ.RAunl7LtBhW-Ur_EVFo0r9k2F7nejYSK,chr3_KI270784v1_alt,ucsc,
XemD97fxYMS4q-FBm_n5CHQgmzh1_67a,SQ.RQnHwoYffoL86eXhYSWukVvUzRnigtD_,KI270928.1,genbank_accession,KI270928.1
XemD97fxYMS4q-FBm_n5CHQgmzh1_67a,SQ.RQnHwoYffoL86eXhYSWukVvUzRnigtD_,NT_187682.1,refseq_accession,NT_187682.1
XemD97fxYMS4q-FBm_n5CHQgmzh1_67a,SQ.RQnHwoYffoL86eXhYSWukVvUzRnigtD_,HSCHR22_3_CTG1,seqcol_name,
XemD97fxYMS4q-FBm_n5CHQgmzh1_67a,SQ.RQnHwoYffoL86eXhYSWukVvUzRnigtD_,chr22_KI270928v1_alt,ucsc,
XemD97fxYMS4q-FBm_n5CHQgmzh1_67a,SQ.R_21atTkM2V4WyOFLQ8p74B6bfH07ZOs,GL949746.1,genbank_accession,GL949746.1
XemD97fxYMS4q-FBm_n5CHQgmzh1_67a,SQ.R_21atTkM2V4WyOFLQ8p74B6bfH07ZOs,NW_003571054.1,refseq_accession,NW_003571054.1
XemD97fxYMS4q-FBm_n5CHQgmzh1_67a,SQ.R_21atTkM2V4WyOFLQ8p74B6bfH07ZOs,HSCHR19LRC_COX1_CTG3_1,seqcol_name,
XemD97fxYMS4q-FBm_n5CHQgmzh1_67a,SQ.R_21atTkM2V4WyOFLQ8p74B6bfH07ZOs,chr19_GL949746v1_alt,ucsc,
XemD97fxYMS4q-FBm_n5CHQgmzh1_67a,SQ.R_hppUEtKijn0V73Hqu0lou2oQtPo-ux,GL383572.1,genbank_accession,GL383572.1
XemD97fxYMS4q-FBm_n5CHQgmzh1_67a,SQ.R_hppUEtKijn0V73Hqu0lou2oQtPo-ux,NW_003315961.1,refseq_accession,NW_003315961.1
XemD97fxYMS4q-FBm_n5CHQgmzh1_67a,SQ.R_hppUEtKijn0V73Hqu0lou2oQtPo-ux,HSCHR18_2_CTG2_1,seqcol_name,
XemD97fxYMS4q-FBm_n5CHQgmzh1_67a,SQ.R_hppUEtKijn0V73Hqu0lou2oQtPo-ux,chr18_GL383572v1_alt,ucsc,
XemD97fxYMS4q-FBm_n5CHQgmzh1_67a,SQ.RyEr8j9KyJeP56NSneG-rAqW_AgEmGNc,KI270789.1,genbank_accession,KI270789.1
XemD97fxYMS4q-FBm_n5CHQgmzh1_67a,SQ.RyEr8j9KyJeP56NSneG-rAqW_AgEmGNc,NT_187545.1,refseq_accession,NT_187545.1
XemD97fxYMS4q-FBm_n5CHQgmzh1_67a,SQ.RyEr8j9KyJeP56NSneG-rAqW_AgEmGNc,HSCHR4_5_CTG12,seqcol_name,
XemD97fxYMS4q-FBm_n5CHQgmzh1_67a,SQ.RyEr8j9KyJeP56NSneG-rAqW_AgEmGNc,chr4_KI270789v1_alt,ucsc,
XemD97fxYMS4q-FBm_n5CHQgmzh1_67a,SQ.S0kgpLbiOgP87EwprqrlHr46BktToHez,KI270888.1,genbank_accession,KI270888.1
XemD97fxYMS4q-FBm_n5CHQgmzh1_67a,SQ.S0kgpLbiOgP87EwprqrlHr46BktToHez,NT_187642.1,refseq_accession,NT_187642.1
XemD97fxYMS4q-FBm_n5CHQgmzh1_67a,SQ.S0kgpLbiOgP87EwprqrlHr46BktToHez,HSCHR19KIR_GRC212_BA1_HAP_CTG3_1,seqcol_name,
XemD97fxYMS4q-FBm_n5CHQgmzh1_67a,SQ.S0kgpLbiOgP87EwprqrlHr46BktToHez,chr19_KI270888v1_alt,ucsc,
XemD97fxYMS4q-FBm_n5CHQgmzh1_67a,SQ.SFCn6AOMkj6hxYRH3IuAjj92MwM0Gj9e,KI270925.1,genbank_accession,KI270925.1
XemD97fxYMS4q-FBm_n5CHQgmzh1_67a,SQ.SFCn6AOMkj6hxYRH3IuAjj92MwM0Gj9e,NT_187679.1,refseq_accession,NT_187679.1
XemD97fxYMS4q-FBm_n5CHQgmzh1_67a,SQ.SFCn6AOMkj6hxYRH3IuAjj92MwM0Gj9e,HSCHR4_7_CTG12,seqcol_name,
XemD97fxYMS4q-FBm_n5CHQgmzh1_67a,SQ.SFCn6AOMkj6hxYRH3IuAjj92MwM0Gj9e,chr4_KI270925v1_alt,ucsc,
XemD97fxYMS4q-FBm_n5CHQgmzh1_67a,SQ.SOVDMTYGIxAemENYORhBIKG1UtMN-Cxx,GL949742.1,genbank_accession,GL949742.1
XemD97fxYMS4q-FBm_n5CHQgmzh1_67a,SQ.SOVDMTYGIxAemENYORhBIKG1UtMN-Cxx,NW_003571036.1,refseq_accession,NW_003571036.1
XemD97fxYMS4q-FBm_n5CHQgmzh1_67a,SQ.SOVDMTYGIxAemENYORhBIKG1UtMN-Cxx,HSCHR5_2_CTG1,seqcol_name,
XemD97fxYMS4q-FBm_n5CHQgmzh1_67a,SQ.SOVDMTYGIxAemENYORhBIKG1UtMN-Cxx,chr5_GL949742v1_alt,ucsc,
XemD97fxYMS4q-FBm_n5CHQgmzh1_67a,SQ.STeQ6_klkg9xaIW9IbCAq7lJeNpNgdjC,KI270770.1,genbank_accession,KI270770.1
XemD97fxYMS4q-FBm_n5CHQgmzh1_67a,SQ.STeQ6_klkg9xaIW9IbCAq7lJeNpNgdjC,NT_187525.1,refseq_accession,NT_187525.1
XemD97fxYMS4q-FBm_n5CHQgmzh1_67a,SQ.STeQ6_klkg9xaIW9IbCAq7lJeNpNgdjC,HSCHR2_2_CTG1,seqcol_name,
XemD97fxYMS4q-FBm_n5CHQgmzh1_67a,SQ.STeQ6_klkg9xaIW9IbCAq7lJeNpNgdjC,chr2_KI270770v1_alt,ucsc,
XemD97fxYMS4q-FBm_n5CHQgmzh1_67a,SQ.SUWAToHdyaciFvEh1V07FN4RXg9L-jrF,KI270746.1,genbank_accession,KI270746.1
XemD97fxYMS4q-FBm_n5CHQgmzh1_67a,SQ.SUWAToHdyaciFvEh1V07FN4RXg9L-jrF,NT_187501.1,refseq_accession,NT_187501.1
XemD97fxYMS4q-FBm_n5CHQgmzh1_67a,SQ.SUWAToHdyaciFvEh1V07FN4RXg9L-jrF,HSCHRUN_RANDOM_CTG23,seqcol_name,
XemD97fxYMS4q-FBm_n5CHQgmzh1_67a,SQ.SUWAToHdyaciFvEh1V07FN4RXg9L-jrF,chrUn_KI270746v1,ucsc,
XemD97fxYMS4q-FBm_n5CHQgmzh1_67a,SQ.SY1vuAfNO9QdpxZZiP6LzYAvmpXSVwtP,GL000205.2,genbank_accession,GL000205.2
XemD97fxYMS4q-FBm_n5CHQgmzh1_67a,SQ.SY1vuAfNO9QdpxZZiP6LzYAvmpXSVwtP,NT_113930.2,refseq_accession,NT_113930.2
XemD97fxYMS4q-FBm_n5CHQgmzh1_67a,SQ.SY1vuAfNO9QdpxZZiP6LzYAvmpXSVwtP,HSCHR17_RANDOM_CTG3,seqcol_name,
XemD97fxYMS4q-FBm_n5CHQgmzh1_67a,SQ.SY1vuAfNO9QdpxZZiP6LzYAvmpXSVwtP,chr17_GL000205v2_random,ucsc,
XemD97fxYMS4q-FBm_n5CHQgmzh1_67a,SQ.SZbCT69Typl0CHo8XCuTJQPtWtPp41SK,KI270709.1,genbank_accession,KI270709.1
XemD97fxYMS4q-FBm_n5CHQgmzh1_67a,SQ.SZbCT69Typl0CHo8XCuTJQPtWtPp41SK,NT_187364.1,refseq_accession,NT_187364.1
XemD97fxYMS4q-FBm_n5CHQgmzh1_67a,SQ.SZbCT69Typl0CHo8XCuTJQPtWtPp41SK,HSCHR1_CTG4_UNLOCALIZED,seqcol_name,
XemD97fxYMS4q-FBm_n5CHQgmzh1_67a,SQ.SZbCT69Typl0CHo8XCuTJQPtWtPp41SK,chr1_KI270709v1_random,ucsc,
XemD97fxYMS4q-FBm_n5CHQgmzh1_67a,SQ.SrGK8_YZostHNQuj1I9fka9Tcy70IZhR,GL000254.2,genbank_accession,GL000254.2
XemD97fxYMS4q-FBm_n5CHQgmzh1_67a,SQ.SrGK8_YZostHNQuj1I9fka9Tcy70IZhR,NT_167247.2,refseq_accession,NT_167247.2
XemD97fxYMS4q-FBm_n5CHQgmzh1_67a,SQ.SrGK8_YZostHNQuj1I9fka9Tcy70IZhR,HSCHR6_MHC_MCF_CTG1,seqcol_name,
XemD97fxYMS4q-FBm_n5CHQgmzh1_67a,SQ.SrGK8_YZostHNQuj1I9fka9Tcy70IZhR,chr6_GL000254v2_alt,ucsc,
XemD97fxYMS4q-FBm_n5CHQgmzh1_67a,SQ.SvLLPyphiuUr7mQydPscMmyaOcUFJ-zv,KI270387.1,genbank_accession,KI270387.1
XemD97fxYMS4q-FBm_n5CHQgmzh1_67a,SQ.SvLLPyphiuUr7mQydPscMmyaOcUFJ-zv,NT_187475.1,refseq_accession,NT_187475.1
XemD97fxYMS4q-FBm_n5CHQgmzh1_67a,SQ.SvLLPyphiuUr7mQydPscMmyaOcUFJ-zv,HSCHRUN_RANDOM_183,seqcol_name,
XemD97fxYMS4q-FBm_n5CHQgmzh1_67a,SQ.SvLLPyphiuUr7mQydPscMmyaOcUFJ-zv,chrUn_KI270387v1,ucsc,
XemD97fxYMS4q-FBm_n5CHQgmzh1_67a,SQ.SzYryM3fGu2F9dRXm-ZSuzH1lrQwqDvT,KI270388.1,genbank_accession,KI270388.1
XemD97fxYMS4q-FBm_n5CHQgmzh1_67a,SQ.SzYryM3fGu2F9dRXm-ZSuzH1lrQwqDvT,NT_187478.1,refseq_accession,NT_187478.1
XemD97fxYMS4q-FBm_n5CHQgmzh1_67a,SQ.SzYryM3fGu2F9dRXm-ZSuzH1lrQwqDvT,HSCHRUN_RANDOM_186,seqcol_name,
XemD97fxYMS4q-FBm_n5CHQgmzh1_67a,SQ.SzYryM3fGu2F9dRXm-ZSuzH1lrQwqDvT,chrUn_KI270388v1,ucsc,
XemD97fxYMS4q-FBm_n5CHQgmzh1_67a,SQ.TEt-Umx3hFAxsCXFIbUoFKjI1l0kzUyb,KI270381.1,genbank_accession,KI270381.1
XemD97fxYMS4q-FBm_n5CHQgmzh1_67a,SQ.TEt-Umx3hFAxsCXFIbUoFKjI1l0kzUyb,NT_187486.1,refseq_accession,NT_187486.1
XemD97fxYMS4q-FBm_n5CHQgmzh1_67a,SQ.TEt-Umx3hFAxsCXFIbUoFKjI1l0kzUyb,HSCHRUN_RANDOM_194,seqcol_name,
XemD97fxYMS4q-FBm_n5CHQgmzh1_67a,SQ.TEt-Umx3hFAxsCXFIbUoFKjI1l0kzUyb,chrUn_KI270381v1,ucsc,
XemD97fxYMS4q-FBm_n5CHQgmzh1_67a,SQ.TcEoir4-ig0cqoBN28NU2Up-daWmxBJt,GL383577.2,genbank_accession,GL383577.2
XemD97fxYMS4q-FBm_n5CHQgmzh1_67a,SQ.TcEoir4-ig0cqoBN28NU2Up-daWmxBJt,NW_003315966.2,refseq_accession,NW_003315966.2
XemD97fxYMS4q-FBm_n5CHQgmzh1_67a,SQ.TcEoir4-ig0cqoBN28NU2Up-daWmxBJt,HSCHR20_1_CTG1,seqcol_name,
XemD97fxYMS4q-FBm_n5CHQgmzh1_67a,SQ.TcEoir4-ig0cqoBN28NU2Up-daWmxBJt,chr20_GL383577v2_alt,ucsc,
XemD97fxYMS4q-FBm_n5CHQgmzh1_67a,SQ.Tj8Z-RW85GJnPIH5x-AgzXu1Ol4a00tF,KI270868.1,genbank_accession,KI270868.1
XemD97fxYMS4q-FBm_n5CHQgmzh1_67a,SQ.Tj8Z-RW85GJnPIH5x-AgzXu1Ol4a00tF,NT_187622.1,refseq_accession,NT_187622.1
XemD97fxYMS4q-FBm_n5CHQgmzh1_67a,SQ.Tj8Z-RW85GJnPIH5x-AgzXu1Ol4a00tF,HSCHR19_5_CTG2,seqcol_name,
XemD97fxYMS4q-FBm_n5CHQgmzh1_67a,SQ.Tj8Z-RW85GJnPIH5x-AgzXu1Ol4a00tF,chr19_KI270868v1_alt,ucsc,
XemD97fxYMS4q-FBm_n5CHQgmzh1_67a,SQ.Ty1MZgCXzlCF81bA1yojF4tQL3zpP-61,GL383521.1,genbank_accession,GL383521.1
XemD97fxYMS4q-FBm_n5CHQgmzh1_67a,SQ.Ty1MZgCXzlCF81bA1yojF4tQL3zpP-61,NW_003315908.1,refseq_accession,NW_003315908.1
XemD97fxYMS4q-FBm_n5CHQgmzh1_67a,SQ.Ty1MZgCXzlCF81bA1yojF4tQL3zpP-61,HSCHR2_1_CTG5,seqcol_name,
XemD97fxYMS4q-FBm_n5CHQgmzh1_67a,SQ.Ty1MZgCXzlCF81bA1yojF4tQL3zpP-61,chr2_GL383521v1_alt,ucsc,
XemD97fxYMS4q-FBm_n5CHQgmzh1_67a,SQ.U74-bOG6c9j_MGt6BNCYEKNjzHETiIqw,GL383564.2,genbank_accession,GL383564.2
XemD97fxYMS4q-FBm_n5CHQgmzh1_67a,SQ.U74-bOG6c9j_MGt6BNCYEKNjzHETiIqw,NW_003315953.2,refseq_accession,NW_003315953.2
XemD97fxYMS4q-FBm_n5CHQgmzh1_67a,SQ.U74-bOG6c9j_MGt6BNCYEKNjzHETiIqw,HSCHR17_1_CTG4,seqcol_name,
XemD97fxYMS4q-FBm_n5CHQgmzh1_67a,SQ.U74-bOG6c9j_MGt6BNCYEKNjzHETiIqw,chr17_GL383564v2_alt,ucsc,
XemD97fxYMS4q-FBm_n5CHQgmzh1_67a,SQ.UQf4P8h55Z6EdK5tczmAACezbKN5QQev,GL383530.1,genbank_accession,GL383530.1
XemD97fxYMS4q-FBm_n5CHQgmzh1_67a,SQ.UQf4P8h55Z6EdK5tczmAACezbKN5QQev,NW_003315918.1,refseq_accession,NW_003315918.1
XemD97fxYMS4q-FBm_n5CHQgmzh1_67a,SQ.UQf4P8h55Z6EdK5tczmAACezbKN5QQev,HSCHR5_3_CTG1_1,seqcol_name,
XemD97fxYMS4q-FBm_n5CHQgmzh1_67a,SQ.UQf4P8h55Z6EdK5tczmAACezbKN5QQev,chr5_GL383530v1_alt,ucsc,
XemD97fxYMS4q-FBm_n5CHQgmzh1_67a,SQ.UXZi25XgrqYdmNvS7KCJphN0iI2HHKai,KI270790.1,genbank_accession,KI270790.1
XemD97fxYMS4q-FBm_n5CHQgmzh1_67a,SQ.UXZi25XgrqYdmNvS7KCJphN0iI2HHKai,NT_187540.1,refseq_accession,NT_187540.1
XemD97fxYMS4q-FBm_n5CHQgmzh1_67a,SQ.UXZi25XgrqYdmNvS7KCJphN0iI2HHKai,HSCHR4_1_CTG4,seqcol_name,
XemD97fxYMS4q-FBm_n5CHQgmzh1_67a,SQ.UXZi25XgrqYdmNvS7KCJphN0iI2HHKai,chr4_KI270790v1_alt,ucsc,
XemD97fxYMS4q-FBm_n5CHQgmzh1_67a,SQ.UYTYthd_1Mgf366TwsSrLeVPgrfD12qr,KI270885.1,genbank_accession,KI270885.1
XemD97fxYMS4q-FBm_n5CHQgmzh1_67a,SQ.UYTYthd_1Mgf366TwsSrLeVPgrfD12qr,NT_187639.1,refseq_accession,NT_187639.1
XemD97fxYMS4q-FBm_n5CHQgmzh1_67a,SQ.UYTYthd_1Mgf366TwsSrLeVPgrfD12qr,HSCHR19KIR_G248_A_HAP_CTG3_1,seqcol_name,
XemD97fxYMS4q-FBm_n5CHQgmzh1_67a,SQ.UYTYthd_1Mgf366TwsSrLeVPgrfD12qr,chr19_KI270885v1_alt,ucsc,
XemD97fxYMS4q-FBm_n5CHQgmzh1_67a,SQ.UkFCzw1aORf-WoHrTvva15yoLv7b0MpV,KI270862.1,genbank_accession,KI270862.1
XemD97fxYMS4q-FBm_n5CHQgmzh1_67a,SQ.UkFCzw1aORf-WoHrTvva15yoLv7b0MpV,NT_187613.1,refseq_accession,NT_187613.1
XemD97fxYMS4q-FBm_n5CHQgmzh1_67a,SQ.UkFCzw1aORf-WoHrTvva15yoLv7b0MpV,HSCHR17_2_CTG2,seqcol_name,
XemD97fxYMS4q-FBm_n5CHQgmzh1_67a,SQ.UkFCzw1aORf-WoHrTvva15yoLv7b0MpV,chr17_KI270862v1_alt,ucsc,
XemD97fxYMS4q-FBm_n5CHQgmzh1_67a,SQ.UlFLG2MJ8RhHqr4gEnrHI2G1JKgmDr6q,GL383520.2,genbank_accession,GL383520.2
XemD97fxYMS4q-FBm_n5CHQgmzh1_67a,SQ.UlFLG2MJ8RhHqr4gEnrHI2G1JKgmDr6q,NW_003315907.2,refseq_accession,NW_003315907.2
XemD97fxYMS4q-FBm_n5CHQgmzh1_67a,SQ.UlFLG2MJ8RhHqr4gEnrHI2G1JKgmDr6q,HSCHR1_3_CTG31,seqcol_name,
XemD97fxYMS4q-FBm_n5CHQgmzh1_67a,SQ.UlFLG2MJ8RhHqr4gEnrHI2G1JKgmDr6q,chr1_GL383520v2_alt,ucsc,
XemD97fxYMS4q-FBm_n5CHQgmzh1_67a,SQ.UpAU2RxXhtmXwip54NaWA7_iVaHV86H_,KI270719.1,genbank_accession,KI270719.1
XemD97fxYMS4q-FBm_n5CHQgmzh1_67a,SQ.UpAU2RxXhtmXwip54NaWA7_iVaHV86H_,NT_187374.1,refseq_accession,NT_187374.1
XemD97fxYMS4q-FBm_n5CHQgmzh1_67a,SQ.UpAU2RxXhtmXwip54NaWA7_iVaHV86H_,HSCHR9_UNLOCALIZED_CTG3,seqcol_name,
XemD97fxYMS4q-FBm_n5CHQgmzh1_67a,SQ.UpAU2RxXhtmXwip54NaWA7_iVaHV86H_,chr9_KI270719v1_random,ucsc,
XemD97fxYMS4q-FBm_n5CHQgmzh1_67a,SQ.UrpCy9kOdjWabO0L_trP8GhIWQuqSXEq,KI270373.1,genbank_accession,KI270373.1
XemD97fxYMS4q-FBm_n5CHQgmzh1_67a,SQ.UrpCy9kOdjWabO0L_trP8GhIWQuqSXEq,NT_187492.1,refseq_accession,NT_187492.1
XemD97fxYMS4q-FBm_n5CHQgmzh1_67a,SQ.UrpCy9kOdjWabO0L_trP8GhIWQuqSXEq,HSCHRUN_RANDOM_200,seqcol_name,
XemD97fxYMS4q-FBm_n5CHQgmzh1_67a,SQ.UrpCy9kOdjWabO0L_trP8GhIWQuqSXEq,chrUn_KI270373v1,ucsc,
XemD97fxYMS4q-FBm_n5CHQgmzh1_67a,SQ.UsJHm6wOugC5oP4WSKB3EbIhwxz0fQuX,KI270938.1,genbank_accession,KI270938.1
XemD97fxYMS4q-FBm_n5CHQgmzh1_67a,SQ.UsJHm6wOugC5oP4WSKB3EbIhwxz0fQuX,NT_187693.1,refseq_accession,NT_187693.1
XemD97fxYMS4q-FBm_n5CHQgmzh1_67a,SQ.UsJHm6wOugC5oP4WSKB3EbIhwxz0fQuX,HSCHR19_4_CTG3_1,seqcol_name,
XemD97fxYMS4q-FBm_n5CHQgmzh1_67a,SQ.UsJHm6wOugC5oP4WSKB3EbIhwxz0fQuX,chr19_KI270938v1_alt,ucsc,
XemD97fxYMS4q-FBm_n5CHQgmzh1_67a,SQ.V0CMtzYdkge7BgW5bmxhi0jlzyvuRY0L,GL383522.1,genbank_accession,GL383522.1
XemD97fxYMS4q-FBm_n5CHQgmzh1_67a,SQ.V0CMtzYdkge7BgW5bmxhi0jlzyvuRY0L,NW_003315909.1,refseq_accession,NW_003315909.1
XemD97fxYMS4q-FBm_n5CHQgmzh1_67a,SQ.V0CMtzYdkge7BgW5bmxhi0jlzyvuRY0L,HSCHR2_1_CTG7_2,seqcol_name,
XemD97fxYMS4q-FBm_n5CHQgmzh1_67a,SQ.V0CMtzYdkge7BgW5bmxhi0jlzyvuRY0L,chr2_GL383522v1_alt,ucsc,
XemD97fxYMS4q-FBm_n5CHQgmzh1_67a,SQ.VFqjLCDuSqnvr79o7IjZPzsZHew_1P68,KI270384.1,genbank_accession,KI270384.1
XemD97fxYMS4q-FBm_n5CHQgmzh1_67a,SQ.VFqjLCDuSqnvr79o7IjZPzsZHew_1P68,NT_187484.1,refseq_accession,NT_187484.1
XemD97fxYMS4q-FBm_n5CHQgmzh1_67a,SQ.VFqjLCDuSqnvr79o7IjZPzsZHew_1P68,HSCHRUN_RANDOM_192,seqcol_name,
XemD97fxYMS4q-FBm_n5CHQgmzh1_67a,SQ.VFqjLCDuSqnvr79o7IjZPzsZHew_1P68,chrUn_KI270384v1,ucsc,
XemD97fxYMS4q-FBm_n5CHQgmzh1_67a,SQ.VX_kUKgy_KDDbEyY50N0jliHYLW5BUty,KI270744.1,genbank_accession,KI270744.1
XemD97fxYMS4q-FBm_n5CHQgmzh1_67a,SQ.VX_kUKgy_KDDbEyY50N0jliHYLW5BUty,NT_187499.1,refseq_accession,NT_187499.1
XemD97fxYMS4q-FBm_n5CHQgmzh1_67a,SQ.VX_kUKgy_KDDbEyY50N0jliHYLW5BUty,HSCHRUN_RANDOM_CTG21,seqcol_name,
XemD97fxYMS4q-FBm_n5CHQgmzh1_67a,SQ.VX_kUKgy_KDDbEyY50N0jliHYLW5BUty,chrUn_KI270744v1,ucsc,
XemD97fxYMS4q-FBm_n5CHQgmzh1_67a,SQ.VfiJcXkdRHtStj16e7Xrn9NynMHCeZOJ,KI270779.1,genbank_accession,KI270779.1
XemD97fxYMS4q-FBm_n5CHQgmzh1_67a,SQ.VfiJcXkdRHtStj16e7Xrn9NynMHCeZOJ,NT_187532.1,refseq_accession,NT_187532.1
XemD97fxYMS4q-FBm_n5CHQgmzh1_67a,SQ.VfiJcXkdRHtStj16e7Xrn9NynMHCeZOJ,HSCHR3_1_CTG3,seqcol_name,
XemD97fxYMS4q-FBm_n5CHQgmzh1_67a,SQ.VfiJcXkdRHtStj16e7Xrn9NynMHCeZOJ,chr3_KI270779v1_alt,ucsc,
XemD97fxYMS4q-FBm_n5CHQgmzh1_67a,SQ.VlOMn-GD7o6SGXHyGg5UCVbIbumzh1jr,KI270883.1,genbank_accession,KI270883.1
XemD97fxYMS4q-FBm_n5CHQgmzh1_67a,SQ.VlOMn-GD7o6SGXHyGg5UCVbIbumzh1jr,NT_187637.1,refseq_accession,NT_187637.1
XemD97fxYMS4q-FBm_n5CHQgmzh1_67a,SQ.VlOMn-GD7o6SGXHyGg5UCVbIbumzh1jr,HSCHR19KIR_G085_A_HAP_CTG3_1,seqcol_name,
XemD97fxYMS4q-FBm_n5CHQgmzh1_67a,SQ.VlOMn-GD7o6SGXHyGg5UCVbIbumzh1jr,chr19_KI270883v1_alt,ucsc,
XemD97fxYMS4q-FBm_n5CHQgmzh1_67a,SQ.VvhkophOxVBa124jULhiqGN04Chq7q1D,KI270336.1,genbank_accession,KI270336.1
XemD97fxYMS4q-FBm_n5CHQgmzh1_67a,SQ.VvhkophOxVBa124jULhiqGN04Chq7q1D,NT_187465.1,refseq_accession,NT_187465.1
XemD97fxYMS4q-FBm_n5CHQgmzh1_67a,SQ.VvhkophOxVBa124jULhiqGN04Chq7q1D,HSCHRUN_RANDOM_173,seqcol_name,
XemD97fxYMS4q-FBm_n5CHQgmzh1_67a,SQ.VvhkophOxVBa124jULhiqGN04Chq7q1D,chrUn_KI270336v1,ucsc,
XemD97fxYMS4q-FBm_n5CHQgmzh1_67a,SQ.W1ijHpfgILmoFBM3G3_B1Hc_SuWVRL0G,KI270772.1,genbank_accession,KI270772.1
XemD97fxYMS4q-FBm_n5CHQgmzh1_67a,SQ.W1ijHpfgILmoFBM3G3_B1Hc_SuWVRL0G,NT_187524.1,refseq_accession,NT_187524.1
XemD97fxYMS4q-FBm_n5CHQgmzh1_67a,SQ.W1ijHpfgILmoFBM3G3_B1Hc_SuWVRL0G,HSCHR2_1_CTG7,seqcol_name,
XemD97fxYMS4q-FBm_n5CHQgmzh1_67a,SQ.W1ijHpfgILmoFBM3G3_B1Hc_SuWVRL0G,chr2_KI270772v1_alt,ucsc,
XemD97fxYMS4q-FBm_n5CHQgmzh1_67a,SQ.W2Dpn4kI-x3xd9mnMikL49FlxvjNfkwc,KI270908.1,genbank_accession,KI270908.1
XemD97fxYMS4q-FBm_n5CHQgmzh1_67a,SQ.W2Dpn4kI-x3xd9mnMikL49FlxvjNfkwc,NT_187663.1,refseq_accession,NT_187663.1
XemD97fxYMS4q-FBm_n5CHQgmzh1_67a,SQ.W2Dpn4kI-x3xd9mnMikL49FlxvjNfkwc,HSCHR17_2_CTG5,seqcol_name,
XemD97fxYMS4q-FBm_n5CHQgmzh1_67a,SQ.W2Dpn4kI-x3xd9mnMikL49FlxvjNfkwc,chr17_KI270908v1_alt,ucsc,
XemD97fxYMS4q-FBm_n5CHQgmzh1_67a,SQ.W2U0LNWky9tgPEcAKkeNu9nNMx_3JqRx,JH159148.1,genbank_accession,JH159148.1
XemD97fxYMS4q-FBm_n5CHQgmzh1_67a,SQ.W2U0LNWky9tgPEcAKkeNu9nNMx_3JqRx,NW_003871093.1,refseq_accession,NW_003871093.1
XemD97fxYMS4q-FBm_n5CHQgmzh1_67a,SQ.W2U0LNWky9tgPEcAKkeNu9nNMx_3JqRx,HSCHR17_6_CTG4,seqcol_name,
XemD97fxYMS4q-FBm_n5CHQgmzh1_67a,SQ.W2U0LNWky9tgPEcAKkeNu9nNMx_3JqRx,chr17_JH159148v1_alt,ucsc,
XemD97fxYMS4q-FBm_n5CHQgmzh1_67a,SQ.WIxkrqsQ3gRvL0IqOvPcme1D3eHLAh7S,KI270848.1,genbank_accession,KI270848.1
XemD97fxYMS4q-FBm_n5CHQgmzh1_67a,SQ.WIxkrqsQ3gRvL0IqOvPcme1D3eHLAh7S,NT_187603.1,refseq_accession,NT_187603.1
XemD97fxYMS4q-FBm_n5CHQgmzh1_67a,SQ.WIxkrqsQ3gRvL0IqOvPcme1D3eHLAh7S,HSCHR15_1_CTG3,seqcol_name,
XemD97fxYMS4q-FBm_n5CHQgmzh1_67a,SQ.WIxkrqsQ3gRvL0IqOvPcme1D3eHLAh7S,chr15_KI270848v1_alt,ucsc,
XemD97fxYMS4q-FBm_n5CHQgmzh1_67a,SQ.WWPUgQmEvZlupGMumNRPbGJmBDPLEKgR,KI270803.1,genbank_accession,KI270803.1
XemD97fxYMS4q-FBm_n5CHQgmzh1_67a,SQ.WWPUgQmEvZlupGMumNRPbGJmBDPLEKgR,NT_187562.1,refseq_accession,NT_187562.1
XemD97fxYMS4q-FBm_n5CHQgmzh1_67a,SQ.WWPUgQmEvZlupGMumNRPbGJmBDPLEKgR,HSCHR7_2_CTG6,seqcol_name,
XemD97fxYMS4q-FBm_n5CHQgmzh1_67a,SQ.WWPUgQmEvZlupGMumNRPbGJmBDPLEKgR,chr7_KI270803v1_alt,ucsc,
XemD97fxYMS4q-FBm_n5CHQgmzh1_67a,SQ.WYqs4u7Z9hoP_p3U6BRF37UEopQGGlvi,KI270759.1,genbank_accession,KI270759.1
XemD97fxYMS4q-FBm_n5CHQgmzh1_67a,SQ.WYqs4u7Z9hoP_p3U6BRF37UEopQGGlvi,NT_187516.1,refseq_accession,NT_187516.1
XemD97fxYMS4q-FBm_n5CHQgmzh1_67a,SQ.WYqs4u7Z9hoP_p3U6BRF37UEopQGGlvi,HSCHR1_1_CTG32_1,seqcol_name,
XemD97fxYMS4q-FBm_n5CHQgmzh1_67a,SQ.WYqs4u7Z9hoP_p3U6BRF37UEopQGGlvi,chr1_KI270759v1_alt,ucsc,
XemD97fxYMS4q-FBm_n5CHQgmzh1_67a,SQ.Wczr0fr52D0g46F3glnGBbMaYof04RBg,JH159147.1,genbank_accession,JH159147.1
XemD97fxYMS4q-FBm_n5CHQgmzh1_67a,SQ.Wczr0fr52D0g46F3glnGBbMaYof04RBg,NW_003871092.1,refseq_accession,NW_003871092.1
XemD97fxYMS4q-FBm_n5CHQgmzh1_67a,SQ.Wczr0fr52D0g46F3glnGBbMaYof04RBg,HSCHR17_5_CTG4,seqcol_name,
XemD97fxYMS4q-FBm_n5CHQgmzh1_67a,SQ.Wczr0fr52D0g46F3glnGBbMaYof04RBg,chr17_JH159147v1_alt,ucsc,
XemD97fxYMS4q-FBm_n5CHQgmzh1_67a,SQ.Wvo--PYZpLuRRB7aoEqAl7QvzNB3fy59,KI270916.1,genbank_accession,KI270916.1
XemD97fxYMS4q-FBm_n5CHQgmzh1_67a,SQ.Wvo--PYZpLuRRB7aoEqAl7QvzNB3fy59,NT_187670.1,refseq_accession,NT_187670.1
XemD97fxYMS4q-FBm_n5CHQgmzh1_67a,SQ.Wvo--PYZpLuRRB7aoEqAl7QvzNB3fy59,HSCHR19KIR_T7526_BDEL_HAP_CTG3_1,seqcol_name,
XemD97fxYMS4q-FBm_n5CHQgmzh1_67a,SQ.Wvo--PYZpLuRRB7aoEqAl7QvzNB3fy59,chr19_KI270916v1_alt,ucsc,
XemD97fxYMS4q-FBm_n5CHQgmzh1_67a,SQ.WyYCLC4VxJvbBz2b_wBWF5BdQotiUVdB,GL000194.1,genbank_accession,GL000194.1
XemD97fxYMS4q-FBm_n5CHQgmzh1_67a,SQ.WyYCLC4VxJvbBz2b_wBWF5BdQotiUVdB,NT_113888.1,refseq_accession,NT_113888.1
XemD97fxYMS4q-FBm_n5CHQgmzh1_67a,SQ.WyYCLC4VxJvbBz2b_wBWF5BdQotiUVdB,HSCHR14_CTG4_UNLOCALIZED,seqcol_name,
XemD97fxYMS4q-FBm_n5CHQgmzh1_67a,SQ.WyYCLC4VxJvbBz2b_wBWF5BdQotiUVdB,chr14_GL000194v1_random,ucsc,
XemD97fxYMS4q-FBm_n5CHQgmzh1_67a,SQ.X1hoeaY6uWYC8HHY2Q2EfqbdDxJqM8IG,KI270804.1,genbank_accession,KI270804.1
XemD97fxYMS4q-FBm_n5CHQgmzh1_67a,SQ.X1hoeaY6uWYC8HHY2Q2EfqbdDxJqM8IG,NT_187558.1,refseq_accession,NT_187558.1
XemD97fxYMS4q-FBm_n5CHQgmzh1_67a,SQ.X1hoeaY6uWYC8HHY2Q2EfqbdDxJqM8IG,HSCHR7_1_CTG1,seqcol_name,
XemD97fxYMS4q-FBm_n5CHQgmzh1_67a,SQ.X1hoeaY6uWYC8HHY2Q2EfqbdDxJqM8IG,chr7_KI270804v1_alt,ucsc,
XemD97fxYMS4q-FBm_n5CHQgmzh1_67a,SQ.XBBieBA2j0nSYapiV42U-7uROMMzN10D,KI270544.1,genbank_accession,KI270544.1
XemD97fxYMS4q-FBm_n5CHQgmzh1_67a,SQ.XBBieBA2j0nSYapiV42U-7uROMMzN10D,NT_187444.1,refseq_accession,NT_187444.1
XemD97fxYMS4q-FBm_n5CHQgmzh1_67a,SQ.XBBieBA2j0nSYapiV42U-7uROMMzN10D,HSCHRUN_RANDOM_148,seqcol_name,
XemD97fxYMS4q-FBm_n5CHQgmzh1_67a,SQ.XBBieBA2j0nSYapiV42U-7uROMMzN10D,chrUn_KI270544v1,ucsc,
XemD97fxYMS4q-FBm_n5CHQgmzh1_67a,SQ.XEybNnMwxudbDQXYAuUsvIiNgqaSqhTP,KI270780.1,genbank_accession,KI270780.1
XemD97fxYMS4q-FBm_n5CHQgmzh1_67a,SQ.XEybNnMwxudbDQXYAuUsvIiNgqaSqhTP,NT_187537.1,refseq_accession,NT_187537.1
XemD97fxYMS4q-FBm_n5CHQgmzh1_67a,SQ.XEybNnMwxudbDQXYAuUsvIiNgqaSqhTP,HSCHR3_4_CTG2_1,seqcol_name,
XemD97fxYMS4q-FBm_n5CHQgmzh1_67a,SQ.XEybNnMwxudbDQXYAuUsvIiNgqaSqhTP,chr3_KI270780v1_alt,ucsc,
XemD97fxYMS4q-FBm_n5CHQgmzh1_67a,SQ.XI0Wu6ks0XtIGZGr2GJN53L1pjzoArDf,JH636055.2,genbank_accession,JH636055.2
XemD97fxYMS4q-FBm_n5CHQgmzh1_67a,SQ.XI0Wu6ks0XtIGZGr2GJN53L1pjzoArDf,NW_003871060.2,refseq_accession,NW_003871060.2
XemD97fxYMS4q-FBm_n5CHQgmzh1_67a,SQ.XI0Wu6ks0XtIGZGr2GJN53L1pjzoArDf,HSCHR3_1_CTG1,seqcol_name,
XemD97fxYMS4q-FBm_n5CHQgmzh1_67a,SQ.XI0Wu6ks0XtIGZGr2GJN53L1pjzoArDf,chr3_JH636055v2_alt,ucsc,
XemD97fxYMS4q-FBm_n5CHQgmzh1_67a,SQ.XKeFO_ksB66EVSh2uK6vlkxZ6iUBuK9e,GL383553.2,genbank_accession,GL383553.2
XemD97fxYMS4q-FBm_n5CHQgmzh1_67a,SQ.XKeFO_ksB66EVSh2uK6vlkxZ6iUBuK9e,NW_003315942.2,refseq_accession,NW_003315942.2
XemD97fxYMS4q-FBm_n5CHQgmzh1_67a,SQ.XKeFO_ksB66EVSh2uK6vlkxZ6iUBuK9e,HSCHR12_3_CTG2_1,seqcol_name,
XemD97fxYMS4q-FBm_n5CHQgmzh1_67a,SQ.XKeFO_ksB66EVSh2uK6vlkxZ6iUBuK9e,chr12_GL383553v2_alt,ucsc,
XemD97fxYMS4q-FBm_n5CHQgmzh1_67a,SQ.XP3tANME4GZk3aV6pz1dufNwvE3VQFOY,KI270424.1,genbank_accession,KI270424.1
XemD97fxYMS4q-FBm_n5CHQgmzh1_67a,SQ.XP3tANME4GZk3aV6pz1dufNwvE3VQFOY,NT_187414.1,refseq_accession,NT_187414.1
XemD97fxYMS4q-FBm_n5CHQgmzh1_67a,SQ.XP3tANME4GZk3aV6pz1dufNwvE3VQFOY,HSCHRUN_RANDOM_118,seqcol_name,
XemD97fxYMS4q-FBm_n5CHQgmzh1_67a,SQ.XP3tANME4GZk3aV6pz1dufNwvE3VQFOY,chrUn_KI270424v1,ucsc,
XemD97fxYMS4q-FBm_n5CHQgmzh1_67a,SQ.XTO1dKsAf02p_KSAp5mzTEwX-jIqZqGb,KI270747.1,genbank_accession,KI270747.1
XemD97fxYMS4q-FBm_n5CHQgmzh1_67a,SQ.XTO1dKsAf02p_KSAp5mzTEwX-jIqZqGb,NT_187502.1,refseq_accession,NT_187502.1
XemD97fxYMS4q-FBm_n5CHQgmzh1_67a,SQ.XTO1dKsAf02p_KSAp5mzTEwX-jIqZqGb,HSCHRUN_RANDOM_CTG24,seqcol_name,
XemD97fxYMS4q-FBm_n5CHQgmzh1_67a,SQ.XTO1dKsAf02p_KSAp5mzTEwX-jIqZqGb,chrUn_KI270747v1,ucsc,
XemD97fxYMS4q-FBm_n5CHQgmzh1_67a,SQ.XqQFT2CFmizvqSSAFOK5n8yAtrQMpq01,KI270725.1,genbank_accession,KI270725.1
XemD97fxYMS4q-FBm_n5CHQgmzh1_67a,SQ.XqQFT2CFmizvqSSAFOK5n8yAtrQMpq01,NT_187380.1,refseq_accession,NT_187380.1
XemD97fxYMS4q-FBm_n5CHQgmzh1_67a,SQ.XqQFT2CFmizvqSSAFOK5n8yAtrQMpq01,HSCHR14_CTG7_UNLOCALIZED,seqcol_name,
XemD97fxYMS4q-FBm_n5CHQgmzh1_67a,SQ.XqQFT2CFmizvqSSAFOK5n8yAtrQMpq01,chr14_KI270725v1_random,ucsc,
XemD97fxYMS4q-FBm_n5CHQgmzh1_67a,SQ.Y7FnweVvXEqTi-uiAmX_kmCP6HK55ZoA,KI270528.1,genbank_accession,KI270528.1
XemD97fxYMS4q-FBm_n5CHQgmzh1_67a,SQ.Y7FnweVvXEqTi-uiAmX_kmCP6HK55ZoA,NT_187440.1,refseq_accession,NT_187440.1
XemD97fxYMS4q-FBm_n5CHQgmzh1_67a,SQ.Y7FnweVvXEqTi-uiAmX_kmCP6HK55ZoA,HSCHRUN_RANDOM_144,seqcol_name,
XemD97fxYMS4q-FBm_n5CHQgmzh1_67a,SQ.Y7FnweVvXEqTi-uiAmX_kmCP6HK55ZoA,chrUn_KI270528v1,ucsc,
XemD97fxYMS4q-FBm_n5CHQgmzh1_67a,SQ.YAVAIDpmW0T9Y8em7VFGpwv5v5koUJU3,KI270756.1,genbank_accession,KI270756.1
XemD97fxYMS4q-FBm_n5CHQgmzh1_67a,SQ.YAVAIDpmW0T9Y8em7VFGpwv5v5koUJU3,NT_187511.1,refseq_accession,NT_187511.1
XemD97fxYMS4q-FBm_n5CHQgmzh1_67a,SQ.YAVAIDpmW0T9Y8em7VFGpwv5v5koUJU3,HSCHRUN_RANDOM_CTG35,seqcol_name,
XemD97fxYMS4q-FBm_n5CHQgmzh1_67a,SQ.YAVAIDpmW0T9Y8em7VFGpwv5v5koUJU3,chrUn_KI270756v1,ucsc,
XemD97fxYMS4q-FBm_n5CHQgmzh1_67a,SQ.YMVH9hynzhX7jFuljLYBRj5plZj_aY6i,KI270734.1,genbank_accession,KI270734.1
XemD97fxYMS4q-FBm_n5CHQgmzh1_67a,SQ.YMVH9hynzhX7jFuljLYBRj5plZj_aY6i,NT_187389.1,refseq_accession,NT_187389.1
XemD97fxYMS4q-FBm_n5CHQgmzh1_67a,SQ.YMVH9hynzhX7jFuljLYBRj5plZj_aY6i,HSCHR22_UNLOCALIZED_CTG4,seqcol_name,
XemD97fxYMS4q-FBm_n5CHQgmzh1_67a,SQ.YMVH9hynzhX7jFuljLYBRj5plZj_aY6i,chr22_KI270734v1_random,ucsc,
XemD97fxYMS4q-FBm_n5CHQgmzh1_67a,SQ.YXCg7Om7YPSiwfpGw8ZlEQ4rOBYbxK45,KI270333.1,genbank_accession,KI270333.1
XemD97fxYMS4q-FBm_n5CHQgmzh1_67a,SQ.YXCg7Om7YPSiwfpGw8ZlEQ4rOBYbxK45,NT_187461.1,refseq_accession,NT_187461.1
XemD97fxYMS4q-FBm_n5CHQgmzh1_67a,SQ.YXCg7Om7YPSiwfpGw8ZlEQ4rOBYbxK45,HSCHRUN_RANDOM_169,seqcol_name,
XemD97fxYMS4q-FBm_n5CHQgmzh1_67a,SQ.YXCg7Om7YPSiwfpGw8ZlEQ4rOBYbxK45,chrUn_KI270333v1,ucsc,
XemD97fxYMS4q-FBm_n5CHQgmzh1_67a,SQ.Y_q1faWWNU5qzIht_upDihpkY8oTvfvj,KI270858.1,genbank_accession,KI270858.1
XemD97fxYMS4q-FBm_n5CHQgmzh1_67a,SQ.Y_q1faWWNU5qzIht_upDihpkY8oTvfvj,NT_187615.1,refseq_accession,NT_187615.1
XemD97fxYMS4q-FBm_n5CHQgmzh1_67a,SQ.Y_q1faWWNU5qzIht_upDihpkY8oTvfvj,HSCHR17_8_CTG4,seqcol_name,
XemD97fxYMS4q-FBm_n5CHQgmzh1_67a,SQ.Y_q1faWWNU5qzIht_upDihpkY8oTvfvj,chr17_KI270858v1_alt,ucsc,
XemD97fxYMS4q-FBm_n5CHQgmzh1_67a,SQ.Ya6Rs7DHhDeg7YaOSg1EoNi3U_nQ9SvO,CM000663.2,genbank_accession,CM000663.2
XemD97fxYMS4q-FBm_n5CHQgmzh1_67a,SQ.Ya6Rs7DHhDeg7YaOSg1EoNi3U_nQ9SvO,NC_000001.11,refseq_accession,NC_000001.11
XemD97fxYMS4q-FBm_n5CHQgmzh1_67a,SQ.Ya6Rs7DHhDeg7YaOSg1EoNi3U_nQ9SvO,1,seqcol_name,
XemD97fxYMS4q-FBm_n5CHQgmzh1_67a,SQ.Ya6Rs7DHhDeg7YaOSg1EoNi3U_nQ9SvO,chr1,ucsc,
XemD97fxYMS4q-FBm_n5CHQgmzh1_67a,SQ.YaOI_5KJtbcZ0VBMd_c-I8BXDhAkN2SK,GL383551.1,genbank_accession,GL383551.1
XemD97fxYMS4q-FBm_n5CHQgmzh1_67a,SQ.YaOI_5KJtbcZ0VBMd_c-I8BXDhAkN2SK,NW_003315940.1,refseq_accession,NW_003315940.1
XemD97fxYMS4q-FBm_n5CHQgmzh1_67a,SQ.YaOI_5KJtbcZ0VBMd_c-I8BXDhAkN2SK,HSCHR12_4_CTG2_1,seqcol_name,
XemD97fxYMS4q-FBm_n5CHQgmzh1_67a,SQ.YaOI_5KJtbcZ0VBMd_c-I8BXDhAkN2SK,chr12_GL383551v1_alt,ucsc,
XemD97fxYMS4q-FBm_n5CHQgmzh1_67a,SQ.YgNzI4wbLo1nMEFzDyNIbj5tDLPehvB5,KI270722.1,genbank_accession,KI270722.1
XemD97fxYMS4q-FBm_n5CHQgmzh1_67a,SQ.YgNzI4wbLo1nMEFzDyNIbj5tDLPehvB5,NT_187377.1,refseq_accession,NT_187377.1
XemD97fxYMS4q-FBm_n5CHQgmzh1_67a,SQ.YgNzI4wbLo1nMEFzDyNIbj5tDLPehvB5,HSCHR14_CTG3_UNLOCALIZED,seqcol_name,
XemD97fxYMS4q-FBm_n5CHQgmzh1_67a,SQ.YgNzI4wbLo1nMEFzDyNIbj5tDLPehvB5,chr14_KI270722v1_random,ucsc,
XemD97fxYMS4q-FBm_n5CHQgmzh1_67a,SQ.YmC9wASHjb31TtJqTT4ke2i0mVYtcfW3,KI270740.1,genbank_accession,KI270740.1
XemD97fxYMS4q-FBm_n5CHQgmzh1_67a,SQ.YmC9wASHjb31TtJqTT4ke2i0mVYtcfW3,NT_187395.1,refseq_accession,NT_187395.1
XemD97fxYMS4q-FBm_n5CHQgmzh1_67a,SQ.YmC9wASHjb31TtJqTT4ke2i0mVYtcfW3,HSCHRY_RANDOM_CTG1,seqcol_name,
XemD97fxYMS4q-FBm_n5CHQgmzh1_67a,SQ.YmC9wASHjb31TtJqTT4ke2i0mVYtcfW3,chrY_KI270740v1_random,ucsc,
XemD97fxYMS4q-FBm_n5CHQgmzh1_67a,SQ.YpEMyhzoYs_11s_DfsfaLB8uQo__ffTG,GL383547.1,genbank_accession,GL383547.1
XemD97fxYMS4q-FBm_n5CHQgmzh1_67a,SQ.YpEMyhzoYs_11s_DfsfaLB8uQo__ffTG,NW_003315936.1,refseq_accession,NW_003315936.1
XemD97fxYMS4q-FBm_n5CHQgmzh1_67a,SQ.YpEMyhzoYs_11s_DfsfaLB8uQo__ffTG,HSCHR11_1_CTG1_1,seqcol_name,
XemD97fxYMS4q-FBm_n5CHQgmzh1_67a,SQ.YpEMyhzoYs_11s_DfsfaLB8uQo__ffTG,chr11_GL383547v1_alt,ucsc,
XemD97fxYMS4q-FBm_n5CHQgmzh1_67a,SQ.ZGObj8YpBRGFr0F-vIhWOqmW7xPYgYR3,KI270411.1,genbank_accession,KI270411.1
XemD97fxYMS4q-FBm_n5CHQgmzh1_67a,SQ.ZGObj8YpBRGFr0F-vIhWOqmW7xPYgYR3,NT_187409.1,refseq_accession,NT_187409.1
XemD97fxYMS4q-FBm_n5CHQgmzh1_67a,SQ.ZGObj8YpBRGFr0F-vIhWOqmW7xPYgYR3,HSCHRUN_RANDOM_113,seqcol_name,
XemD97fxYMS4q-FBm_n5CHQgmzh1_67a,SQ.ZGObj8YpBRGFr0F-vIhWOqmW7xPYgYR3,chrUn_KI270411v1,ucsc,
XemD97fxYMS4q-FBm_n5CHQgmzh1_67a,SQ.ZO3XajuY2WdIU8H0b3dSx5KYK8m9M82O,GL383534.2,genbank_accession,GL383534.2
XemD97fxYMS4q-FBm_n5CHQgmzh1_67a,SQ.ZO3XajuY2WdIU8H0b3dSx5KYK8m9M82O,NW_003315922.2,refseq_accession,NW_003315922.2
XemD97fxYMS4q-FBm_n5CHQgmzh1_67a,SQ.ZO3XajuY2WdIU8H0b3dSx5KYK8m9M82O,HSCHR7_1_CTG6,seqcol_name,
XemD97fxYMS4q-FBm_n5CHQgmzh1_67a,SQ.ZO3XajuY2WdIU8H0b3dSx5KYK8m9M82O,chr7_GL383534v2_alt,ucsc,
XemD97fxYMS4q-FBm_n5CHQgmzh1_67a,SQ.ZQseIbEUD8dCRLWEIZ6beMfIgXhlYhTQ,KI270866.1,genbank_accession,KI270866.1
XemD97fxYMS4q-FBm_n5CHQgmzh1_67a,SQ.ZQseIbEUD8dCRLWEIZ6beMfIgXhlYhTQ,NT_187619.1,refseq_accession,NT_187619.1
XemD97fxYMS4q-FBm_n5CHQgmzh1_67a,SQ.ZQseIbEUD8dCRLWEIZ6beMfIgXhlYhTQ,HSCHR19_2_CTG3_1,seqcol_name,
XemD97fxYMS4q-FBm_n5CHQgmzh1_67a,SQ.ZQseIbEUD8dCRLWEIZ6beMfIgXhlYhTQ,chr19_KI270866v1_alt,ucsc,
XemD97fxYMS4q-FBm_n5CHQgmzh1_67a,SQ.ZYJJjBBGlSiWL1A3IO2pElqttFsmWCNr,GL383570.1,genbank_accession,GL383570.1
XemD97fxYMS4q-FBm_n5CHQgmzh1_67a,SQ.ZYJJjBBGlSiWL1A3IO2pElqttFsmWCNr,NW_003315959.1,refseq_accession,NW_003315959.1
XemD97fxYMS4q-FBm_n5CHQgmzh1_67a,SQ.ZYJJjBBGlSiWL1A3IO2pElqttFsmWCNr,HSCHR18_2_CTG1_1,seqcol_name,
XemD97fxYMS4q-FBm_n5CHQgmzh1_67a,SQ.ZYJJjBBGlSiWL1A3IO2pElqttFsmWCNr,chr18_GL383570v1_alt,ucsc,
XemD97fxYMS4q-FBm_n5CHQgmzh1_67a,SQ.ZnrUHnKSxcQrIWv4bOFa0eqgMWC_Yw0e,KI270831.1,genbank_accession,KI270831.1
XemD97fxYMS4q-FBm_n5CHQgmzh1_67a,SQ.ZnrUHnKSxcQrIWv4bOFa0eqgMWC_Yw0e,NT_187585.1,refseq_accession,NT_187585.1
XemD97fxYMS4q-FBm_n5CHQgmzh1_67a,SQ.ZnrUHnKSxcQrIWv4bOFa0eqgMWC_Yw0e,HSCHR11_1_CTG7,seqcol_name,
XemD97fxYMS4q-FBm_n5CHQgmzh1_67a,SQ.ZnrUHnKSxcQrIWv4bOFa0eqgMWC_Yw0e,chr11_KI270831v1_alt,ucsc,
XemD97fxYMS4q-FBm_n5CHQgmzh1_67a,SQ.Zu7h9AggXxhTaGVsy7h_EZSChSZGcmgX,CM000665.2,genbank_accession,CM000665.2
XemD97fxYMS4q-FBm_n5CHQgmzh1_67a,SQ.Zu7h9AggXxhTaGVsy7h_EZSChSZGcmgX,NC_000003.12,refseq_accession,NC_000003.12
XemD97fxYMS4q-FBm_n5CHQgmzh1_67a,SQ.Zu7h9AggXxhTaGVsy7h_EZSChSZGcmgX,3,seqcol_name,
XemD97fxYMS4q-FBm_n5CHQgmzh1_67a,SQ.Zu7h9AggXxhTaGVsy7h_EZSChSZGcmgX,chr3,ucsc,
XemD97fxYMS4q-FBm_n5CHQgmzh1_67a,SQ.ZzdPmdmqIveKAS0D-2hDsoCICQ2sMIvv,KI270835.1,genbank_accession,KI270835.1
XemD97fxYMS4q-FBm_n5CHQgmzh1_67a,SQ.ZzdPmdmqIveKAS0D-2hDsoCICQ2sMIvv,NT_187587.1,refseq_accession,NT_187587.1
XemD97fxYMS4q-FBm_n5CHQgmzh1_67a,SQ.ZzdPmdmqIveKAS0D-2hDsoCICQ2sMIvv,HSCHR12_4_CTG2,seqcol_name,
XemD97fxYMS4q-FBm_n5CHQgmzh1_67a,SQ.ZzdPmdmqIveKAS0D-2hDsoCICQ2sMIvv,chr12_KI270835v1_alt,ucsc,
XemD97fxYMS4q-FBm_n5CHQgmzh1_67a,SQ._0wi-qoDrvram155UmcSC-zA5ZK4fpLT,CM000675.2,genbank_accession,CM000675.2
XemD97fxYMS4q-FBm_n5CHQgmzh1_67a,SQ._0wi-qoDrvram155UmcSC-zA5ZK4fpLT,NC_000013.11,refseq_accession,NC_000013.11
XemD97fxYMS4q-FBm_n5CHQgmzh1_67a,SQ._0wi-qoDrvram155UmcSC-zA5ZK4fpLT,13,seqcol_name,
XemD97fxYMS4q-FBm_n5CHQgmzh1_67a,SQ._0wi-qoDrvram155UmcSC-zA5ZK4fpLT,chr13,ucsc,
XemD97fxYMS4q-FBm_n5CHQgmzh1_67a,SQ._8ce8l5F3z9WikmpRdxGAF7nV73j_ql6,KI270707.1,genbank_accession,KI270707.1
XemD97fxYMS4q-FBm_n5CHQgmzh1_67a,SQ._8ce8l5F3z9WikmpRdxGAF7nV73j_ql6,NT_187362.1,refseq_accession,NT_187362.1
XemD97fxYMS4q-FBm_n5CHQgmzh1_67a,SQ._8ce8l5F3z9WikmpRdxGAF7nV73j_ql6,HSCHR1_CTG2_UNLOCALIZED,seqcol_name,
XemD97fxYMS4q-FBm_n5CHQgmzh1_67a,SQ._8ce8l5F3z9WikmpRdxGAF7nV73j_ql6,chr1_KI270707v1_random,ucsc,
XemD97fxYMS4q-FBm_n5CHQgmzh1_67a,SQ._DBhLMwJA2gfyeylRgM2iQn0_j0D4ADp,KI270877.1,genbank_accession,KI270877.1
XemD97fxYMS4q-FBm_n5CHQgmzh1_67a,SQ._DBhLMwJA2gfyeylRgM2iQn0_j0D4ADp,NT_187631.1,refseq_accession,NT_187631.1
XemD97fxYMS4q-FBm_n5CHQgmzh1_67a,SQ._DBhLMwJA2gfyeylRgM2iQn0_j0D4ADp,HSCHR22_1_CTG5,seqcol_name,
XemD97fxYMS4q-FBm_n5CHQgmzh1_67a,SQ._DBhLMwJA2gfyeylRgM2iQn0_j0D4ADp,chr22_KI270877v1_alt,ucsc,
XemD97fxYMS4q-FBm_n5CHQgmzh1_67a,SQ._F7qq6EIa8n9etwFT0MelPnY7ggqXObL,KI270823.1,genbank_accession,KI270823.1
XemD97fxYMS4q-FBm_n5CHQgmzh1_67a,SQ._F7qq6EIa8n9etwFT0MelPnY7ggqXObL,NT_187578.1,refseq_accession,NT_187578.1
XemD97fxYMS4q-FBm_n5CHQgmzh1_67a,SQ._F7qq6EIa8n9etwFT0MelPnY7ggqXObL,HSCHR9_1_CTG5,seqcol_name,
XemD97fxYMS4q-FBm_n5CHQgmzh1_67a,SQ._F7qq6EIa8n9etwFT0MelPnY7ggqXObL,chr9_KI270823v1_alt,ucsc,
XemD97fxYMS4q-FBm_n5CHQgmzh1_67a,SQ._d5lr3gQr1_trmVx4lU81rTEN8xNLmxc,KI270723.1,genbank_accession,KI270723.1
XemD97fxYMS4q-FBm_n5CHQgmzh1_67a,SQ._d5lr3gQr1_trmVx4lU81rTEN8xNLmxc,NT_187378.1,refseq_accession,NT_187378.1
XemD97fxYMS4q-FBm_n5CHQgmzh1_67a,SQ._d5lr3gQr1_trmVx4lU81rTEN8xNLmxc,HSCHR14_CTG5_UNLOCALIZED,seqcol_name,
XemD97fxYMS4q-FBm_n5CHQgmzh1_67a,SQ._d5lr3gQr1_trmVx4lU81rTEN8xNLmxc,chr14_KI270723v1_random,ucsc,
XemD97fxYMS4q-FBm_n5CHQgmzh1_67a,SQ._lEIvT8iHL5XGdl6XibP4GC1MeBuoEiD,GL383573.1,genbank_accession,GL383573.1
XemD97fxYMS4q-FBm_n5CHQgmzh1_67a,SQ._lEIvT8iHL5XGdl6XibP4GC1MeBuoEiD,NW_003315962.1,refseq_accession,NW_003315962.1
XemD97fxYMS4q-FBm_n5CHQgmzh1_67a,SQ._lEIvT8iHL5XGdl6XibP4GC1MeBuoEiD,HSCHR19_1_CTG2,seqcol_name,
XemD97fxYMS4q-FBm_n5CHQgmzh1_67a,SQ._lEIvT8iHL5XGdl6XibP4GC1MeBuoEiD,chr19_GL383573v1_alt,ucsc,
XemD97fxYMS4q-FBm_n5CHQgmzh1_67a,SQ._p9ZPa9IFQpNALN115Fk8rkeINRuru4W,KI270851.1,genbank_accession,KI270851.1
XemD97fxYMS4q-FBm_n5CHQgmzh1_67a,SQ._p9ZPa9IFQpNALN115Fk8rkeINRuru4W,NT_187604.1,refseq_accession,NT_187604.1
XemD97fxYMS4q-FBm_n5CHQgmzh1_67a,SQ._p9ZPa9IFQpNALN115Fk8rkeINRuru4W,HSCHR15_3_CTG3,seqcol_name,
XemD97fxYMS4q-FBm_n5CHQgmzh1_67a,SQ._p9ZPa9IFQpNALN115Fk8rkeINRuru4W,chr15_KI270851v1_alt,ucsc,
XemD97fxYMS4q-FBm_n5CHQgmzh1_67a,SQ._wNUiX0LIo1uYKZoD4kjSsXJmjzz042h,KI270892.1,genbank_accession,KI270892.1
XemD97fxYMS4q-FBm_n5CHQgmzh1_67a,SQ._wNUiX0LIo1uYKZoD4kjSsXJmjzz042h,NT_187646.1,refseq_accession,NT_187646.1
XemD97fxYMS4q-FBm_n5CHQgmzh1_67a,SQ._wNUiX0LIo1uYKZoD4kjSsXJmjzz042h,HSCHR1_ALT2_1_CTG32_1,seqcol_name,
XemD97fxYMS4q-FBm_n5CHQgmzh1_67a,SQ._wNUiX0LIo1uYKZoD4kjSsXJmjzz042h,chr1_KI270892v1_alt,ucsc,
XemD97fxYMS4q-FBm_n5CHQgmzh1_67a,SQ.aIC_CWyHqvjSCj1cl9xwoYvDu0CD4CRX,KI270726.1,genbank_accession,KI270726.1
XemD97fxYMS4q-FBm_n5CHQgmzh1_67a,SQ.aIC_CWyHqvjSCj1cl9xwoYvDu0CD4CRX,NT_187381.1,refseq_accession,NT_187381.1
XemD97fxYMS4q-FBm_n5CHQgmzh1_67a,SQ.aIC_CWyHqvjSCj1cl9xwoYvDu0CD4CRX,HSCHR14_CTG8_UNLOCALIZED,seqcol_name,
XemD97fxYMS4q-FBm_n5CHQgmzh1_67a,SQ.aIC_CWyHqvjSCj1cl9xwoYvDu0CD4CRX,chr14_KI270726v1_random,ucsc,
XemD97fxYMS4q-FBm_n5CHQgmzh1_67a,SQ.aTXRWgChxFp-RQF09Rb_ICg_3AEcSY1y,KI270417.1,genbank_accession,KI270417.1
XemD97fxYMS4q-FBm_n5CHQgmzh1_67a,SQ.aTXRWgChxFp-RQF09Rb_ICg_3AEcSY1y,NT_187415.1,refseq_accession,NT_187415.1
XemD97fxYMS4q-FBm_n5CHQgmzh1_67a,SQ.aTXRWgChxFp-RQF09Rb_ICg_3AEcSY1y,HSCHRUN_RANDOM_119,seqcol_name,
XemD97fxYMS4q-FBm_n5CHQgmzh1_67a,SQ.aTXRWgChxFp-RQF09Rb_ICg_3AEcSY1y,chrUn_KI270417v1,ucsc,
XemD97fxYMS4q-FBm_n5CHQgmzh1_67a,SQ.aUiQCzCPZ2d0csHbMSbh2NzInhonSXwI,CM000667.2,genbank_accession,CM000667.2
XemD97fxYMS4q-FBm_n5CHQgmzh1_67a,SQ.aUiQCzCPZ2d0csHbMSbh2NzInhonSXwI,NC_000005.10,refseq_accession,NC_000005.10
XemD97fxYMS4q-FBm_n5CHQgmzh1_67a,SQ.aUiQCzCPZ2d0csHbMSbh2NzInhonSXwI,5,seqcol_name,
XemD97fxYMS4q-FBm_n5CHQgmzh1_67a,SQ.aUiQCzCPZ2d0csHbMSbh2NzInhonSXwI,chr5,ucsc,
XemD97fxYMS4q-FBm_n5CHQgmzh1_67a,SQ.aW8UVG5HFRf7LTM7RL4t9XmazcDk-0sV,KI270742.1,genbank_accession,KI270742.1
XemD97fxYMS4q-FBm_n5CHQgmzh1_67a,SQ.aW8UVG5HFRf7LTM7RL4t9XmazcDk-0sV,NT_187513.1,refseq_accession,NT_187513.1
XemD97fxYMS4q-FBm_n5CHQgmzh1_67a,SQ.aW8UVG5HFRf7LTM7RL4t9XmazcDk-0sV,HSCHRUN_RANDOM_CTG42,seqcol_name,
XemD97fxYMS4q-FBm_n5CHQgmzh1_67a,SQ.aW8UVG5HFRf7LTM7RL4t9XmazcDk-0sV,chrUn_KI270742v1,ucsc,
XemD97fxYMS4q-FBm_n5CHQgmzh1_67a,SQ.au9Wj9AQZTJdljZ35xQkr5s5SbLOrGDT,GL000008.2,genbank_accession,GL000008.2
XemD97fxYMS4q-FBm_n5CHQgmzh1_67a,SQ.au9Wj9AQZTJdljZ35xQkr5s5SbLOrGDT,NT_113793.3,refseq_accession,NT_113793.3
XemD97fxYMS4q-FBm_n5CHQgmzh1_67a,SQ.au9Wj9AQZTJdljZ35xQkr5s5SbLOrGDT,HSCHR4_RANDOM_CTG4,seqcol_name,
XemD97fxYMS4q-FBm_n5CHQgmzh1_67a,SQ.au9Wj9AQZTJdljZ35xQkr5s5SbLOrGDT,chr4_GL000008v2_random,ucsc,
XemD97fxYMS4q-FBm_n5CHQgmzh1_67a,SQ.b5d7dSEHLxpJni97NTBxDyUvjPeOpikI,GL383546.1,genbank_accession,GL383546.1
XemD97fxYMS4q-FBm_n5CHQgmzh1_67a,SQ.b5d7dSEHLxpJni97NTBxDyUvjPeOpikI,NW_003315935.1,refseq_accession,NW_003315935.1
XemD97fxYMS4q-FBm_n5CHQgmzh1_67a,SQ.b5d7dSEHLxpJni97NTBxDyUvjPeOpikI,HSCHR10_1_CTG2,seqcol_name,
XemD97fxYMS4q-FBm_n5CHQgmzh1_67a,SQ.b5d7dSEHLxpJni97NTBxDyUvjPeOpikI,chr10_GL383546v1_alt,ucsc,
XemD97fxYMS4q-FBm_n5CHQgmzh1_67a,SQ.b85GOvHcLhKB5UzO54jFwrXe2HKwfQab,KI270728.1,genbank_accession,KI270728.1
XemD97fxYMS4q-FBm_n5CHQgmzh1_67a,SQ.b85GOvHcLhKB5UzO54jFwrXe2HKwfQab,NT_187383.1,refseq_accession,NT_187383.1
XemD97fxYMS4q-FBm_n5CHQgmzh1_67a,SQ.b85GOvHcLhKB5UzO54jFwrXe2HKwfQab,HSCHR16_RANDOM_CTG1,seqcol_name,
XemD97fxYMS4q-FBm_n5CHQgmzh1_67a,SQ.b85GOvHcLhKB5UzO54jFwrXe2HKwfQab,chr16_KI270728v1_random,ucsc,
XemD97fxYMS4q-FBm_n5CHQgmzh1_67a,SQ.bAikpwm12fZoFQY6r7h9nwuqA-W519qc,KI270389.1,genbank_accession,KI270389.1
XemD97fxYMS4q-FBm_n5CHQgmzh1_67a,SQ.bAikpwm12fZoFQY6r7h9nwuqA-W519qc,NT_187473.1,refseq_accession,NT_187473.1
XemD97fxYMS4q-FBm_n5CHQgmzh1_67a,SQ.bAikpwm12fZoFQY6r7h9nwuqA-W519qc,HSCHRUN_RANDOM_181,seqcol_name,
XemD97fxYMS4q-FBm_n5CHQgmzh1_67a,SQ.bAikpwm12fZoFQY6r7h9nwuqA-W519qc,chrUn_KI270389v1,ucsc,
XemD97fxYMS4q-FBm_n5CHQgmzh1_67a,SQ.bKYNl83yLynDj6VARTeJYmgXb_8pL4-N,KI270588.1,genbank_accession,KI270588.1
XemD97fxYMS4q-FBm_n5CHQgmzh1_67a,SQ.bKYNl83yLynDj6VARTeJYmgXb_8pL4-N,NT_187455.1,refseq_accession,NT_187455.1
XemD97fxYMS4q-FBm_n5CHQgmzh1_67a,SQ.bKYNl83yLynDj6VARTeJYmgXb_8pL4-N,HSCHRUN_RANDOM_163,seqcol_name,
XemD97fxYMS4q-FBm_n5CHQgmzh1_67a,SQ.bKYNl83yLynDj6VARTeJYmgXb_8pL4-N,chrUn_KI270588v1,ucsc,
XemD97fxYMS4q-FBm_n5CHQgmzh1_67a,SQ.bRYaT5HlTMUTpUWpM4jKan96syvtKX3S,GL383518.1,genbank_accession,GL383518.1
XemD97fxYMS4q-FBm_n5CHQgmzh1_67a,SQ.bRYaT5HlTMUTpUWpM4jKan96syvtKX3S,NW_003315905.1,refseq_accession,NW_003315905.1
XemD97fxYMS4q-FBm_n5CHQgmzh1_67a,SQ.bRYaT5HlTMUTpUWpM4jKan96syvtKX3S,HSCHR1_1_CTG31,seqcol_name,
XemD97fxYMS4q-FBm_n5CHQgmzh1_67a,SQ.bRYaT5HlTMUTpUWpM4jKan96syvtKX3S,chr1_GL383518v1_alt,ucsc,
XemD97fxYMS4q-FBm_n5CHQgmzh1_67a,SQ.b_YNuCEG0D36IeVru2r6N7eRginchgnT,KI270374.1,genbank_accession,KI270374.1
XemD97fxYMS4q-FBm_n5CHQgmzh1_67a,SQ.b_YNuCEG0D36IeVru2r6N7eRginchgnT,NT_187490.1,refseq_accession,NT_187490.1
XemD97fxYMS4q-FBm_n5CHQgmzh1_67a,SQ.b_YNuCEG0D36IeVru2r6N7eRginchgnT,HSCHRUN_RANDOM_198,seqcol_name,
XemD97fxYMS4q-FBm_n5CHQgmzh1_67a,SQ.b_YNuCEG0D36IeVru2r6N7eRginchgnT,chrUn_KI270374v1,ucsc,
XemD97fxYMS4q-FBm_n5CHQgmzh1_67a,SQ.bmj6ZNLywBdBQAT_MPbShYgYkxalJOtc,KI270712.1,genbank_accession,KI270712.1
XemD97fxYMS4q-FBm_n5CHQgmzh1_67a,SQ.bmj6ZNLywBdBQAT_MPbShYgYkxalJOtc,NT_187367.1,refseq_accession,NT_187367.1
XemD97fxYMS4q-FBm_n5CHQgmzh1_67a,SQ.bmj6ZNLywBdBQAT_MPbShYgYkxalJOtc,HSCHR1_CTG7_UNLOCALIZED,seqcol_name,
XemD97fxYMS4q-FBm_n5CHQgmzh1_67a,SQ.bmj6ZNLywBdBQAT_MPbShYgYkxalJOtc,chr1_KI270712v1_random,ucsc,
XemD97fxYMS4q-FBm_n5CHQgmzh1_67a,SQ.buP2JSI5lAEk8i2XtyuGWf94SwMg13cZ,GL383531.1,genbank_accession,GL383531.1
XemD97fxYMS4q-FBm_n5CHQgmzh1_67a,SQ.buP2JSI5lAEk8i2XtyuGWf94SwMg13cZ,NW_003315919.1,refseq_accession,NW_003315919.1
XemD97fxYMS4q-FBm_n5CHQgmzh1_67a,SQ.buP2JSI5lAEk8i2XtyuGWf94SwMg13cZ,HSCHR5_1_CTG5,seqcol_name,
XemD97fxYMS4q-FBm_n5CHQgmzh1_67a,SQ.buP2JSI5lAEk8i2XtyuGWf94SwMg13cZ,chr5_GL383531v1_alt,ucsc,
XemD97fxYMS4q-FBm_n5CHQgmzh1_67a,SQ.bw9OPnim5Pk-DVhl06CK4_rdk92ET07a,KI270510.1,genbank_accession,KI270510.1
XemD97fxYMS4q-FBm_n5CHQgmzh1_67a,SQ.bw9OPnim5Pk-DVhl06CK4_rdk92ET07a,NT_187427.1,refseq_accession,NT_187427.1
XemD97fxYMS4q-FBm_n5CHQgmzh1_67a,SQ.bw9OPnim5Pk-DVhl06CK4_rdk92ET07a,HSCHRUN_RANDOM_131,seqcol_name,
XemD97fxYMS4q-FBm_n5CHQgmzh1_67a,SQ.bw9OPnim5Pk-DVhl06CK4_rdk92ET07a,chrUn_KI270510v1,ucsc,
XemD97fxYMS4q-FBm_n5CHQgmzh1_67a,SQ.c4RwKvyuoOY9ze9WWPojiKz6r2znHArq,GL000214.1,genbank_accession,GL000214.1
XemD97fxYMS4q-FBm_n5CHQgmzh1_67a,SQ.c4RwKvyuoOY9ze9WWPojiKz6r2znHArq,NT_167209.1,refseq_accession,NT_167209.1
XemD97fxYMS4q-FBm_n5CHQgmzh1_67a,SQ.c4RwKvyuoOY9ze9WWPojiKz6r2znHArq,HSCHRUN_RANDOM_CTG4,seqcol_name,
XemD97fxYMS4q-FBm_n5CHQgmzh1_67a,SQ.c4RwKvyuoOY9ze9WWPojiKz6r2znHArq,chrUn_GL000214v1,ucsc,
XemD97fxYMS4q-FBm_n5CHQgmzh1_67a,SQ.cACt-RmXgBRdwPfOzltFbwDwKoo_GuMn,KI270738.1,genbank_accession,KI270738.1
XemD97fxYMS4q-FBm_n5CHQgmzh1_67a,SQ.cACt-RmXgBRdwPfOzltFbwDwKoo_GuMn,NT_187393.1,refseq_accession,NT_187393.1
XemD97fxYMS4q-FBm_n5CHQgmzh1_67a,SQ.cACt-RmXgBRdwPfOzltFbwDwKoo_GuMn,HSCHR22_UNLOCALIZED_CTG8,seqcol_name,
XemD97fxYMS4q-FBm_n5CHQgmzh1_67a,SQ.cACt-RmXgBRdwPfOzltFbwDwKoo_GuMn,chr22_KI270738v1_random,ucsc,
XemD97fxYMS4q-FBm_n5CHQgmzh1_67a,SQ.cPOX8Z3igOlha4B0FejV2VHl_yiwRfAU,KI270334.1,genbank_accession,KI270334.1
XemD97fxYMS4q-FBm_n5CHQgmzh1_67a,SQ.cPOX8Z3igOlha4B0FejV2VHl_yiwRfAU,NT_187460.1,refseq_accession,NT_187460.1
XemD97fxYMS4q-FBm_n5CHQgmzh1_67a,SQ.cPOX8Z3igOlha4B0FejV2VHl_yiwRfAU,HSCHRUN_RANDOM_168,seqcol_name,
XemD97fxYMS4q-FBm_n5CHQgmzh1_67a,SQ.cPOX8Z3igOlha4B0FejV2VHl_yiwRfAU,chrUn_KI270334v1,ucsc,
XemD97fxYMS4q-FBm_n5CHQgmzh1_67a,SQ.cXqcpuOSHTdygQCaHEQJmhIpLUMSzhdJ,KI270839.1,genbank_accession,KI270839.1
XemD97fxYMS4q-FBm_n5CHQgmzh1_67a,SQ.cXqcpuOSHTdygQCaHEQJmhIpLUMSzhdJ,NT_187593.1,refseq_accession,NT_187593.1
XemD97fxYMS4q-FBm_n5CHQgmzh1_67a,SQ.cXqcpuOSHTdygQCaHEQJmhIpLUMSzhdJ,HSCHR13_1_CTG2,seqcol_name,
XemD97fxYMS4q-FBm_n5CHQgmzh1_67a,SQ.cXqcpuOSHTdygQCaHEQJmhIpLUMSzhdJ,chr13_KI270839v1_alt,ucsc,
XemD97fxYMS4q-FBm_n5CHQgmzh1_67a,SQ.clM4cQc78Opxpec7OgoJPN9UBe6YZb1b,GL383554.1,genbank_accession,GL383554.1
XemD97fxYMS4q-FBm_n5CHQgmzh1_67a,SQ.clM4cQc78Opxpec7OgoJPN9UBe6YZb1b,NW_003315943.1,refseq_accession,NW_003315943.1
XemD97fxYMS4q-FBm_n5CHQgmzh1_67a,SQ.clM4cQc78Opxpec7OgoJPN9UBe6YZb1b,HSCHR15_1_CTG8,seqcol_name,
XemD97fxYMS4q-FBm_n5CHQgmzh1_67a,SQ.clM4cQc78Opxpec7OgoJPN9UBe6YZb1b,chr15_GL383554v1_alt,ucsc,
XemD97fxYMS4q-FBm_n5CHQgmzh1_67a,SQ.ct4VqcTMtYup2ZmAk0LRpGvzDp_E3sq5,KI270931.1,genbank_accession,KI270931.1
XemD97fxYMS4q-FBm_n5CHQgmzh1_67a,SQ.ct4VqcTMtYup2ZmAk0LRpGvzDp_E3sq5,NT_187685.1,refseq_accession,NT_187685.1
XemD97fxYMS4q-FBm_n5CHQgmzh1_67a,SQ.ct4VqcTMtYup2ZmAk0LRpGvzDp_E3sq5,HSCHR19KIR_FH13_A_HAP_CTG3_1,seqcol_name,
XemD97fxYMS4q-FBm_n5CHQgmzh1_67a,SQ.ct4VqcTMtYup2ZmAk0LRpGvzDp_E3sq5,chr19_KI270931v1_alt,ucsc,
XemD97fxYMS4q-FBm_n5CHQgmzh1_67a,SQ.cufLdFcVlV7oAkQv33aPv_cMjDtaY77f,KI270731.1,genbank_accession,KI270731.1
XemD97fxYMS4q-FBm_n5CHQgmzh1_67a,SQ.cufLdFcVlV7oAkQv33aPv_cMjDtaY77f,NT_187386.1,refseq_accession,NT_187386.1
XemD97fxYMS4q-FBm_n5CHQgmzh1_67a,SQ.cufLdFcVlV7oAkQv33aPv_cMjDtaY77f,HSCHR22_UNLOCALIZED_CTG1,seqcol_name,
XemD97fxYMS4q-FBm_n5CHQgmzh1_67a,SQ.cufLdFcVlV7oAkQv33aPv_cMjDtaY77f,chr22_KI270731v1_random,ucsc,
XemD97fxYMS4q-FBm_n5CHQgmzh1_67a,SQ.czO0uwJ6D8tZofzgHPDVnGO6bfq-kYNX,GL000219.1,genbank_accession,GL000219.1
XemD97fxYMS4q-FBm_n5CHQgmzh1_67a,SQ.czO0uwJ6D8tZofzgHPDVnGO6bfq-kYNX,NT_167213.1,refseq_accession,NT_167213.1
XemD97fxYMS4q-FBm_n5CHQgmzh1_67a,SQ.czO0uwJ6D8tZofzgHPDVnGO6bfq-kYNX,HSCHRUN_RANDOM_CTG10,seqcol_name,
XemD97fxYMS4q-FBm_n5CHQgmzh1_67a,SQ.czO0uwJ6D8tZofzgHPDVnGO6bfq-kYNX,chrUn_GL000219v1,ucsc,
XemD97fxYMS4q-FBm_n5CHQgmzh1_67a,SQ.d33Gokdy_6YFgMIVuEXUlt5fTpuKdjRN,KI270843.1,genbank_accession,KI270843.1
XemD97fxYMS4q-FBm_n5CHQgmzh1_67a,SQ.d33Gokdy_6YFgMIVuEXUlt5fTpuKdjRN,NT_187597.1,refseq_accession,NT_187597.1
XemD97fxYMS4q-FBm_n5CHQgmzh1_67a,SQ.d33Gokdy_6YFgMIVuEXUlt5fTpuKdjRN,HSCHR13_1_CTG6,seqcol_name,
XemD97fxYMS4q-FBm_n5CHQgmzh1_67a,SQ.d33Gokdy_6YFgMIVuEXUlt5fTpuKdjRN,chr13_KI270843v1_alt,ucsc,
XemD97fxYMS4q-FBm_n5CHQgmzh1_67a,SQ.d34Ol6qoNpL78UaEVKAmpG-90k4ncP_V,GL000251.2,genbank_accession,GL000251.2
XemD97fxYMS4q-FBm_n5CHQgmzh1_67a,SQ.d34Ol6qoNpL78UaEVKAmpG-90k4ncP_V,NT_113891.3,refseq_accession,NT_113891.3
XemD97fxYMS4q-FBm_n5CHQgmzh1_67a,SQ.d34Ol6qoNpL78UaEVKAmpG-90k4ncP_V,HSCHR6_MHC_COX_CTG1,seqcol_name,
XemD97fxYMS4q-FBm_n5CHQgmzh1_67a,SQ.d34Ol6qoNpL78UaEVKAmpG-90k4ncP_V,chr6_GL000251v2_alt,ucsc,
XemD97fxYMS4q-FBm_n5CHQgmzh1_67a,SQ.dDz3JalgHwXRsYlNxzBuVzCgt7a-_lfA,KI270785.1,genbank_accession,KI270785.1
XemD97fxYMS4q-FBm_n5CHQgmzh1_67a,SQ.dDz3JalgHwXRsYlNxzBuVzCgt7a-_lfA,NT_187542.1,refseq_accession,NT_187542.1
XemD97fxYMS4q-FBm_n5CHQgmzh1_67a,SQ.dDz3JalgHwXRsYlNxzBuVzCgt7a-_lfA,HSCHR4_2_CTG12,seqcol_name,
XemD97fxYMS4q-FBm_n5CHQgmzh1_67a,SQ.dDz3JalgHwXRsYlNxzBuVzCgt7a-_lfA,chr4_KI270785v1_alt,ucsc,
XemD97fxYMS4q-FBm_n5CHQgmzh1_67a,SQ.dEH0fJtUnIxkyUq1EaNH_NbLIl6v54Md,KI270732.1,genbank_accession,KI270732.1
XemD97fxYMS4q-FBm_n5CHQgmzh1_67a,SQ.dEH0fJtUnIxkyUq1EaNH_NbLIl6v54Md,NT_187387.1,refseq_accession,NT_187387.1
XemD97fxYMS4q-FBm_n5CHQgmzh1_67a,SQ.dEH0fJtUnIxkyUq1EaNH_NbLIl6v54Md,HSCHR22_UNLOCALIZED_CTG2,seqcol_name,
XemD97fxYMS4q-FBm_n5CHQgmzh1_67a,SQ.dEH0fJtUnIxkyUq1EaNH_NbLIl6v54Md,chr22_KI270732v1_random,ucsc,
XemD97fxYMS4q-FBm_n5CHQgmzh1_67a,SQ.dJ5csUbtg77TYUcOaKaJSdpIYaWbFuKw,KI270876.1,genbank_accession,KI270876.1
XemD97fxYMS4q-FBm_n5CHQgmzh1_67a,SQ.dJ5csUbtg77TYUcOaKaJSdpIYaWbFuKw,NT_187630.1,refseq_accession,NT_187630.1
XemD97fxYMS4q-FBm_n5CHQgmzh1_67a,SQ.dJ5csUbtg77TYUcOaKaJSdpIYaWbFuKw,HSCHR22_1_CTG4,seqcol_name,
XemD97fxYMS4q-FBm_n5CHQgmzh1_67a,SQ.dJ5csUbtg77TYUcOaKaJSdpIYaWbFuKw,chr22_KI270876v1_alt,ucsc,
XemD97fxYMS4q-FBm_n5CHQgmzh1_67a,SQ.dLZ15tNO1Ur0IcGjwc3Sdi_0A6Yf4zm7,CM000679.2,genbank_accession,CM000679.2
XemD97fxYMS4q-FBm_n5CHQgmzh1_67a,SQ.dLZ15tNO1Ur0IcGjwc3Sdi_0A6Yf4zm7,NC_000017.11,refseq_accession,NC_000017.11
XemD97fxYMS4q-FBm_n5CHQgmzh1_67a,SQ.dLZ15tNO1Ur0IcGjwc3Sdi_0A6Yf4zm7,17,seqcol_name,
XemD97fxYMS4q-FBm_n5CHQgmzh1_67a,SQ.dLZ15tNO1Ur0IcGjwc3Sdi_0A6Yf4zm7,chr17,ucsc,
XemD97fxYMS4q-FBm_n5CHQgmzh1_67a,SQ.dLc_hFQMD4mA0XaddSks68eyXxdWxkAG,KI270735.1,genbank_accession,KI270735.1
XemD97fxYMS4q-FBm_n5CHQgmzh1_67a,SQ.dLc_hFQMD4mA0XaddSks68eyXxdWxkAG,NT_187390.1,refseq_accession,NT_187390.1
XemD97fxYMS4q-FBm_n5CHQgmzh1_67a,SQ.dLc_hFQMD4mA0XaddSks68eyXxdWxkAG,HSCHR22_UNLOCALIZED_CTG5,seqcol_name,
XemD97fxYMS4q-FBm_n5CHQgmzh1_67a,SQ.dLc_hFQMD4mA0XaddSks68eyXxdWxkAG,chr22_KI270735v1_random,ucsc,
XemD97fxYMS4q-FBm_n5CHQgmzh1_67a,SQ.dNAzYYuHaSQ_6iwhuEYf94VZWJ8EAeDG,KI270937.1,genbank_accession,KI270937.1
XemD97fxYMS4q-FBm_n5CHQgmzh1_67a,SQ.dNAzYYuHaSQ_6iwhuEYf94VZWJ8EAeDG,NT_187691.1,refseq_accession,NT_187691.1
XemD97fxYMS4q-FBm_n5CHQgmzh1_67a,SQ.dNAzYYuHaSQ_6iwhuEYf94VZWJ8EAeDG,HSCHR3_8_CTG3,seqcol_name,
XemD97fxYMS4q-FBm_n5CHQgmzh1_67a,SQ.dNAzYYuHaSQ_6iwhuEYf94VZWJ8EAeDG,chr3_KI270937v1_alt,ucsc,
XemD97fxYMS4q-FBm_n5CHQgmzh1_67a,SQ.dPmhKFyWbv8liK3JAPY0D-eaKEBOk_t0,KI270372.1,genbank_accession,KI270372.1
XemD97fxYMS4q-FBm_n5CHQgmzh1_67a,SQ.dPmhKFyWbv8liK3JAPY0D-eaKEBOk_t0,NT_187491.1,refseq_accession,NT_187491.1
XemD97fxYMS4q-FBm_n5CHQgmzh1_67a,SQ.dPmhKFyWbv8liK3JAPY0D-eaKEBOk_t0,HSCHRUN_RANDOM_199,seqcol_name,
XemD97fxYMS4q-FBm_n5CHQgmzh1_67a,SQ.dPmhKFyWbv8liK3JAPY0D-eaKEBOk_t0,chrUn_KI270372v1,ucsc,
XemD97fxYMS4q-FBm_n5CHQgmzh1_67a,SQ.dZTKCwLCSf-DUdBmvMsuNHS_vCstw8s0,KI270748.1,genbank_accession,KI270748.1
XemD97fxYMS4q-FBm_n5CHQgmzh1_67a,SQ.dZTKCwLCSf-DUdBmvMsuNHS_vCstw8s0,NT_187503.1,refseq_accession,NT_187503.1
XemD97fxYMS4q-FBm_n5CHQgmzh1_67a,SQ.dZTKCwLCSf-DUdBmvMsuNHS_vCstw8s0,HSCHRUN_RANDOM_CTG25,seqcol_name,
XemD97fxYMS4q-FBm_n5CHQgmzh1_67a,SQ.dZTKCwLCSf-DUdBmvMsuNHS_vCstw8s0,chrUn_KI270748v1,ucsc,
XemD97fxYMS4q-FBm_n5CHQgmzh1_67a,SQ.diw0dVVktKxaPm425ZEKf3FrA3fmGmMg,KI270768.1,genbank_accession,KI270768.1
XemD97fxYMS4q-FBm_n5CHQgmzh1_67a,SQ.diw0dVVktKxaPm425ZEKf3FrA3fmGmMg,NT_187528.1,refseq_accession,NT_187528.1
XemD97fxYMS4q-FBm_n5CHQgmzh1_67a,SQ.diw0dVVktKxaPm425ZEKf3FrA3fmGmMg,HSCHR2_3_CTG7_2,seqcol_name,
XemD97fxYMS4q-FBm_n5CHQgmzh1_67a,SQ.diw0dVVktKxaPm425ZEKf3FrA3fmGmMg,chr2_KI270768v1_alt,ucsc,
XemD97fxYMS4q-FBm_n5CHQgmzh1_67a,SQ.dj2HV8_ASYLU3cdll0otT1NUD3Zg9qXh,KI270739.1,genbank_accession,KI270739.1
XemD97fxYMS4q-FBm_n5CHQgmzh1_67a,SQ.dj2HV8_ASYLU3cdll0otT1NUD3Zg9qXh,NT_187394.1,refseq_accession,NT_187394.1
XemD97fxYMS4q-FBm_n5CHQgmzh1_67a,SQ.dj2HV8_ASYLU3cdll0otT1NUD3Zg9qXh,HSCHR22_UNLOCALIZED_CTG9,seqcol_name,
XemD97fxYMS4q-FBm_n5CHQgmzh1_67a,SQ.dj2HV8_ASYLU3cdll0otT1NUD3Zg9qXh,chr22_KI270739v1_random,ucsc,
XemD97fxYMS4q-FBm_n5CHQgmzh1_67a,SQ.dlLml9pNnpyBkve6cCmHT8TxyJbbIRot,KI270924.1,genbank_accession,KI270924.1
XemD97fxYMS4q-FBm_n5CHQgmzh1_67a,SQ.dlLml9pNnpyBkve6cCmHT8TxyJbbIRot,NT_187678.1,refseq_accession,NT_187678.1
XemD97fxYMS4q-FBm_n5CHQgmzh1_67a,SQ.dlLml9pNnpyBkve6cCmHT8TxyJbbIRot,HSCHR3_4_CTG3,seqcol_name,
XemD97fxYMS4q-FBm_n5CHQgmzh1_67a,SQ.dlLml9pNnpyBkve6cCmHT8TxyJbbIRot,chr3_KI270924v1_alt,ucsc,
XemD97fxYMS4q-FBm_n5CHQgmzh1_67a,SQ.dv28DR88BtaiPqzTm3kiIrbxSY7riEPE,KI270777.1,genbank_accession,KI270777.1
XemD97fxYMS4q-FBm_n5CHQgmzh1_67a,SQ.dv28DR88BtaiPqzTm3kiIrbxSY7riEPE,NT_187533.1,refseq_accession,NT_187533.1
XemD97fxYMS4q-FBm_n5CHQgmzh1_67a,SQ.dv28DR88BtaiPqzTm3kiIrbxSY7riEPE,HSCHR3_2_CTG2_1,seqcol_name,
XemD97fxYMS4q-FBm_n5CHQgmzh1_67a,SQ.dv28DR88BtaiPqzTm3kiIrbxSY7riEPE,chr3_KI270777v1_alt,ucsc,
XemD97fxYMS4q-FBm_n5CHQgmzh1_67a,SQ.eK4D2MosgK_ivBkgi6FVPg5UXs1bYESm,CM000676.2,genbank_accession,CM000676.2
XemD97fxYMS4q-FBm_n5CHQgmzh1_67a,SQ.eK4D2MosgK_ivBkgi6FVPg5UXs1bYESm,NC_000014.9,refseq_accession,NC_000014.9
XemD97fxYMS4q-FBm_n5CHQgmzh1_67a,SQ.eK4D2MosgK_ivBkgi6FVPg5UXs1bYESm,14,seqcol_name,
XemD97fxYMS4q-FBm_n5CHQgmzh1_67a,SQ.eK4D2MosgK_ivBkgi6FVPg5UXs1bYESm,chr14,ucsc,
XemD97fxYMS4q-FBm_n5CHQgmzh1_67a,SQ.e_yiZOTpBLWIC3EqA1n_SgveVxgn4g8b,KI270805.1,genbank_accession,KI270805.1
XemD97fxYMS4q-FBm_n5CHQgmzh1_67a,SQ.e_yiZOTpBLWIC3EqA1n_SgveVxgn4g8b,NT_187560.1,refseq_accession,NT_187560.1
XemD97fxYMS4q-FBm_n5CHQgmzh1_67a,SQ.e_yiZOTpBLWIC3EqA1n_SgveVxgn4g8b,HSCHR7_1_CTG7,seqcol_name,
XemD97fxYMS4q-FBm_n5CHQgmzh1_67a,SQ.e_yiZOTpBLWIC3EqA1n_SgveVxgn4g8b,chr7_KI270805v1_alt,ucsc,
XemD97fxYMS4q-FBm_n5CHQgmzh1_67a,SQ.eiNRy0nVH47HBRsjf7s3dDjB7WXIL2pV,KI270466.1,genbank_accession,KI270466.1
XemD97fxYMS4q-FBm_n5CHQgmzh1_67a,SQ.eiNRy0nVH47HBRsjf7s3dDjB7WXIL2pV,NT_187421.1,refseq_accession,NT_187421.1
XemD97fxYMS4q-FBm_n5CHQgmzh1_67a,SQ.eiNRy0nVH47HBRsjf7s3dDjB7WXIL2pV,HSCHRUN_RANDOM_125,seqcol_name,
XemD97fxYMS4q-FBm_n5CHQgmzh1_67a,SQ.eiNRy0nVH47HBRsjf7s3dDjB7WXIL2pV,chrUn_KI270466v1,ucsc,
XemD97fxYMS4q-FBm_n5CHQgmzh1_67a,SQ.eoMIu0vekNCOHBLKD0EwW7XJp-siHEGF,GL339449.2,genbank_accession,GL339449.2
XemD97fxYMS4q-FBm_n5CHQgmzh1_67a,SQ.eoMIu0vekNCOHBLKD0EwW7XJp-siHEGF,NW_003315917.2,refseq_accession,NW_003315917.2
XemD97fxYMS4q-FBm_n5CHQgmzh1_67a,SQ.eoMIu0vekNCOHBLKD0EwW7XJp-siHEGF,HSCHR5_2_CTG1_1,seqcol_name,
XemD97fxYMS4q-FBm_n5CHQgmzh1_67a,SQ.eoMIu0vekNCOHBLKD0EwW7XJp-siHEGF,chr5_GL339449v2_alt,ucsc,
XemD97fxYMS4q-FBm_n5CHQgmzh1_67a,SQ.f8nrtmxvSZYRYd84R7Nrn4_S9K37IWo8,KI270769.1,genbank_accession,KI270769.1
XemD97fxYMS4q-FBm_n5CHQgmzh1_67a,SQ.f8nrtmxvSZYRYd84R7Nrn4_S9K37IWo8,NT_187522.1,refseq_accession,NT_187522.1
XemD97fxYMS4q-FBm_n5CHQgmzh1_67a,SQ.f8nrtmxvSZYRYd84R7Nrn4_S9K37IWo8,HSCHR2_1_CTG1,seqcol_name,
XemD97fxYMS4q-FBm_n5CHQgmzh1_67a,SQ.f8nrtmxvSZYRYd84R7Nrn4_S9K37IWo8,chr2_KI270769v1_alt,ucsc,
XemD97fxYMS4q-FBm_n5CHQgmzh1_67a,SQ.f94ByAZ4kelY_SOSggoI_vakm0WATKUj,KI270817.1,genbank_accession,KI270817.1
XemD97fxYMS4q-FBm_n5CHQgmzh1_67a,SQ.f94ByAZ4kelY_SOSggoI_vakm0WATKUj,NT_187573.1,refseq_accession,NT_187573.1
XemD97fxYMS4q-FBm_n5CHQgmzh1_67a,SQ.f94ByAZ4kelY_SOSggoI_vakm0WATKUj,HSCHR8_4_CTG7,seqcol_name,
XemD97fxYMS4q-FBm_n5CHQgmzh1_67a,SQ.f94ByAZ4kelY_SOSggoI_vakm0WATKUj,chr8_KI270817v1_alt,ucsc,
XemD97fxYMS4q-FBm_n5CHQgmzh1_67a,SQ.f9DNt75sBx2Emm-JwtOnW_bXy6yaKxhh,KI270465.1,genbank_accession,KI270465.1
XemD97fxYMS4q-FBm_n5CHQgmzh1_67a,SQ.f9DNt75sBx2Emm-JwtOnW_bXy6yaKxhh,NT_187422.1,refseq_accession,NT_187422.1
XemD97fxYMS4q-FBm_n5CHQgmzh1_67a,SQ.f9DNt75sBx2Emm-JwtOnW_bXy6yaKxhh,HSCHRUN_RANDOM_126,seqcol_name,
XemD97fxYMS4q-FBm_n5CHQgmzh1_67a,SQ.f9DNt75sBx2Emm-JwtOnW_bXy6yaKxhh,chrUn_KI270465v1,ucsc,
XemD97fxYMS4q-FBm_n5CHQgmzh1_67a,SQ.f9vXWgOuAGchQNgwjhvjRVNufdcVaAHx,KI270832.1,genbank_accession,KI270832.1
XemD97fxYMS4q-FBm_n5CHQgmzh1_67a,SQ.f9vXWgOuAGchQNgwjhvjRVNufdcVaAHx,NT_187586.1,refseq_accession,NT_187586.1
XemD97fxYMS4q-FBm_n5CHQgmzh1_67a,SQ.f9vXWgOuAGchQNgwjhvjRVNufdcVaAHx,HSCHR11_1_CTG8,seqcol_name,
XemD97fxYMS4q-FBm_n5CHQgmzh1_67a,SQ.f9vXWgOuAGchQNgwjhvjRVNufdcVaAHx,chr11_KI270832v1_alt,ucsc,
XemD97fxYMS4q-FBm_n5CHQgmzh1_67a,SQ.f_YKg6ujj5uOa8YcoVYBO8i-UTQvp1Nf,KI270896.1,genbank_accession,KI270896.1
XemD97fxYMS4q-FBm_n5CHQgmzh1_67a,SQ.f_YKg6ujj5uOa8YcoVYBO8i-UTQvp1Nf,NT_187650.1,refseq_accession,NT_187650.1
XemD97fxYMS4q-FBm_n5CHQgmzh1_67a,SQ.f_YKg6ujj5uOa8YcoVYBO8i-UTQvp1Nf,HSCHR4_6_CTG12,seqcol_name,
XemD97fxYMS4q-FBm_n5CHQgmzh1_67a,SQ.f_YKg6ujj5uOa8YcoVYBO8i-UTQvp1Nf,chr4_KI270896v1_alt,ucsc,
XemD97fxYMS4q-FBm_n5CHQgmzh1_67a,SQ.g1ko5PoH_AMkMOJA5I5iAsj2HRMdoXt2,KI270727.1,genbank_accession,KI270727.1
XemD97fxYMS4q-FBm_n5CHQgmzh1_67a,SQ.g1ko5PoH_AMkMOJA5I5iAsj2HRMdoXt2,NT_187382.1,refseq_accession,NT_187382.1
XemD97fxYMS4q-FBm_n5CHQgmzh1_67a,SQ.g1ko5PoH_AMkMOJA5I5iAsj2HRMdoXt2,HSCHR15_RANDOM_CTG1,seqcol_name,
XemD97fxYMS4q-FBm_n5CHQgmzh1_67a,SQ.g1ko5PoH_AMkMOJA5I5iAsj2HRMdoXt2,chr15_KI270727v1_random,ucsc,
XemD97fxYMS4q-FBm_n5CHQgmzh1_67a,SQ.gD8mEtavw4FpPORpnYPQmZpBUFaeSXNh,KI270754.1,genbank_accession,KI270754.1
XemD97fxYMS4q-FBm_n5CHQgmzh1_67a,SQ.gD8mEtavw4FpPORpnYPQmZpBUFaeSXNh,NT_187509.1,refseq_accession,NT_187509.1
XemD97fxYMS4q-FBm_n5CHQgmzh1_67a,SQ.gD8mEtavw4FpPORpnYPQmZpBUFaeSXNh,HSCHRUN_RANDOM_CTG33,seqcol_name,
XemD97fxYMS4q-FBm_n5CHQgmzh1_67a,SQ.gD8mEtavw4FpPORpnYPQmZpBUFaeSXNh,chrUn_KI270754v1,ucsc,
XemD97fxYMS4q-FBm_n5CHQgmzh1_67a,SQ.gUSQy-ErCub9Mw18g24_VAfha6D1sadO,KI270922.1,genbank_accession,KI270922.1
XemD97fxYMS4q-FBm_n5CHQgmzh1_67a,SQ.gUSQy-ErCub9Mw18g24_VAfha6D1sadO,NT_187676.1,refseq_accession,NT_187676.1
XemD97fxYMS4q-FBm_n5CHQgmzh1_67a,SQ.gUSQy-ErCub9Mw18g24_VAfha6D1sadO,HSCHR19KIR_FH06_A_HAP_CTG3_1,seqcol_name,
XemD97fxYMS4q-FBm_n5CHQgmzh1_67a,SQ.gUSQy-ErCub9Mw18g24_VAfha6D1sadO,chr19_KI270922v1_alt,ucsc,
XemD97fxYMS4q-FBm_n5CHQgmzh1_67a,SQ.giRZFJqn-yQ2fQFvnUrhZsnhj0j32p5F,GL383557.1,genbank_accession,GL383557.1
XemD97fxYMS4q-FBm_n5CHQgmzh1_67a,SQ.giRZFJqn-yQ2fQFvnUrhZsnhj0j32p5F,NW_003315946.1,refseq_accession,NW_003315946.1
XemD97fxYMS4q-FBm_n5CHQgmzh1_67a,SQ.giRZFJqn-yQ2fQFvnUrhZsnhj0j32p5F,HSCHR16_2_CTG3_1,seqcol_name,
XemD97fxYMS4q-FBm_n5CHQgmzh1_67a,SQ.giRZFJqn-yQ2fQFvnUrhZsnhj0j32p5F,chr16_GL383557v1_alt,ucsc,
XemD97fxYMS4q-FBm_n5CHQgmzh1_67a,SQ.h2NGmESUlOABx4daDywqQhNXaA2LB5RR,KI270376.1,genbank_accession,KI270376.1
XemD97fxYMS4q-FBm_n5CHQgmzh1_67a,SQ.h2NGmESUlOABx4daDywqQhNXaA2LB5RR,NT_187489.1,refseq_accession,NT_187489.1
XemD97fxYMS4q-FBm_n5CHQgmzh1_67a,SQ.h2NGmESUlOABx4daDywqQhNXaA2LB5RR,HSCHRUN_RANDOM_197,seqcol_name,
XemD97fxYMS4q-FBm_n5CHQgmzh1_67a,SQ.h2NGmESUlOABx4daDywqQhNXaA2LB5RR,chrUn_KI270376v1,ucsc,
XemD97fxYMS4q-FBm_n5CHQgmzh1_67a,SQ.hF_pd5y7TnOddiM1xe-IhXSNPyUNDGmC,GL949749.2,genbank_accession,GL949749.2
XemD97fxYMS4q-FBm_n5CHQgmzh1_67a,SQ.hF_pd5y7TnOddiM1xe-IhXSNPyUNDGmC,NW_003571057.2,refseq_accession,NW_003571057.2
XemD97fxYMS4q-FBm_n5CHQgmzh1_67a,SQ.hF_pd5y7TnOddiM1xe-IhXSNPyUNDGmC,HSCHR19LRC_LRC_J_CTG3_1,seqcol_name,
XemD97fxYMS4q-FBm_n5CHQgmzh1_67a,SQ.hF_pd5y7TnOddiM1xe-IhXSNPyUNDGmC,chr19_GL949749v2_alt,ucsc,
XemD97fxYMS4q-FBm_n5CHQgmzh1_67a,SQ.hbKlATBl0s-HdUeh5K_tZX89N7xjivvp,KI270393.1,genbank_accession,KI270393.1
XemD97fxYMS4q-FBm_n5CHQgmzh1_67a,SQ.hbKlATBl0s-HdUeh5K_tZX89N7xjivvp,NT_187483.1,refseq_accession,NT_187483.1
XemD97fxYMS4q-FBm_n5CHQgmzh1_67a,SQ.hbKlATBl0s-HdUeh5K_tZX89N7xjivvp,HSCHRUN_RANDOM_191,seqcol_name,
XemD97fxYMS4q-FBm_n5CHQgmzh1_67a,SQ.hbKlATBl0s-HdUeh5K_tZX89N7xjivvp,chrUn_KI270393v1,ucsc,
XemD97fxYMS4q-FBm_n5CHQgmzh1_67a,SQ.hqU7wEkCCSQU5ebezHU0xdeNwTU1kMMD,KI270917.1,genbank_accession,KI270917.1
XemD97fxYMS4q-FBm_n5CHQgmzh1_67a,SQ.hqU7wEkCCSQU5ebezHU0xdeNwTU1kMMD,NT_187671.1,refseq_accession,NT_187671.1
XemD97fxYMS4q-FBm_n5CHQgmzh1_67a,SQ.hqU7wEkCCSQU5ebezHU0xdeNwTU1kMMD,HSCHR19KIR_ABC08_A1_HAP_CTG3_1,seqcol_name,
XemD97fxYMS4q-FBm_n5CHQgmzh1_67a,SQ.hqU7wEkCCSQU5ebezHU0xdeNwTU1kMMD,chr19_KI270917v1_alt,ucsc,
XemD97fxYMS4q-FBm_n5CHQgmzh1_67a,SQ.iB_m7qqRPb_xmKT9Cg_TFVzw7C8Q9U5Q,KI270385.1,genbank_accession,KI270385.1
XemD97fxYMS4q-FBm_n5CHQgmzh1_67a,SQ.iB_m7qqRPb_xmKT9Cg_TFVzw7C8Q9U5Q,NT_187487.1,refseq_accession,NT_187487.1
XemD97fxYMS4q-FBm_n5CHQgmzh1_67a,SQ.iB_m7qqRPb_xmKT9Cg_TFVzw7C8Q9U5Q,HSCHRUN_RANDOM_195,seqcol_name,
XemD97fxYMS4q-FBm_n5CHQgmzh1_67a,SQ.iB_m7qqRPb_xmKT9Cg_TFVzw7C8Q9U5Q,chrUn_KI270385v1,ucsc,
XemD97fxYMS4q-FBm_n5CHQgmzh1_67a,SQ.iH-N-G6Vjrvtw2fI2ePe60OaSSxESuXT,KI270316.1,genbank_accession,KI270316.1
XemD97fxYMS4q-FBm_n5CHQgmzh1_67a,SQ.iH-N-G6Vjrvtw2fI2ePe60OaSSxESuXT,NT_187403.1,refseq_accession,NT_187403.1
XemD97fxYMS4q-FBm_n5CHQgmzh1_67a,SQ.iH-N-G6Vjrvtw2fI2ePe60OaSSxESuXT,HSCHRUN_RANDOM_107,seqcol_name,
XemD97fxYMS4q-FBm_n5CHQgmzh1_67a,SQ.iH-N-G6Vjrvtw2fI2ePe60OaSSxESuXT,chrUn_KI270316v1,ucsc,
XemD97fxYMS4q-FBm_n5CHQgmzh1_67a,SQ.iWjuscFp2jBmwXvs-ih3LJHz5AW3Qu1e,KI270812.1,genbank_accession,KI270812.1
XemD97fxYMS4q-FBm_n5CHQgmzh1_67a,SQ.iWjuscFp2jBmwXvs-ih3LJHz5AW3Qu1e,NT_187568.1,refseq_accession,NT_187568.1
XemD97fxYMS4q-FBm_n5CHQgmzh1_67a,SQ.iWjuscFp2jBmwXvs-ih3LJHz5AW3Qu1e,HSCHR8_2_CTG1,seqcol_name,
XemD97fxYMS4q-FBm_n5CHQgmzh1_67a,SQ.iWjuscFp2jBmwXvs-ih3LJHz5AW3Qu1e,chr8_KI270812v1_alt,ucsc,
XemD97fxYMS4q-FBm_n5CHQgmzh1_67a,SQ.iZdWxletexfTNJCT2dTagew8biQFX1TI,KI270364.1,genbank_accession,KI270364.1
XemD97fxYMS4q-FBm_n5CHQgmzh1_67a,SQ.iZdWxletexfTNJCT2dTagew8biQFX1TI,NT_187468.1,refseq_accession,NT_187468.1
XemD97fxYMS4q-FBm_n5CHQgmzh1_67a,SQ.iZdWxletexfTNJCT2dTagew8biQFX1TI,HSCHRUN_RANDOM_176,seqcol_name,
XemD97fxYMS4q-FBm_n5CHQgmzh1_67a,SQ.iZdWxletexfTNJCT2dTagew8biQFX1TI,chrUn_KI270364v1,ucsc,
XemD97fxYMS4q-FBm_n5CHQgmzh1_67a,SQ.ibIyBleqU02yGiyM_QDff_Pz9HjCEMMj,KI270775.1,genbank_accession,KI270775.1
XemD97fxYMS4q-FBm_n5CHQgmzh1_67a,SQ.ibIyBleqU02yGiyM_QDff_Pz9HjCEMMj,NT_187531.1,refseq_accession,NT_187531.1
XemD97fxYMS4q-FBm_n5CHQgmzh1_67a,SQ.ibIyBleqU02yGiyM_QDff_Pz9HjCEMMj,HSCHR2_5_CTG7_2,seqcol_name,
XemD97fxYMS4q-FBm_n5CHQgmzh1_67a,SQ.ibIyBleqU02yGiyM_QDff_Pz9HjCEMMj,chr2_KI270775v1_alt,ucsc,
XemD97fxYMS4q-FBm_n5CHQgmzh1_67a,SQ.icmRK8D6LoSC9qL4ylrhGnNQTJZCu0Ff,KI270837.1,genbank_accession,KI270837.1
XemD97fxYMS4q-FBm_n5CHQgmzh1_67a,SQ.icmRK8D6LoSC9qL4ylrhGnNQTJZCu0Ff,NT_187588.1,refseq_accession,NT_187588.1
XemD97fxYMS4q-FBm_n5CHQgmzh1_67a,SQ.icmRK8D6LoSC9qL4ylrhGnNQTJZCu0Ff,HSCHR12_5_CTG2,seqcol_name,
XemD97fxYMS4q-FBm_n5CHQgmzh1_67a,SQ.icmRK8D6LoSC9qL4ylrhGnNQTJZCu0Ff,chr12_KI270837v1_alt,ucsc,
XemD97fxYMS4q-FBm_n5CHQgmzh1_67a,SQ.ienjuw0fwaZchW5kZctEIYj9c2mgCUkY,KI270425.1,genbank_accession,KI270425.1
XemD97fxYMS4q-FBm_n5CHQgmzh1_67a,SQ.ienjuw0fwaZchW5kZctEIYj9c2mgCUkY,NT_187418.1,refseq_accession,NT_187418.1
XemD97fxYMS4q-FBm_n5CHQgmzh1_67a,SQ.ienjuw0fwaZchW5kZctEIYj9c2mgCUkY,HSCHRUN_RANDOM_122,seqcol_name,
XemD97fxYMS4q-FBm_n5CHQgmzh1_67a,SQ.ienjuw0fwaZchW5kZctEIYj9c2mgCUkY,chrUn_KI270425v1,ucsc,
XemD97fxYMS4q-FBm_n5CHQgmzh1_67a,SQ.ihzqQd4BJ5VUWckLt7PuFuDYHkH0K2Be,KI270375.1,genbank_accession,KI270375.1
XemD97fxYMS4q-FBm_n5CHQgmzh1_67a,SQ.ihzqQd4BJ5VUWckLt7PuFuDYHkH0K2Be,NT_187493.1,refseq_accession,NT_187493.1
XemD97fxYMS4q-FBm_n5CHQgmzh1_67a,SQ.ihzqQd4BJ5VUWckLt7PuFuDYHkH0K2Be,HSCHRUN_RANDOM_201,seqcol_name,
XemD97fxYMS4q-FBm_n5CHQgmzh1_67a,SQ.ihzqQd4BJ5VUWckLt7PuFuDYHkH0K2Be,chrUn_KI270375v1,ucsc,
XemD97fxYMS4q-FBm_n5CHQgmzh1_67a,SQ.ijki8zwyFOmILREuoZz7EKaDeJo6hzK6,GL383545.1,genbank_accession,GL383545.1
XemD97fxYMS4q-FBm_n5CHQgmzh1_67a,SQ.ijki8zwyFOmILREuoZz7EKaDeJo6hzK6,NW_003315934.1,refseq_accession,NW_003315934.1
XemD97fxYMS4q-FBm_n5CHQgmzh1_67a,SQ.ijki8zwyFOmILREuoZz7EKaDeJo6hzK6,HSCHR10_1_CTG1,seqcol_name,
XemD97fxYMS4q-FBm_n5CHQgmzh1_67a,SQ.ijki8zwyFOmILREuoZz7EKaDeJo6hzK6,chr10_GL383545v1_alt,ucsc,
XemD97fxYMS4q-FBm_n5CHQgmzh1_67a,SQ.iywmqFQ-6Fh14pAPqaLYvu06VSZSgnDe,KI270814.1,genbank_accession,KI270814.1
XemD97fxYMS4q-FBm_n5CHQgmzh1_67a,SQ.iywmqFQ-6Fh14pAPqaLYvu06VSZSgnDe,NT_187566.1,refseq_accession,NT_187566.1
XemD97fxYMS4q-FBm_n5CHQgmzh1_67a,SQ.iywmqFQ-6Fh14pAPqaLYvu06VSZSgnDe,HSCHR8_1_CTG6,seqcol_name,
XemD97fxYMS4q-FBm_n5CHQgmzh1_67a,SQ.iywmqFQ-6Fh14pAPqaLYvu06VSZSgnDe,chr8_KI270814v1_alt,ucsc,
XemD97fxYMS4q-FBm_n5CHQgmzh1_67a,SQ.jpgI9PKjFFcmRJ6DhA24-SlqBP_WbtsJ,GL383567.1,genbank_accession,GL383567.1
XemD97fxYMS4q-FBm_n5CHQgmzh1_67a,SQ.jpgI9PKjFFcmRJ6DhA24-SlqBP_WbtsJ,NW_003315956.1,refseq_accession,NW_003315956.1
XemD97fxYMS4q-FBm_n5CHQgmzh1_67a,SQ.jpgI9PKjFFcmRJ6DhA24-SlqBP_WbtsJ,HSCHR18_1_CTG1_1,seqcol_name,
XemD97fxYMS4q-FBm_n5CHQgmzh1_67a,SQ.jpgI9PKjFFcmRJ6DhA24-SlqBP_WbtsJ,chr18_GL383567v1_alt,ucsc,
XemD97fxYMS4q-FBm_n5CHQgmzh1_67a,SQ.k06DDHZa4bfyT9BNshqRPO4cLDD_dwwY,KI270915.1,genbank_accession,KI270915.1
XemD97fxYMS4q-FBm_n5CHQgmzh1_67a,SQ.k06DDHZa4bfyT9BNshqRPO4cLDD_dwwY,NT_187669.1,refseq_accession,NT_187669.1
XemD97fxYMS4q-FBm_n5CHQgmzh1_67a,SQ.k06DDHZa4bfyT9BNshqRPO4cLDD_dwwY,HSCHR19KIR_T7526_A_HAP_CTG3_1,seqcol_name,
XemD97fxYMS4q-FBm_n5CHQgmzh1_67a,SQ.k06DDHZa4bfyT9BNshqRPO4cLDD_dwwY,chr19_KI270915v1_alt,ucsc,
XemD97fxYMS4q-FBm_n5CHQgmzh1_67a,SQ.k34wPvdMdinrOSGJPSi66oc_zWwsNQno,KI270829.1,genbank_accession,KI270829.1
XemD97fxYMS4q-FBm_n5CHQgmzh1_67a,SQ.k34wPvdMdinrOSGJPSi66oc_zWwsNQno,NT_187583.1,refseq_accession,NT_187583.1
XemD97fxYMS4q-FBm_n5CHQgmzh1_67a,SQ.k34wPvdMdinrOSGJPSi66oc_zWwsNQno,HSCHR11_1_CTG5,seqcol_name,
XemD97fxYMS4q-FBm_n5CHQgmzh1_67a,SQ.k34wPvdMdinrOSGJPSi66oc_zWwsNQno,chr11_KI270829v1_alt,ucsc,
XemD97fxYMS4q-FBm_n5CHQgmzh1_67a,SQ.k3grVkjY-hoWcCUojHw6VU6GE3MZ8Sct,J01415.2,genbank_accession,J01415.2
XemD97fxYMS4q-FBm_n5CHQgmzh1_67a,SQ.k3grVkjY-hoWcCUojHw6VU6GE3MZ8Sct,NC_012920.1,refseq_accession,NC_012920.1
XemD97fxYMS4q-FBm_n5CHQgmzh1_67a,SQ.k3grVkjY-hoWcCUojHw6VU6GE3MZ8Sct,MT,seqcol_name,
XemD97fxYMS4q-FBm_n5CHQgmzh1_67a,SQ.k3grVkjY-hoWcCUojHw6VU6GE3MZ8Sct,chrM,ucsc,
XemD97fxYMS4q-FBm_n5CHQgmzh1_67a,SQ.kH-2_CUCQqpxQWVpHGnxjawC0RfwHeVU,KI270816.1,genbank_accession,KI270816.1
XemD97fxYMS4q-FBm_n5CHQgmzh1_67a,SQ.kH-2_CUCQqpxQWVpHGnxjawC0RfwHeVU,NT_187571.1,refseq_accession,NT_187571.1
XemD97fxYMS4q-FBm_n5CHQgmzh1_67a,SQ.kH-2_CUCQqpxQWVpHGnxjawC0RfwHeVU,HSCHR8_3_CTG7,seqcol_name,
XemD97fxYMS4q-FBm_n5CHQgmzh1_67a,SQ.kH-2_CUCQqpxQWVpHGnxjawC0RfwHeVU,chr8_KI270816v1_alt,ucsc,
XemD97fxYMS4q-FBm_n5CHQgmzh1_67a,SQ.kbbbrWmgtIJj-EfUWxjXzA1EcnqCLpZU,KI270815.1,genbank_accession,KI270815.1
XemD97fxYMS4q-FBm_n5CHQgmzh1_67a,SQ.kbbbrWmgtIJj-EfUWxjXzA1EcnqCLpZU,NT_187569.1,refseq_accession,NT_187569.1
XemD97fxYMS4q-FBm_n5CHQgmzh1_67a,SQ.kbbbrWmgtIJj-EfUWxjXzA1EcnqCLpZU,HSCHR8_2_CTG7,seqcol_name,
XemD97fxYMS4q-FBm_n5CHQgmzh1_67a,SQ.kbbbrWmgtIJj-EfUWxjXzA1EcnqCLpZU,chr8_KI270815v1_alt,ucsc,
XemD97fxYMS4q-FBm_n5CHQgmzh1_67a,SQ.kflhCIz0b8fRXM_wCH3ObtDaSR4FWOtA,KI270921.1,genbank_accession,KI270921.1
XemD97fxYMS4q-FBm_n5CHQgmzh1_67a,SQ.kflhCIz0b8fRXM_wCH3ObtDaSR4FWOtA,NT_187675.1,refseq_accession,NT_187675.1
XemD97fxYMS4q-FBm_n5CHQgmzh1_67a,SQ.kflhCIz0b8fRXM_wCH3ObtDaSR4FWOtA,HSCHR19KIR_FH05_B_HAP_CTG3_1,seqcol_name,
XemD97fxYMS4q-FBm_n5CHQgmzh1_67a,SQ.kflhCIz0b8fRXM_wCH3ObtDaSR4FWOtA,chr19_KI270921v1_alt,ucsc,
XemD97fxYMS4q-FBm_n5CHQgmzh1_67a,SQ.knIogkkzIS8j1yaYvyhp5jT3dDQuIby1,KI270312.1,genbank_accession,KI270312.1
XemD97fxYMS4q-FBm_n5CHQgmzh1_67a,SQ.knIogkkzIS8j1yaYvyhp5jT3dDQuIby1,NT_187405.1,refseq_accession,NT_187405.1
XemD97fxYMS4q-FBm_n5CHQgmzh1_67a,SQ.knIogkkzIS8j1yaYvyhp5jT3dDQuIby1,HSCHRUN_RANDOM_109,seqcol_name,
XemD97fxYMS4q-FBm_n5CHQgmzh1_67a,SQ.knIogkkzIS8j1yaYvyhp5jT3dDQuIby1,chrUn_KI270312v1,ucsc,
XemD97fxYMS4q-FBm_n5CHQgmzh1_67a,SQ.lmsj7PeHPqJSRaNOMJQ7lZRV3Kaf9pAx,KI270901.1,genbank_accession,KI270901.1
XemD97fxYMS4q-FBm_n5CHQgmzh1_67a,SQ.lmsj7PeHPqJSRaNOMJQ7lZRV3Kaf9pAx,NT_187655.1,refseq_accession,NT_187655.1
XemD97fxYMS4q-FBm_n5CHQgmzh1_67a,SQ.lmsj7PeHPqJSRaNOMJQ7lZRV3Kaf9pAx,HSCHR8_6_CTG1,seqcol_name,
XemD97fxYMS4q-FBm_n5CHQgmzh1_67a,SQ.lmsj7PeHPqJSRaNOMJQ7lZRV3Kaf9pAx,chr8_KI270901v1_alt,ucsc,
XemD97fxYMS4q-FBm_n5CHQgmzh1_67a,SQ.lplR7ddIA7iiyP99iMCZSD4W1Jqo8LkQ,KI270767.1,genbank_accession,KI270767.1
XemD97fxYMS4q-FBm_n5CHQgmzh1_67a,SQ.lplR7ddIA7iiyP99iMCZSD4W1Jqo8LkQ,NT_187523.1,refseq_accession,NT_187523.1
XemD97fxYMS4q-FBm_n5CHQgmzh1_67a,SQ.lplR7ddIA7iiyP99iMCZSD4W1Jqo8LkQ,HSCHR2_1_CTG15,seqcol_name,
XemD97fxYMS4q-FBm_n5CHQgmzh1_67a,SQ.lplR7ddIA7iiyP99iMCZSD4W1Jqo8LkQ,chr2_KI270767v1_alt,ucsc,
XemD97fxYMS4q-FBm_n5CHQgmzh1_67a,SQ.lyuogRBpRZYux7eMQzGEwloXi8ml9OUW,GL383583.2,genbank_accession,GL383583.2
XemD97fxYMS4q-FBm_n5CHQgmzh1_67a,SQ.lyuogRBpRZYux7eMQzGEwloXi8ml9OUW,NW_003315972.2,refseq_accession,NW_003315972.2
XemD97fxYMS4q-FBm_n5CHQgmzh1_67a,SQ.lyuogRBpRZYux7eMQzGEwloXi8ml9OUW,HSCHR22_1_CTG2,seqcol_name,
XemD97fxYMS4q-FBm_n5CHQgmzh1_67a,SQ.lyuogRBpRZYux7eMQzGEwloXi8ml9OUW,chr22_GL383583v2_alt,ucsc,
XemD97fxYMS4q-FBm_n5CHQgmzh1_67a,SQ.mLliKkGv9SGt6l8kH3bwRYSRbC-xgjM1,KI270589.1,genbank_accession,KI270589.1
XemD97fxYMS4q-FBm_n5CHQgmzh1_67a,SQ.mLliKkGv9SGt6l8kH3bwRYSRbC-xgjM1,NT_187451.1,refseq_accession,NT_187451.1
XemD97fxYMS4q-FBm_n5CHQgmzh1_67a,SQ.mLliKkGv9SGt6l8kH3bwRYSRbC-xgjM1,HSCHRUN_RANDOM_159,seqcol_name,
XemD97fxYMS4q-FBm_n5CHQgmzh1_67a,SQ.mLliKkGv9SGt6l8kH3bwRYSRbC-xgjM1,chrUn_KI270589v1,ucsc,
XemD97fxYMS4q-FBm_n5CHQgmzh1_67a,SQ.mP7TEDahg_9flBgsQ09FRJI9G1iS8tz7,KI270509.1,genbank_accession,KI270509.1
XemD97fxYMS4q-FBm_n5CHQgmzh1_67a,SQ.mP7TEDahg_9flBgsQ09FRJI9G1iS8tz7,NT_187428.1,refseq_accession,NT_187428.1
XemD97fxYMS4q-FBm_n5CHQgmzh1_67a,SQ.mP7TEDahg_9flBgsQ09FRJI9G1iS8tz7,HSCHRUN_RANDOM_132,seqcol_name,
XemD97fxYMS4q-FBm_n5CHQgmzh1_67a,SQ.mP7TEDahg_9flBgsQ09FRJI9G1iS8tz7,chrUn_KI270509v1,ucsc,
XemD97fxYMS4q-FBm_n5CHQgmzh1_67a,SQ.mpHjLXhnMYfgLLGk6F1q7Le-oXDnoCle,GL383568.1,genbank_accession,GL383568.1
XemD97fxYMS4q-FBm_n5CHQgmzh1_67a,SQ.mpHjLXhnMYfgLLGk6F1q7Le-oXDnoCle,NW_003315957.1,refseq_accession,NW_003315957.1
XemD97fxYMS4q-FBm_n5CHQgmzh1_67a,SQ.mpHjLXhnMYfgLLGk6F1q7Le-oXDnoCle,HSCHR18_1_CTG2,seqcol_name,
XemD97fxYMS4q-FBm_n5CHQgmzh1_67a,SQ.mpHjLXhnMYfgLLGk6F1q7Le-oXDnoCle,chr18_GL383568v1_alt,ucsc,
XemD97fxYMS4q-FBm_n5CHQgmzh1_67a,SQ.mvKVobCyCalugbLZrMFgtNRiM5oVV3ew,GL949747.2,genbank_accession,GL949747.2
XemD97fxYMS4q-FBm_n5CHQgmzh1_67a,SQ.mvKVobCyCalugbLZrMFgtNRiM5oVV3ew,NW_003571055.2,refseq_accession,NW_003571055.2
XemD97fxYMS4q-FBm_n5CHQgmzh1_67a,SQ.mvKVobCyCalugbLZrMFgtNRiM5oVV3ew,HSCHR19LRC_COX2_CTG3_1,seqcol_name,
XemD97fxYMS4q-FBm_n5CHQgmzh1_67a,SQ.mvKVobCyCalugbLZrMFgtNRiM5oVV3ew,chr19_GL949747v2_alt,ucsc,
XemD97fxYMS4q-FBm_n5CHQgmzh1_67a,SQ.mvbZjGkC1yWP6QWSHxFVpOnT5dxZ0X_1,KI270886.1,genbank_accession,KI270886.1
XemD97fxYMS4q-FBm_n5CHQgmzh1_67a,SQ.mvbZjGkC1yWP6QWSHxFVpOnT5dxZ0X_1,NT_187640.1,refseq_accession,NT_187640.1
XemD97fxYMS4q-FBm_n5CHQgmzh1_67a,SQ.mvbZjGkC1yWP6QWSHxFVpOnT5dxZ0X_1,HSCHR19KIR_G248_BA2_HAP_CTG3_1,seqcol_name,
XemD97fxYMS4q-FBm_n5CHQgmzh1_67a,SQ.mvbZjGkC1yWP6QWSHxFVpOnT5dxZ0X_1,chr19_KI270886v1_alt,ucsc,
XemD97fxYMS4q-FBm_n5CHQgmzh1_67a,SQ.mxmnPc-Gg9PQrh9U5tJrLKC3P5vqdOR6,KI270880.1,genbank_accession,KI270880.1
XemD97fxYMS4q-FBm_n5CHQgmzh1_67a,SQ.mxmnPc-Gg9PQrh9U5tJrLKC3P5vqdOR6,NT_187634.1,refseq_accession,NT_187634.1
XemD97fxYMS4q-FBm_n5CHQgmzh1_67a,SQ.mxmnPc-Gg9PQrh9U5tJrLKC3P5vqdOR6,HSCHRX_1_CTG3,seqcol_name,
XemD97fxYMS4q-FBm_n5CHQgmzh1_67a,SQ.mxmnPc-Gg9PQrh9U5tJrLKC3P5vqdOR6,chrX_KI270880v1_alt,ucsc,
XemD97fxYMS4q-FBm_n5CHQgmzh1_67a,SQ.nDflcu34zeiGnLNJO9mU4rMpP8ttMoEc,KI270778.1,genbank_accession,KI270778.1
XemD97fxYMS4q-FBm_n5CHQgmzh1_67a,SQ.nDflcu34zeiGnLNJO9mU4rMpP8ttMoEc,NT_187536.1,refseq_accession,NT_187536.1
XemD97fxYMS4q-FBm_n5CHQgmzh1_67a,SQ.nDflcu34zeiGnLNJO9mU4rMpP8ttMoEc,HSCHR3_3_CTG2_1,seqcol_name,
XemD97fxYMS4q-FBm_n5CHQgmzh1_67a,SQ.nDflcu34zeiGnLNJO9mU4rMpP8ttMoEc,chr3_KI270778v1_alt,ucsc,
XemD97fxYMS4q-FBm_n5CHQgmzh1_67a,SQ.nHj4LsDnGVh3V_Ts55_EKpse5UmgEFCa,KI270904.1,genbank_accession,KI270904.1
XemD97fxYMS4q-FBm_n5CHQgmzh1_67a,SQ.nHj4LsDnGVh3V_Ts55_EKpse5UmgEFCa,NT_187658.1,refseq_accession,NT_187658.1
XemD97fxYMS4q-FBm_n5CHQgmzh1_67a,SQ.nHj4LsDnGVh3V_Ts55_EKpse5UmgEFCa,HSCHR12_3_CTG2,seqcol_name,
XemD97fxYMS4q-FBm_n5CHQgmzh1_67a,SQ.nHj4LsDnGVh3V_Ts55_EKpse5UmgEFCa,chr12_KI270904v1_alt,ucsc,
XemD97fxYMS4q-FBm_n5CHQgmzh1_67a,SQ.nIkci60wCmjAEl603SQ6Ij5kd77WjXbz,KI270859.1,genbank_accession,KI270859.1
XemD97fxYMS4q-FBm_n5CHQgmzh1_67a,SQ.nIkci60wCmjAEl603SQ6Ij5kd77WjXbz,NT_187616.1,refseq_accession,NT_187616.1
XemD97fxYMS4q-FBm_n5CHQgmzh1_67a,SQ.nIkci60wCmjAEl603SQ6Ij5kd77WjXbz,HSCHR17_9_CTG4,seqcol_name,
XemD97fxYMS4q-FBm_n5CHQgmzh1_67a,SQ.nIkci60wCmjAEl603SQ6Ij5kd77WjXbz,chr17_KI270859v1_alt,ucsc,
XemD97fxYMS4q-FBm_n5CHQgmzh1_67a,SQ.nNhGXvs5B9t31ETXiIjf3wqoO3wavGDq,KI270899.1,genbank_accession,KI270899.1
XemD97fxYMS4q-FBm_n5CHQgmzh1_67a,SQ.nNhGXvs5B9t31ETXiIjf3wqoO3wavGDq,NT_187653.1,refseq_accession,NT_187653.1
XemD97fxYMS4q-FBm_n5CHQgmzh1_67a,SQ.nNhGXvs5B9t31ETXiIjf3wqoO3wavGDq,HSCHR7_2_CTG1,seqcol_name,
XemD97fxYMS4q-FBm_n5CHQgmzh1_67a,SQ.nNhGXvs5B9t31ETXiIjf3wqoO3wavGDq,chr7_KI270899v1_alt,ucsc,
XemD97fxYMS4q-FBm_n5CHQgmzh1_67a,SQ.n_XCYYZCV5lstux2dOvUdnF5_Mq-Li3n,KI270516.1,genbank_accession,KI270516.1
XemD97fxYMS4q-FBm_n5CHQgmzh1_67a,SQ.n_XCYYZCV5lstux2dOvUdnF5_Mq-Li3n,NT_187431.1,refseq_accession,NT_187431.1
XemD97fxYMS4q-FBm_n5CHQgmzh1_67a,SQ.n_XCYYZCV5lstux2dOvUdnF5_Mq-Li3n,HSCHRUN_RANDOM_135,seqcol_name,
XemD97fxYMS4q-FBm_n5CHQgmzh1_67a,SQ.n_XCYYZCV5lstux2dOvUdnF5_Mq-Li3n,chrUn_KI270516v1,ucsc,
XemD97fxYMS4q-FBm_n5CHQgmzh1_67a,SQ.nh_VQPV_LK3f_6uMX9QWQwSctJB27txp,KI270912.1,genbank_accession,KI270912.1
XemD97fxYMS4q-FBm_n5CHQgmzh1_67a,SQ.nh_VQPV_LK3f_6uMX9QWQwSctJB27txp,NT_187665.1,refseq_accession,NT_187665.1
XemD97fxYMS4q-FBm_n5CHQgmzh1_67a,SQ.nh_VQPV_LK3f_6uMX9QWQwSctJB27txp,HSCHR18_ALT21_CTG2_1,seqcol_name,
XemD97fxYMS4q-FBm_n5CHQgmzh1_67a,SQ.nh_VQPV_LK3f_6uMX9QWQwSctJB27txp,chr18_KI270912v1_alt,ucsc,
XemD97fxYMS4q-FBm_n5CHQgmzh1_67a,SQ.o0LCyl_OhEGuybycNH1TadSm9b8q6wuz,KI270724.1,genbank_accession,KI270724.1
XemD97fxYMS4q-FBm_n5CHQgmzh1_67a,SQ.o0LCyl_OhEGuybycNH1TadSm9b8q6wuz,NT_187379.1,refseq_accession,NT_187379.1
XemD97fxYMS4q-FBm_n5CHQgmzh1_67a,SQ.o0LCyl_OhEGuybycNH1TadSm9b8q6wuz,HSCHR14_CTG6_UNLOCALIZED,seqcol_name,
XemD97fxYMS4q-FBm_n5CHQgmzh1_67a,SQ.o0LCyl_OhEGuybycNH1TadSm9b8q6wuz,chr14_KI270724v1_random,ucsc,
XemD97fxYMS4q-FBm_n5CHQgmzh1_67a,SQ.oDJ0ufO0hX9s9hvElxpShu4Io7wTp3ej,KI270826.1,genbank_accession,KI270826.1
XemD97fxYMS4q-FBm_n5CHQgmzh1_67a,SQ.oDJ0ufO0hX9s9hvElxpShu4Io7wTp3ej,NT_187581.1,refseq_accession,NT_187581.1
XemD97fxYMS4q-FBm_n5CHQgmzh1_67a,SQ.oDJ0ufO0hX9s9hvElxpShu4Io7wTp3ej,HSCHR11_1_CTG2,seqcol_name,
XemD97fxYMS4q-FBm_n5CHQgmzh1_67a,SQ.oDJ0ufO0hX9s9hvElxpShu4Io7wTp3ej,chr11_KI270826v1_alt,ucsc,
XemD97fxYMS4q-FBm_n5CHQgmzh1_67a,SQ.oO88g77QjognQj4xmj_tqOWsPp3Yn3GU,KI270870.1,genbank_accession,KI270870.1
XemD97fxYMS4q-FBm_n5CHQgmzh1_67a,SQ.oO88g77QjognQj4xmj_tqOWsPp3Yn3GU,NT_187624.1,refseq_accession,NT_187624.1
XemD97fxYMS4q-FBm_n5CHQgmzh1_67a,SQ.oO88g77QjognQj4xmj_tqOWsPp3Yn3GU,HSCHR20_1_CTG3,seqcol_name,
XemD97fxYMS4q-FBm_n5CHQgmzh1_67a,SQ.oO88g77QjognQj4xmj_tqOWsPp3Yn3GU,chr20_KI270870v1_alt,ucsc,
XemD97fxYMS4q-FBm_n5CHQgmzh1_67a,SQ.okgtEs0DCmkmjr_v44IdOe1ryLBi-sgX,KI270706.1,genbank_accession,KI270706.1
XemD97fxYMS4q-FBm_n5CHQgmzh1_67a,SQ.okgtEs0DCmkmjr_v44IdOe1ryLBi-sgX,NT_187361.1,refseq_accession,NT_187361.1
XemD97fxYMS4q-FBm_n5CHQgmzh1_67a,SQ.okgtEs0DCmkmjr_v44IdOe1ryLBi-sgX,HSCHR1_CTG1_UNLOCALIZED,seqcol_name,
XemD97fxYMS4q-FBm_n5CHQgmzh1_67a,SQ.okgtEs0DCmkmjr_v44IdOe1ryLBi-sgX,chr1_KI270706v1_random,ucsc,
XemD97fxYMS4q-FBm_n5CHQgmzh1_67a,SQ.p9yN1mYgdPjE_L7o9PqV0Yz-9Sk6KKYy,KI270849.1,genbank_accession,KI270849.1
XemD97fxYMS4q-FBm_n5CHQgmzh1_67a,SQ.p9yN1mYgdPjE_L7o9PqV0Yz-9Sk6KKYy,NT_187605.1,refseq_accession,NT_187605.1
XemD97fxYMS4q-FBm_n5CHQgmzh1_67a,SQ.p9yN1mYgdPjE_L7o9PqV0Yz-9Sk6KKYy,HSCHR15_3_CTG8,seqcol_name,
XemD97fxYMS4q-FBm_n5CHQgmzh1_67a,SQ.p9yN1mYgdPjE_L7o9PqV0Yz-9Sk6KKYy,chr15_KI270849v1_alt,ucsc,
XemD97fxYMS4q-FBm_n5CHQgmzh1_67a,SQ.pLSdWslH4snX9PEM58OmHaOvSZpcx-iY,KI270730.1,genbank_accession,KI270730.1
XemD97fxYMS4q-FBm_n5CHQgmzh1_67a,SQ.pLSdWslH4snX9PEM58OmHaOvSZpcx-iY,NT_187385.1,refseq_accession,NT_187385.1
XemD97fxYMS4q-FBm_n5CHQgmzh1_67a,SQ.pLSdWslH4snX9PEM58OmHaOvSZpcx-iY,HSCHR17_RANDOM_CTG5,seqcol_name,
XemD97fxYMS4q-FBm_n5CHQgmzh1_67a,SQ.pLSdWslH4snX9PEM58OmHaOvSZpcx-iY,chr17_KI270730v1_random,ucsc,
XemD97fxYMS4q-FBm_n5CHQgmzh1_67a,SQ.pTtOib7jGZL9lETO295VEWn8jZ9RYCvj,GL000250.2,genbank_accession,GL000250.2
XemD97fxYMS4q-FBm_n5CHQgmzh1_67a,SQ.pTtOib7jGZL9lETO295VEWn8jZ9RYCvj,NT_167244.2,refseq_accession,NT_167244.2
XemD97fxYMS4q-FBm_n5CHQgmzh1_67a,SQ.pTtOib7jGZL9lETO295VEWn8jZ9RYCvj,HSCHR6_MHC_APD_CTG1,seqcol_name,
XemD97fxYMS4q-FBm_n5CHQgmzh1_67a,SQ.pTtOib7jGZL9lETO295VEWn8jZ9RYCvj,chr6_GL000250v2_alt,ucsc,
XemD97fxYMS4q-FBm_n5CHQgmzh1_67a,SQ.pZbsVn1ytEQNOzViD_Rvq9YbTSgBjuW_,KI270584.1,genbank_accession,KI270584.1
XemD97fxYMS4q-FBm_n5CHQgmzh1_67a,SQ.pZbsVn1ytEQNOzViD_Rvq9YbTSgBjuW_,NT_187453.1,refseq_accession,NT_187453.1
XemD97fxYMS4q-FBm_n5CHQgmzh1_67a,SQ.pZbsVn1ytEQNOzViD_Rvq9YbTSgBjuW_,HSCHRUN_RANDOM_161,seqcol_name,
XemD97fxYMS4q-FBm_n5CHQgmzh1_67a,SQ.pZbsVn1ytEQNOzViD_Rvq9YbTSgBjuW_,chrUn_KI270584v1,ucsc,
XemD97fxYMS4q-FBm_n5CHQgmzh1_67a,SQ.pnAqCRBrTsUoBghSD1yp_jXWSmlbdh4g,CM000664.2,genbank_accession,CM000664.2
XemD97fxYMS4q-FBm_n5CHQgmzh1_67a,SQ.pnAqCRBrTsUoBghSD1yp_jXWSmlbdh4g,NC_000002.12,refseq_accession,NC_000002.12
XemD97fxYMS4q-FBm_n5CHQgmzh1_67a,SQ.pnAqCRBrTsUoBghSD1yp_jXWSmlbdh4g,2,seqcol_name,
XemD97fxYMS4q-FBm_n5CHQgmzh1_67a,SQ.pnAqCRBrTsUoBghSD1yp_jXWSmlbdh4g,chr2,ucsc,
XemD97fxYMS4q-FBm_n5CHQgmzh1_67a,SQ.poo0yesZKYYpE153PDmlkj1KgcNcrfSl,GL000258.2,genbank_accession,GL000258.2
XemD97fxYMS4q-FBm_n5CHQgmzh1_67a,SQ.poo0yesZKYYpE153PDmlkj1KgcNcrfSl,NT_167251.2,refseq_accession,NT_167251.2
XemD97fxYMS4q-FBm_n5CHQgmzh1_67a,SQ.poo0yesZKYYpE153PDmlkj1KgcNcrfSl,HSCHR17_1_CTG5,seqcol_name,
XemD97fxYMS4q-FBm_n5CHQgmzh1_67a,SQ.poo0yesZKYYpE153PDmlkj1KgcNcrfSl,chr17_GL000258v2_alt,ucsc,
XemD97fxYMS4q-FBm_n5CHQgmzh1_67a,SQ.ppBUwlZG_sITzKDbNzcpublyDyzEkg7M,KI270753.1,genbank_accession,KI270753.1
XemD97fxYMS4q-FBm_n5CHQgmzh1_67a,SQ.ppBUwlZG_sITzKDbNzcpublyDyzEkg7M,NT_187508.1,refseq_accession,NT_187508.1
XemD97fxYMS4q-FBm_n5CHQgmzh1_67a,SQ.ppBUwlZG_sITzKDbNzcpublyDyzEkg7M,HSCHRUN_RANDOM_CTG30,seqcol_name,
XemD97fxYMS4q-FBm_n5CHQgmzh1_67a,SQ.ppBUwlZG_sITzKDbNzcpublyDyzEkg7M,chrUn_KI270753v1,ucsc,
XemD97fxYMS4q-FBm_n5CHQgmzh1_67a,SQ.pqMBdWdebRW3XqCWm4MdDimJxCgseDjH,KI270850.1,genbank_accession,KI270850.1
XemD97fxYMS4q-FBm_n5CHQgmzh1_67a,SQ.pqMBdWdebRW3XqCWm4MdDimJxCgseDjH,NT_187606.1,refseq_accession,NT_187606.1
XemD97fxYMS4q-FBm_n5CHQgmzh1_67a,SQ.pqMBdWdebRW3XqCWm4MdDimJxCgseDjH,HSCHR15_5_CTG8,seqcol_name,
XemD97fxYMS4q-FBm_n5CHQgmzh1_67a,SQ.pqMBdWdebRW3XqCWm4MdDimJxCgseDjH,chr15_KI270850v1_alt,ucsc,
XemD97fxYMS4q-FBm_n5CHQgmzh1_67a,SQ.px02pr2p01rDRYZI9Sxa7s9w2sryr_s9,GL383549.1,genbank_accession,GL383549.1
XemD97fxYMS4q-FBm_n5CHQgmzh1_67a,SQ.px02pr2p01rDRYZI9Sxa7s9w2sryr_s9,NW_003315938.1,refseq_accession,NW_003315938.1
XemD97fxYMS4q-FBm_n5CHQgmzh1_67a,SQ.px02pr2p01rDRYZI9Sxa7s9w2sryr_s9,HSCHR12_1_CTG2,seqcol_name,
XemD97fxYMS4q-FBm_n5CHQgmzh1_67a,SQ.px02pr2p01rDRYZI9Sxa7s9w2sryr_s9,chr12_GL383549v1_alt,ucsc,
XemD97fxYMS4q-FBm_n5CHQgmzh1_67a,SQ.qStaAo9HyPxz7yXqUQJpCka0sixGY-6J,GL383552.1,genbank_accession,GL383552.1
XemD97fxYMS4q-FBm_n5CHQgmzh1_67a,SQ.qStaAo9HyPxz7yXqUQJpCka0sixGY-6J,NW_003315941.1,refseq_accession,NW_003315941.1
XemD97fxYMS4q-FBm_n5CHQgmzh1_67a,SQ.qStaAo9HyPxz7yXqUQJpCka0sixGY-6J,HSCHR12_2_CTG2_1,seqcol_name,
XemD97fxYMS4q-FBm_n5CHQgmzh1_67a,SQ.qStaAo9HyPxz7yXqUQJpCka0sixGY-6J,chr12_GL383552v1_alt,ucsc,
XemD97fxYMS4q-FBm_n5CHQgmzh1_67a,SQ.r4jjK8iybJr5jt4ozg3hY9d6GuNLRwNH,KI270521.1,genbank_accession,KI270521.1
XemD97fxYMS4q-FBm_n5CHQgmzh1_67a,SQ.r4jjK8iybJr5jt4ozg3hY9d6GuNLRwNH,NT_187496.1,refseq_accession,NT_187496.1
XemD97fxYMS4q-FBm_n5CHQgmzh1_67a,SQ.r4jjK8iybJr5jt4ozg3hY9d6GuNLRwNH,HSCHRUN_RANDOM_204,seqcol_name,
XemD97fxYMS4q-FBm_n5CHQgmzh1_67a,SQ.r4jjK8iybJr5jt4ozg3hY9d6GuNLRwNH,chrUn_KI270521v1,ucsc,
XemD97fxYMS4q-FBm_n5CHQgmzh1_67a,SQ.r5bz8vNOqnaVR5i7NNDPRLc-7lKy0Ofn,JH159146.1,genbank_accession,JH159146.1
XemD97fxYMS4q-FBm_n5CHQgmzh1_67a,SQ.r5bz8vNOqnaVR5i7NNDPRLc-7lKy0Ofn,NW_003871091.1,refseq_accession,NW_003871091.1
XemD97fxYMS4q-FBm_n5CHQgmzh1_67a,SQ.r5bz8vNOqnaVR5i7NNDPRLc-7lKy0Ofn,HSCHR17_4_CTG4,seqcol_name,
XemD97fxYMS4q-FBm_n5CHQgmzh1_67a,SQ.r5bz8vNOqnaVR5i7NNDPRLc-7lKy0Ofn,chr17_JH159146v1_alt,ucsc,
XemD97fxYMS4q-FBm_n5CHQgmzh1_67a,SQ.rJFy652rJMoL5PqH-PiqrJ1zpHc4uUiz,GL000226.1,genbank_accession,GL000226.1
XemD97fxYMS4q-FBm_n5CHQgmzh1_67a,SQ.rJFy652rJMoL5PqH-PiqrJ1zpHc4uUiz,NT_167220.1,refseq_accession,NT_167220.1
XemD97fxYMS4q-FBm_n5CHQgmzh1_67a,SQ.rJFy652rJMoL5PqH-PiqrJ1zpHc4uUiz,HSCHRUN_RANDOM_CTG19,seqcol_name,
XemD97fxYMS4q-FBm_n5CHQgmzh1_67a,SQ.rJFy652rJMoL5PqH-PiqrJ1zpHc4uUiz,chrUn_GL000226v1,ucsc,
XemD97fxYMS4q-FBm_n5CHQgmzh1_67a,SQ.rT2qpnYeQgUYGmwIZKWafKoM_rlepiVq,KI270383.1,genbank_accession,KI270383.1
XemD97fxYMS4q-FBm_n5CHQgmzh1_67a,SQ.rT2qpnYeQgUYGmwIZKWafKoM_rlepiVq,NT_187482.1,refseq_accession,NT_187482.1
XemD97fxYMS4q-FBm_n5CHQgmzh1_67a,SQ.rT2qpnYeQgUYGmwIZKWafKoM_rlepiVq,HSCHRUN_RANDOM_190,seqcol_name,
XemD97fxYMS4q-FBm_n5CHQgmzh1_67a,SQ.rT2qpnYeQgUYGmwIZKWafKoM_rlepiVq,chrUn_KI270383v1,ucsc,
XemD97fxYMS4q-FBm_n5CHQgmzh1_67a,SQ.rU08r6kT8fbZwK2arffEwdyCQ0ijDHbo,KI270773.1,genbank_accession,KI270773.1
XemD97fxYMS4q-FBm_n5CHQgmzh1_67a,SQ.rU08r6kT8fbZwK2arffEwdyCQ0ijDHbo,NT_187526.1,refseq_accession,NT_187526.1
XemD97fxYMS4q-FBm_n5CHQgmzh1_67a,SQ.rU08r6kT8fbZwK2arffEwdyCQ0ijDHbo,HSCHR2_3_CTG1,seqcol_name,
XemD97fxYMS4q-FBm_n5CHQgmzh1_67a,SQ.rU08r6kT8fbZwK2arffEwdyCQ0ijDHbo,chr2_KI270773v1_alt,ucsc,
XemD97fxYMS4q-FBm_n5CHQgmzh1_67a,SQ.rYV0LvL2EPQuX4cLHa66Ol3DJ6GHAzax,KI270873.1,genbank_accession,KI270873.1
XemD97fxYMS4q-FBm_n5CHQgmzh1_67a,SQ.rYV0LvL2EPQuX4cLHa66Ol3DJ6GHAzax,NT_187627.1,refseq_accession,NT_187627.1
XemD97fxYMS4q-FBm_n5CHQgmzh1_67a,SQ.rYV0LvL2EPQuX4cLHa66Ol3DJ6GHAzax,HSCHR21_6_CTG1_1,seqcol_name,
XemD97fxYMS4q-FBm_n5CHQgmzh1_67a,SQ.rYV0LvL2EPQuX4cLHa66Ol3DJ6GHAzax,chr21_KI270873v1_alt,ucsc,
XemD97fxYMS4q-FBm_n5CHQgmzh1_67a,SQ.rfUURzJWMoVVxgGXX66DHPHAZ9N4JDvZ,KI270894.1,genbank_accession,KI270894.1
XemD97fxYMS4q-FBm_n5CHQgmzh1_67a,SQ.rfUURzJWMoVVxgGXX66DHPHAZ9N4JDvZ,NT_187648.1,refseq_accession,NT_187648.1
XemD97fxYMS4q-FBm_n5CHQgmzh1_67a,SQ.rfUURzJWMoVVxgGXX66DHPHAZ9N4JDvZ,HSCHR2_2_CTG7,seqcol_name,
XemD97fxYMS4q-FBm_n5CHQgmzh1_67a,SQ.rfUURzJWMoVVxgGXX66DHPHAZ9N4JDvZ,chr2_KI270894v1_alt,ucsc,
XemD97fxYMS4q-FBm_n5CHQgmzh1_67a,SQ.rjnyMfyO30IgE4USew3jf3cvPCFzPXkB,KI270919.1,genbank_accession,KI270919.1
XemD97fxYMS4q-FBm_n5CHQgmzh1_67a,SQ.rjnyMfyO30IgE4USew3jf3cvPCFzPXkB,NT_187673.1,refseq_accession,NT_187673.1
XemD97fxYMS4q-FBm_n5CHQgmzh1_67a,SQ.rjnyMfyO30IgE4USew3jf3cvPCFzPXkB,HSCHR19KIR_ABC08_AB_HAP_T_P_CTG3_1,seqcol_name,
XemD97fxYMS4q-FBm_n5CHQgmzh1_67a,SQ.rjnyMfyO30IgE4USew3jf3cvPCFzPXkB,chr19_KI270919v1_alt,ucsc,
XemD97fxYMS4q-FBm_n5CHQgmzh1_67a,SQ.rr0K6q_aJbcKQEUuis8ZStFj8IcsS9fD,GL383565.1,genbank_accession,GL383565.1
XemD97fxYMS4q-FBm_n5CHQgmzh1_67a,SQ.rr0K6q_aJbcKQEUuis8ZStFj8IcsS9fD,NW_003315954.1,refseq_accession,NW_003315954.1
XemD97fxYMS4q-FBm_n5CHQgmzh1_67a,SQ.rr0K6q_aJbcKQEUuis8ZStFj8IcsS9fD,HSCHR17_2_CTG4,seqcol_name,
XemD97fxYMS4q-FBm_n5CHQgmzh1_67a,SQ.rr0K6q_aJbcKQEUuis8ZStFj8IcsS9fD,chr17_GL383565v1_alt,ucsc,
XemD97fxYMS4q-FBm_n5CHQgmzh1_67a,SQ.rtrciHdATscBJqspfqw-qt9DF7ZipKwx,KI270764.1,genbank_accession,KI270764.1
XemD97fxYMS4q-FBm_n5CHQgmzh1_67a,SQ.rtrciHdATscBJqspfqw-qt9DF7ZipKwx,NT_187521.1,refseq_accession,NT_187521.1
XemD97fxYMS4q-FBm_n5CHQgmzh1_67a,SQ.rtrciHdATscBJqspfqw-qt9DF7ZipKwx,HSCHR1_4_CTG32_1,seqcol_name,
XemD97fxYMS4q-FBm_n5CHQgmzh1_67a,SQ.rtrciHdATscBJqspfqw-qt9DF7ZipKwx,chr1_KI270764v1_alt,ucsc,
XemD97fxYMS4q-FBm_n5CHQgmzh1_67a,SQ.sBoZ5hQSaht4_DY7y6aKfsCGmNAdox0J,KI270820.1,genbank_accession,KI270820.1
XemD97fxYMS4q-FBm_n5CHQgmzh1_67a,SQ.sBoZ5hQSaht4_DY7y6aKfsCGmNAdox0J,NT_187575.1,refseq_accession,NT_187575.1
XemD97fxYMS4q-FBm_n5CHQgmzh1_67a,SQ.sBoZ5hQSaht4_DY7y6aKfsCGmNAdox0J,HSCHR8_6_CTG7,seqcol_name,
XemD97fxYMS4q-FBm_n5CHQgmzh1_67a,SQ.sBoZ5hQSaht4_DY7y6aKfsCGmNAdox0J,chr8_KI270820v1_alt,ucsc,
XemD97fxYMS4q-FBm_n5CHQgmzh1_67a,SQ.sUgmsDfk9hPBydVbkxADntOazAwMekEF,KI270763.1,genbank_accession,KI270763.1
XemD97fxYMS4q-FBm_n5CHQgmzh1_67a,SQ.sUgmsDfk9hPBydVbkxADntOazAwMekEF,NT_187519.1,refseq_accession,NT_187519.1
XemD97fxYMS4q-FBm_n5CHQgmzh1_67a,SQ.sUgmsDfk9hPBydVbkxADntOazAwMekEF,HSCHR1_3_CTG32_1,seqcol_name,
XemD97fxYMS4q-FBm_n5CHQgmzh1_67a,SQ.sUgmsDfk9hPBydVbkxADntOazAwMekEF,chr1_KI270763v1_alt,ucsc,
XemD97fxYMS4q-FBm_n5CHQgmzh1_67a,SQ.sVOWJ0aJC9F-B0M5i3h4VtgwVrf7E1U2,KI270825.1,genbank_accession,KI270825.1
XemD97fxYMS4q-FBm_n5CHQgmzh1_67a,SQ.sVOWJ0aJC9F-B0M5i3h4VtgwVrf7E1U2,NT_187580.1,refseq_accession,NT_187580.1
XemD97fxYMS4q-FBm_n5CHQgmzh1_67a,SQ.sVOWJ0aJC9F-B0M5i3h4VtgwVrf7E1U2,HSCHR10_1_CTG4,seqcol_name,
XemD97fxYMS4q-FBm_n5CHQgmzh1_67a,SQ.sVOWJ0aJC9F-B0M5i3h4VtgwVrf7E1U2,chr10_KI270825v1_alt,ucsc,
XemD97fxYMS4q-FBm_n5CHQgmzh1_67a,SQ.sbIBtYpUNHu8PwQeGnMM5eGITNpoRJcz,KI270799.1,genbank_accession,KI270799.1
XemD97fxYMS4q-FBm_n5CHQgmzh1_67a,SQ.sbIBtYpUNHu8PwQeGnMM5eGITNpoRJcz,NT_187554.1,refseq_accession,NT_187554.1
XemD97fxYMS4q-FBm_n5CHQgmzh1_67a,SQ.sbIBtYpUNHu8PwQeGnMM5eGITNpoRJcz,HSCHR6_1_CTG6,seqcol_name,
XemD97fxYMS4q-FBm_n5CHQgmzh1_67a,SQ.sbIBtYpUNHu8PwQeGnMM5eGITNpoRJcz,chr6_KI270799v1_alt,ucsc,
XemD97fxYMS4q-FBm_n5CHQgmzh1_67a,SQ.sdL1gDzRGFP-F9sMKtNLSRAnQ-BC84H-,GL000218.1,genbank_accession,GL000218.1
XemD97fxYMS4q-FBm_n5CHQgmzh1_67a,SQ.sdL1gDzRGFP-F9sMKtNLSRAnQ-BC84H-,NT_113889.1,refseq_accession,NT_113889.1
XemD97fxYMS4q-FBm_n5CHQgmzh1_67a,SQ.sdL1gDzRGFP-F9sMKtNLSRAnQ-BC84H-,HSCHRUN_RANDOM_CTG9,seqcol_name,
XemD97fxYMS4q-FBm_n5CHQgmzh1_67a,SQ.sdL1gDzRGFP-F9sMKtNLSRAnQ-BC84H-,chrUn_GL000218v1,ucsc,
XemD97fxYMS4q-FBm_n5CHQgmzh1_67a,SQ.ss8r_wB0-b9r44TQTMmVTI92884QvBiB,CM000672.2,genbank_accession,CM000672.2
XemD97fxYMS4q-FBm_n5CHQgmzh1_67a,SQ.ss8r_wB0-b9r44TQTMmVTI92884QvBiB,NC_000010.11,refseq_accession,NC_000010.11
XemD97fxYMS4q-FBm_n5CHQgmzh1_67a,SQ.ss8r_wB0-b9r44TQTMmVTI92884QvBiB,10,seqcol_name,
XemD97fxYMS4q-FBm_n5CHQgmzh1_67a,SQ.ss8r_wB0-b9r44TQTMmVTI92884QvBiB,chr10,ucsc,
XemD97fxYMS4q-FBm_n5CHQgmzh1_67a,SQ.tFSAVq35V8H7v0K5Pohnbn73KyesesRR,KI270891.1,genbank_accession,KI270891.1
XemD97fxYMS4q-FBm_n5CHQgmzh1_67a,SQ.tFSAVq35V8H7v0K5Pohnbn73KyesesRR,NT_187645.1,refseq_accession,NT_187645.1
XemD97fxYMS4q-FBm_n5CHQgmzh1_67a,SQ.tFSAVq35V8H7v0K5Pohnbn73KyesesRR,HSCHR19KIR_RSH_A_HAP_CTG3_1,seqcol_name,
XemD97fxYMS4q-FBm_n5CHQgmzh1_67a,SQ.tFSAVq35V8H7v0K5Pohnbn73KyesesRR,chr19_KI270891v1_alt,ucsc,
XemD97fxYMS4q-FBm_n5CHQgmzh1_67a,SQ.tYh_3K7WWZLJm-eatPdms2iMfn6xTY7t,KI270910.1,genbank_accession,KI270910.1
XemD97fxYMS4q-FBm_n5CHQgmzh1_67a,SQ.tYh_3K7WWZLJm-eatPdms2iMfn6xTY7t,NT_187664.1,refseq_accession,NT_187664.1
XemD97fxYMS4q-FBm_n5CHQgmzh1_67a,SQ.tYh_3K7WWZLJm-eatPdms2iMfn6xTY7t,HSCHR17_3_CTG2,seqcol_name,
XemD97fxYMS4q-FBm_n5CHQgmzh1_67a,SQ.tYh_3K7WWZLJm-eatPdms2iMfn6xTY7t,chr17_KI270910v1_alt,ucsc,
XemD97fxYMS4q-FBm_n5CHQgmzh1_67a,SQ.tfLF4GW0WS5BskBI-aST1D0BV-pepYzL,KI270539.1,genbank_accession,KI270539.1
XemD97fxYMS4q-FBm_n5CHQgmzh1_67a,SQ.tfLF4GW0WS5BskBI-aST1D0BV-pepYzL,NT_187442.1,refseq_accession,NT_187442.1
XemD97fxYMS4q-FBm_n5CHQgmzh1_67a,SQ.tfLF4GW0WS5BskBI-aST1D0BV-pepYzL,HSCHRUN_RANDOM_146,seqcol_name,
XemD97fxYMS4q-FBm_n5CHQgmzh1_67a,SQ.tfLF4GW0WS5BskBI-aST1D0BV-pepYzL,chrUn_KI270539v1,ucsc,
XemD97fxYMS4q-FBm_n5CHQgmzh1_67a,SQ.tlJs2cwdsbZLPjbwJVJBjGdCPxeahba2,KI270934.1,genbank_accession,KI270934.1
XemD97fxYMS4q-FBm_n5CHQgmzh1_67a,SQ.tlJs2cwdsbZLPjbwJVJBjGdCPxeahba2,NT_187688.1,refseq_accession,NT_187688.1
XemD97fxYMS4q-FBm_n5CHQgmzh1_67a,SQ.tlJs2cwdsbZLPjbwJVJBjGdCPxeahba2,HSCHR3_5_CTG3,seqcol_name,
XemD97fxYMS4q-FBm_n5CHQgmzh1_67a,SQ.tlJs2cwdsbZLPjbwJVJBjGdCPxeahba2,chr3_KI270934v1_alt,ucsc,
XemD97fxYMS4q-FBm_n5CHQgmzh1_67a,SQ.tnDW_Rqlx0B24bpYVX8j1gmSEtggmYxS,KI270508.1,genbank_accession,KI270508.1
XemD97fxYMS4q-FBm_n5CHQgmzh1_67a,SQ.tnDW_Rqlx0B24bpYVX8j1gmSEtggmYxS,NT_187430.1,refseq_accession,NT_187430.1
XemD97fxYMS4q-FBm_n5CHQgmzh1_67a,SQ.tnDW_Rqlx0B24bpYVX8j1gmSEtggmYxS,HSCHRUN_RANDOM_134,seqcol_name,
XemD97fxYMS4q-FBm_n5CHQgmzh1_67a,SQ.tnDW_Rqlx0B24bpYVX8j1gmSEtggmYxS,chrUn_KI270508v1,ucsc,
XemD97fxYMS4q-FBm_n5CHQgmzh1_67a,SQ.tpsFdwq2559nek4f18hIsBFg_1KYDMm5,KI270517.1,genbank_accession,KI270517.1
XemD97fxYMS4q-FBm_n5CHQgmzh1_67a,SQ.tpsFdwq2559nek4f18hIsBFg_1KYDMm5,NT_187438.1,refseq_accession,NT_187438.1
XemD97fxYMS4q-FBm_n5CHQgmzh1_67a,SQ.tpsFdwq2559nek4f18hIsBFg_1KYDMm5,HSCHRUN_RANDOM_142,seqcol_name,
XemD97fxYMS4q-FBm_n5CHQgmzh1_67a,SQ.tpsFdwq2559nek4f18hIsBFg_1KYDMm5,chrUn_KI270517v1,ucsc,
XemD97fxYMS4q-FBm_n5CHQgmzh1_67a,SQ.uIWxPT82_D_Q8jorfznOy58_tsn3ssG5,GL949752.1,genbank_accession,GL949752.1
XemD97fxYMS4q-FBm_n5CHQgmzh1_67a,SQ.uIWxPT82_D_Q8jorfznOy58_tsn3ssG5,NW_003571060.1,refseq_accession,NW_003571060.1
XemD97fxYMS4q-FBm_n5CHQgmzh1_67a,SQ.uIWxPT82_D_Q8jorfznOy58_tsn3ssG5,HSCHR19LRC_PGF1_CTG3_1,seqcol_name,
XemD97fxYMS4q-FBm_n5CHQgmzh1_67a,SQ.uIWxPT82_D_Q8jorfznOy58_tsn3ssG5,chr19_GL949752v1_alt,ucsc,
XemD97fxYMS4q-FBm_n5CHQgmzh1_67a,SQ.ue7I2kmR7eCDKVXiNjLuLPfg8L36Coyh,KI270864.1,genbank_accession,KI270864.1
XemD97fxYMS4q-FBm_n5CHQgmzh1_67a,SQ.ue7I2kmR7eCDKVXiNjLuLPfg8L36Coyh,NT_187618.1,refseq_accession,NT_187618.1
XemD97fxYMS4q-FBm_n5CHQgmzh1_67a,SQ.ue7I2kmR7eCDKVXiNjLuLPfg8L36Coyh,HSCHR18_4_CTG1_1,seqcol_name,
XemD97fxYMS4q-FBm_n5CHQgmzh1_67a,SQ.ue7I2kmR7eCDKVXiNjLuLPfg8L36Coyh,chr18_KI270864v1_alt,ucsc,
XemD97fxYMS4q-FBm_n5CHQgmzh1_67a,SQ.uo583U9sJtDJGuU6iDCZNdaLyzQz1gYF,KI270337.1,genbank_accession,KI270337.1
XemD97fxYMS4q-FBm_n5CHQgmzh1_67a,SQ.uo583U9sJtDJGuU6iDCZNdaLyzQz1gYF,NT_187466.1,refseq_accession,NT_187466.1
XemD97fxYMS4q-FBm_n5CHQgmzh1_67a,SQ.uo583U9sJtDJGuU6iDCZNdaLyzQz1gYF,HSCHRUN_RANDOM_174,seqcol_name,
XemD97fxYMS4q-FBm_n5CHQgmzh1_67a,SQ.uo583U9sJtDJGuU6iDCZNdaLyzQz1gYF,chrUn_KI270337v1,ucsc,
XemD97fxYMS4q-FBm_n5CHQgmzh1_67a,SQ.uoyRXokGM3HeJX8SRHeD-NjGHFK4mhRS,GL383555.2,genbank_accession,GL383555.2
XemD97fxYMS4q-FBm_n5CHQgmzh1_67a,SQ.uoyRXokGM3HeJX8SRHeD-NjGHFK4mhRS,NW_003315944.2,refseq_accession,NW_003315944.2
XemD97fxYMS4q-FBm_n5CHQgmzh1_67a,SQ.uoyRXokGM3HeJX8SRHeD-NjGHFK4mhRS,HSCHR15_2_CTG8,seqcol_name,
XemD97fxYMS4q-FBm_n5CHQgmzh1_67a,SQ.uoyRXokGM3HeJX8SRHeD-NjGHFK4mhRS,chr15_GL383555v2_alt,ucsc,
XemD97fxYMS4q-FBm_n5CHQgmzh1_67a,SQ.uqV14FRLzhJ59_NCXN0BsQjRcrc4wQ_I,KI270792.1,genbank_accession,KI270792.1
XemD97fxYMS4q-FBm_n5CHQgmzh1_67a,SQ.uqV14FRLzhJ59_NCXN0BsQjRcrc4wQ_I,NT_187548.1,refseq_accession,NT_187548.1
XemD97fxYMS4q-FBm_n5CHQgmzh1_67a,SQ.uqV14FRLzhJ59_NCXN0BsQjRcrc4wQ_I,HSCHR5_4_CTG1,seqcol_name,
XemD97fxYMS4q-FBm_n5CHQgmzh1_67a,SQ.uqV14FRLzhJ59_NCXN0BsQjRcrc4wQ_I,chr5_KI270792v1_alt,ucsc,
XemD97fxYMS4q-FBm_n5CHQgmzh1_67a,SQ.v2Ns4FHctW5ktrbYhRxDBBco1QmGQOGT,KI270422.1,genbank_accession,KI270422.1
XemD97fxYMS4q-FBm_n5CHQgmzh1_67a,SQ.v2Ns4FHctW5ktrbYhRxDBBco1QmGQOGT,NT_187416.1,refseq_accession,NT_187416.1
XemD97fxYMS4q-FBm_n5CHQgmzh1_67a,SQ.v2Ns4FHctW5ktrbYhRxDBBco1QmGQOGT,HSCHRUN_RANDOM_120,seqcol_name,
XemD97fxYMS4q-FBm_n5CHQgmzh1_67a,SQ.v2Ns4FHctW5ktrbYhRxDBBco1QmGQOGT,chrUn_KI270422v1,ucsc,
XemD97fxYMS4q-FBm_n5CHQgmzh1_67a,SQ.v7pqSi3AgQ6DH4MDZlApxD5wXNukCNnW,GL383576.1,genbank_accession,GL383576.1
XemD97fxYMS4q-FBm_n5CHQgmzh1_67a,SQ.v7pqSi3AgQ6DH4MDZlApxD5wXNukCNnW,NW_003315965.1,refseq_accession,NW_003315965.1
XemD97fxYMS4q-FBm_n5CHQgmzh1_67a,SQ.v7pqSi3AgQ6DH4MDZlApxD5wXNukCNnW,HSCHR19_3_CTG2,seqcol_name,
XemD97fxYMS4q-FBm_n5CHQgmzh1_67a,SQ.v7pqSi3AgQ6DH4MDZlApxD5wXNukCNnW,chr19_GL383576v1_alt,ucsc,
XemD97fxYMS4q-FBm_n5CHQgmzh1_67a,SQ.vDLj2_a2LHx8wj6w6bsTdHLnmpaBso_t,KI270512.1,genbank_accession,KI270512.1
XemD97fxYMS4q-FBm_n5CHQgmzh1_67a,SQ.vDLj2_a2LHx8wj6w6bsTdHLnmpaBso_t,NT_187432.1,refseq_accession,NT_187432.1
XemD97fxYMS4q-FBm_n5CHQgmzh1_67a,SQ.vDLj2_a2LHx8wj6w6bsTdHLnmpaBso_t,HSCHRUN_RANDOM_136,seqcol_name,
XemD97fxYMS4q-FBm_n5CHQgmzh1_67a,SQ.vDLj2_a2LHx8wj6w6bsTdHLnmpaBso_t,chrUn_KI270512v1,ucsc,
XemD97fxYMS4q-FBm_n5CHQgmzh1_67a,SQ.vEUEOR8vm2bUdbNttqz7BzDQoUkvNvQi,KI270320.1,genbank_accession,KI270320.1
XemD97fxYMS4q-FBm_n5CHQgmzh1_67a,SQ.vEUEOR8vm2bUdbNttqz7BzDQoUkvNvQi,NT_187401.1,refseq_accession,NT_187401.1
XemD97fxYMS4q-FBm_n5CHQgmzh1_67a,SQ.vEUEOR8vm2bUdbNttqz7BzDQoUkvNvQi,HSCHRUN_RANDOM_105,seqcol_name,
XemD97fxYMS4q-FBm_n5CHQgmzh1_67a,SQ.vEUEOR8vm2bUdbNttqz7BzDQoUkvNvQi,chrUn_KI270320v1,ucsc,
XemD97fxYMS4q-FBm_n5CHQgmzh1_67a,SQ.vGGgA6P7xBX7M4mBYy9nOBtznc1x1nFS,KI270821.1,genbank_accession,KI270821.1
XemD97fxYMS4q-FBm_n5CHQgmzh1_67a,SQ.vGGgA6P7xBX7M4mBYy9nOBtznc1x1nFS,NT_187576.1,refseq_accession,NT_187576.1
XemD97fxYMS4q-FBm_n5CHQgmzh1_67a,SQ.vGGgA6P7xBX7M4mBYy9nOBtznc1x1nFS,HSCHR8_8_CTG1,seqcol_name,
XemD97fxYMS4q-FBm_n5CHQgmzh1_67a,SQ.vGGgA6P7xBX7M4mBYy9nOBtznc1x1nFS,chr8_KI270821v1_alt,ucsc,
XemD97fxYMS4q-FBm_n5CHQgmzh1_67a,SQ.vIQ5ltC4EyMB7OK1lnU6DvW3zNx0jdb2,KI270340.1,genbank_accession,KI270340.1
XemD97fxYMS4q-FBm_n5CHQgmzh1_67a,SQ.vIQ5ltC4EyMB7OK1lnU6DvW3zNx0jdb2,NT_187464.1,refseq_accession,NT_187464.1
XemD97fxYMS4q-FBm_n5CHQgmzh1_67a,SQ.vIQ5ltC4EyMB7OK1lnU6DvW3zNx0jdb2,HSCHRUN_RANDOM_172,seqcol_name,
XemD97fxYMS4q-FBm_n5CHQgmzh1_67a,SQ.vIQ5ltC4EyMB7OK1lnU6DvW3zNx0jdb2,chrUn_KI270340v1,ucsc,
XemD97fxYMS4q-FBm_n5CHQgmzh1_67a,SQ.vP7iAgOn0tE-Z8r6N3OhXoEBHm5qkPww,KI270718.1,genbank_accession,KI270718.1
XemD97fxYMS4q-FBm_n5CHQgmzh1_67a,SQ.vP7iAgOn0tE-Z8r6N3OhXoEBHm5qkPww,NT_187373.1,refseq_accession,NT_187373.1
XemD97fxYMS4q-FBm_n5CHQgmzh1_67a,SQ.vP7iAgOn0tE-Z8r6N3OhXoEBHm5qkPww,HSCHR9_UNLOCALIZED_CTG2,seqcol_name,
XemD97fxYMS4q-FBm_n5CHQgmzh1_67a,SQ.vP7iAgOn0tE-Z8r6N3OhXoEBHm5qkPww,chr9_KI270718v1_random,ucsc,
XemD97fxYMS4q-FBm_n5CHQgmzh1_67a,SQ.vWwFhJ5lQDMhh-czg06YtlWqu0lvFAZV,CM000680.2,genbank_accession,CM000680.2
XemD97fxYMS4q-FBm_n5CHQgmzh1_67a,SQ.vWwFhJ5lQDMhh-czg06YtlWqu0lvFAZV,NC_000018.10,refseq_accession,NC_000018.10
XemD97fxYMS4q-FBm_n5CHQgmzh1_67a,SQ.vWwFhJ5lQDMhh-czg06YtlWqu0lvFAZV,18,seqcol_name,
XemD97fxYMS4q-FBm_n5CHQgmzh1_67a,SQ.vWwFhJ5lQDMhh-czg06YtlWqu0lvFAZV,chr18,ucsc,
XemD97fxYMS4q-FBm_n5CHQgmzh1_67a,SQ.viZKeEZQfWivgcXlUlmIH2MkU_KeaxWm,KI270715.1,genbank_accession,KI270715.1
XemD97fxYMS4q-FBm_n5CHQgmzh1_67a,SQ.viZKeEZQfWivgcXlUlmIH2MkU_KeaxWm,NT_187370.1,refseq_accession,NT_187370.1
XemD97fxYMS4q-FBm_n5CHQgmzh1_67a,SQ.viZKeEZQfWivgcXlUlmIH2MkU_KeaxWm,HSCHR2_RANDOM_CTG1,seqcol_name,
XemD97fxYMS4q-FBm_n5CHQgmzh1_67a,SQ.viZKeEZQfWivgcXlUlmIH2MkU_KeaxWm,chr2_KI270715v1_random,ucsc,
XemD97fxYMS4q-FBm_n5CHQgmzh1_67a,SQ.w05iLeXLFUYBPV02YzKfGXxJzKW-ZXq9,KI270911.1,genbank_accession,KI270911.1
XemD97fxYMS4q-FBm_n5CHQgmzh1_67a,SQ.w05iLeXLFUYBPV02YzKfGXxJzKW-ZXq9,NT_187666.1,refseq_accession,NT_187666.1
XemD97fxYMS4q-FBm_n5CHQgmzh1_67a,SQ.w05iLeXLFUYBPV02YzKfGXxJzKW-ZXq9,HSCHR18_ALT2_CTG2_1,seqcol_name,
XemD97fxYMS4q-FBm_n5CHQgmzh1_67a,SQ.w05iLeXLFUYBPV02YzKfGXxJzKW-ZXq9,chr18_KI270911v1_alt,ucsc,
XemD97fxYMS4q-FBm_n5CHQgmzh1_67a,SQ.w0WZEvgJF0zf_P4yyTzjjv9oW1z61HHP,CM000685.2,genbank_accession,CM000685.2
XemD97fxYMS4q-FBm_n5CHQgmzh1_67a,SQ.w0WZEvgJF0zf_P4yyTzjjv9oW1z61HHP,NC_000023.11,refseq_accession,NC_000023.11
XemD97fxYMS4q-FBm_n5CHQgmzh1_67a,SQ.w0WZEvgJF0zf_P4yyTzjjv9oW1z61HHP,X,seqcol_name,
XemD97fxYMS4q-FBm_n5CHQgmzh1_67a,SQ.w0WZEvgJF0zf_P4yyTzjjv9oW1z61HHP,chrX,ucsc,
XemD97fxYMS4q-FBm_n5CHQgmzh1_67a,SQ.wFTHp6z2vRXB5xLVt0Rkrg6Gdxh3qwaj,GL383580.2,genbank_accession,GL383580.2
XemD97fxYMS4q-FBm_n5CHQgmzh1_67a,SQ.wFTHp6z2vRXB5xLVt0Rkrg6Gdxh3qwaj,NW_003315969.2,refseq_accession,NW_003315969.2
XemD97fxYMS4q-FBm_n5CHQgmzh1_67a,SQ.wFTHp6z2vRXB5xLVt0Rkrg6Gdxh3qwaj,HSCHR21_3_CTG1_1,seqcol_name,
XemD97fxYMS4q-FBm_n5CHQgmzh1_67a,SQ.wFTHp6z2vRXB5xLVt0Rkrg6Gdxh3qwaj,chr21_GL383580v2_alt,ucsc,
XemD97fxYMS4q-FBm_n5CHQgmzh1_67a,SQ.wVUftDlkFY-eI-NV-qCy9MWv13siqnYy,KI270511.1,genbank_accession,KI270511.1
XemD97fxYMS4q-FBm_n5CHQgmzh1_67a,SQ.wVUftDlkFY-eI-NV-qCy9MWv13siqnYy,NT_187435.1,refseq_accession,NT_187435.1
XemD97fxYMS4q-FBm_n5CHQgmzh1_67a,SQ.wVUftDlkFY-eI-NV-qCy9MWv13siqnYy,HSCHRUN_RANDOM_139,seqcol_name,
XemD97fxYMS4q-FBm_n5CHQgmzh1_67a,SQ.wVUftDlkFY-eI-NV-qCy9MWv13siqnYy,chrUn_KI270511v1,ucsc,
XemD97fxYMS4q-FBm_n5CHQgmzh1_67a,SQ.wbqOjlvBlORdkiGHdNFx3dSQIn2Trr1G,KI270936.1,genbank_accession,KI270936.1
XemD97fxYMS4q-FBm_n5CHQgmzh1_67a,SQ.wbqOjlvBlORdkiGHdNFx3dSQIn2Trr1G,NT_187690.1,refseq_accession,NT_187690.1
XemD97fxYMS4q-FBm_n5CHQgmzh1_67a,SQ.wbqOjlvBlORdkiGHdNFx3dSQIn2Trr1G,HSCHR3_7_CTG3,seqcol_name,
XemD97fxYMS4q-FBm_n5CHQgmzh1_67a,SQ.wbqOjlvBlORdkiGHdNFx3dSQIn2Trr1G,chr3_KI270936v1_alt,ucsc,
XemD97fxYMS4q-FBm_n5CHQgmzh1_67a,SQ.wfo09nA2zMYzKLs7T40qVnqdLhYDemX8,KI270302.1,genbank_accession,KI270302.1
XemD97fxYMS4q-FBm_n5CHQgmzh1_67a,SQ.wfo09nA2zMYzKLs7T40qVnqdLhYDemX8,NT_187396.1,refseq_accession,NT_187396.1
XemD97fxYMS4q-FBm_n5CHQgmzh1_67a,SQ.wfo09nA2zMYzKLs7T40qVnqdLhYDemX8,HSCHRUN_RANDOM_100,seqcol_name,
XemD97fxYMS4q-FBm_n5CHQgmzh1_67a,SQ.wfo09nA2zMYzKLs7T40qVnqdLhYDemX8,chrUn_KI270302v1,ucsc,
XemD97fxYMS4q-FBm_n5CHQgmzh1_67a,SQ.wgls5bsmKqMuxE2JwOwZ_oQ14YXqsfyC,KI270761.1,genbank_accession,KI270761.1
XemD97fxYMS4q-FBm_n5CHQgmzh1_67a,SQ.wgls5bsmKqMuxE2JwOwZ_oQ14YXqsfyC,NT_187518.1,refseq_accession,NT_187518.1
XemD97fxYMS4q-FBm_n5CHQgmzh1_67a,SQ.wgls5bsmKqMuxE2JwOwZ_oQ14YXqsfyC,HSCHR1_2_CTG32_1,seqcol_name,
XemD97fxYMS4q-FBm_n5CHQgmzh1_67a,SQ.wgls5bsmKqMuxE2JwOwZ_oQ14YXqsfyC,chr1_KI270761v1_alt,ucsc,
XemD97fxYMS4q-FBm_n5CHQgmzh1_67a,SQ.wha-R1tWYNtmUQO_DFgCBrB_UpLxdaZV,KI270782.1,genbank_accession,KI270782.1
XemD97fxYMS4q-FBm_n5CHQgmzh1_67a,SQ.wha-R1tWYNtmUQO_DFgCBrB_UpLxdaZV,NT_187534.1,refseq_accession,NT_187534.1
XemD97fxYMS4q-FBm_n5CHQgmzh1_67a,SQ.wha-R1tWYNtmUQO_DFgCBrB_UpLxdaZV,HSCHR3_2_CTG3,seqcol_name,
XemD97fxYMS4q-FBm_n5CHQgmzh1_67a,SQ.wha-R1tWYNtmUQO_DFgCBrB_UpLxdaZV,chr3_KI270782v1_alt,ucsc,
XemD97fxYMS4q-FBm_n5CHQgmzh1_67a,SQ.wohjAZ4hQyIVeUzRz4GmgTOoGv5kar-7,KI270852.1,genbank_accession,KI270852.1
XemD97fxYMS4q-FBm_n5CHQgmzh1_67a,SQ.wohjAZ4hQyIVeUzRz4GmgTOoGv5kar-7,NT_187602.1,refseq_accession,NT_187602.1
XemD97fxYMS4q-FBm_n5CHQgmzh1_67a,SQ.wohjAZ4hQyIVeUzRz4GmgTOoGv5kar-7,HSCHR15_1_CTG1,seqcol_name,
XemD97fxYMS4q-FBm_n5CHQgmzh1_67a,SQ.wohjAZ4hQyIVeUzRz4GmgTOoGv5kar-7,chr15_KI270852v1_alt,ucsc,
XemD97fxYMS4q-FBm_n5CHQgmzh1_67a,SQ.wrsAn1Pznc84XmgNcrKC5r34_n4Mz2wn,KI270847.1,genbank_accession,KI270847.1
XemD97fxYMS4q-FBm_n5CHQgmzh1_67a,SQ.wrsAn1Pznc84XmgNcrKC5r34_n4Mz2wn,NT_187601.1,refseq_accession,NT_187601.1
XemD97fxYMS4q-FBm_n5CHQgmzh1_67a,SQ.wrsAn1Pznc84XmgNcrKC5r34_n4Mz2wn,HSCHR14_7_CTG1,seqcol_name,
XemD97fxYMS4q-FBm_n5CHQgmzh1_67a,SQ.wrsAn1Pznc84XmgNcrKC5r34_n4Mz2wn,chr14_KI270847v1_alt,ucsc,
XemD97fxYMS4q-FBm_n5CHQgmzh1_67a,SQ.xG6X1niZL5ka910ne1W_3IKQG1papFZC,GL383542.1,genbank_accession,GL383542.1
XemD97fxYMS4q-FBm_n5CHQgmzh1_67a,SQ.xG6X1niZL5ka910ne1W_3IKQG1papFZC,NW_003315931.1,refseq_accession,NW_003315931.1
XemD97fxYMS4q-FBm_n5CHQgmzh1_67a,SQ.xG6X1niZL5ka910ne1W_3IKQG1papFZC,HSCHR9_1_CTG4,seqcol_name,
XemD97fxYMS4q-FBm_n5CHQgmzh1_67a,SQ.xG6X1niZL5ka910ne1W_3IKQG1papFZC,chr9_GL383542v1_alt,ucsc,
XemD97fxYMS4q-FBm_n5CHQgmzh1_67a,SQ.xIWD1tFz4UNvHV5l6ylxPJ_tMrADeTYe,KI270860.1,genbank_accession,KI270860.1
XemD97fxYMS4q-FBm_n5CHQgmzh1_67a,SQ.xIWD1tFz4UNvHV5l6ylxPJ_tMrADeTYe,NT_187612.1,refseq_accession,NT_187612.1
XemD97fxYMS4q-FBm_n5CHQgmzh1_67a,SQ.xIWD1tFz4UNvHV5l6ylxPJ_tMrADeTYe,HSCHR17_1_CTG9,seqcol_name,
XemD97fxYMS4q-FBm_n5CHQgmzh1_67a,SQ.xIWD1tFz4UNvHV5l6ylxPJ_tMrADeTYe,chr17_KI270860v1_alt,ucsc,
XemD97fxYMS4q-FBm_n5CHQgmzh1_67a,SQ.xZn2Lr-PhpTOIOnPcnox6F5CXPW8Yn_-,KI270874.1,genbank_accession,KI270874.1
XemD97fxYMS4q-FBm_n5CHQgmzh1_67a,SQ.xZn2Lr-PhpTOIOnPcnox6F5CXPW8Yn_-,NT_187628.1,refseq_accession,NT_187628.1
XemD97fxYMS4q-FBm_n5CHQgmzh1_67a,SQ.xZn2Lr-PhpTOIOnPcnox6F5CXPW8Yn_-,HSCHR21_8_CTG1_1,seqcol_name,
XemD97fxYMS4q-FBm_n5CHQgmzh1_67a,SQ.xZn2Lr-PhpTOIOnPcnox6F5CXPW8Yn_-,chr21_KI270874v1_alt,ucsc,
XemD97fxYMS4q-FBm_n5CHQgmzh1_67a,SQ.x_sOsgaj976FViZeKh3m9_ODNc6eqA1F,KI270869.1,genbank_accession,KI270869.1
XemD97fxYMS4q-FBm_n5CHQgmzh1_67a,SQ.x_sOsgaj976FViZeKh3m9_ODNc6eqA1F,NT_187623.1,refseq_accession,NT_187623.1
XemD97fxYMS4q-FBm_n5CHQgmzh1_67a,SQ.x_sOsgaj976FViZeKh3m9_ODNc6eqA1F,HSCHR20_1_CTG2,seqcol_name,
XemD97fxYMS4q-FBm_n5CHQgmzh1_67a,SQ.x_sOsgaj976FViZeKh3m9_ODNc6eqA1F,chr20_KI270869v1_alt,ucsc,
XemD97fxYMS4q-FBm_n5CHQgmzh1_67a,SQ.xbXYojdfUTApIf8_P3x4-2zIsZD-iOb2,KI270806.1,genbank_accession,KI270806.1
XemD97fxYMS4q-FBm_n5CHQgmzh1_67a,SQ.xbXYojdfUTApIf8_P3x4-2zIsZD-iOb2,NT_187559.1,refseq_accession,NT_187559.1
XemD97fxYMS4q-FBm_n5CHQgmzh1_67a,SQ.xbXYojdfUTApIf8_P3x4-2zIsZD-iOb2,HSCHR7_1_CTG4_4,seqcol_name,
XemD97fxYMS4q-FBm_n5CHQgmzh1_67a,SQ.xbXYojdfUTApIf8_P3x4-2zIsZD-iOb2,chr7_KI270806v1_alt,ucsc,
XemD97fxYMS4q-FBm_n5CHQgmzh1_67a,SQ.xg302f-VLyLkkjPMrv8ejUHv4XrETznB,GL000208.1,genbank_accession,GL000208.1
XemD97fxYMS4q-FBm_n5CHQgmzh1_67a,SQ.xg302f-VLyLkkjPMrv8ejUHv4XrETznB,NT_113948.1,refseq_accession,NT_113948.1
XemD97fxYMS4q-FBm_n5CHQgmzh1_67a,SQ.xg302f-VLyLkkjPMrv8ejUHv4XrETznB,HSCHR5_RANDOM_CTG1,seqcol_name,
XemD97fxYMS4q-FBm_n5CHQgmzh1_67a,SQ.xg302f-VLyLkkjPMrv8ejUHv4XrETznB,chr5_GL000208v1_random,ucsc,
XemD97fxYMS4q-FBm_n5CHQgmzh1_67a,SQ.xhH1KtABKub_tGnf5AvBRHer6N-X30-1,KI270745.1,genbank_accession,KI270745.1
XemD97fxYMS4q-FBm_n5CHQgmzh1_67a,SQ.xhH1KtABKub_tGnf5AvBRHer6N-X30-1,NT_187500.1,refseq_accession,NT_187500.1
XemD97fxYMS4q-FBm_n5CHQgmzh1_67a,SQ.xhH1KtABKub_tGnf5AvBRHer6N-X30-1,HSCHRUN_RANDOM_CTG22,seqcol_name,
XemD97fxYMS4q-FBm_n5CHQgmzh1_67a,SQ.xhH1KtABKub_tGnf5AvBRHer6N-X30-1,chrUn_KI270745v1,ucsc,
XemD97fxYMS4q-FBm_n5CHQgmzh1_67a,SQ.xhWP6Gc0TD7gRgBI0p71NYf99ju5Cuhm,KI270771.1,genbank_accession,KI270771.1
XemD97fxYMS4q-FBm_n5CHQgmzh1_67a,SQ.xhWP6Gc0TD7gRgBI0p71NYf99ju5Cuhm,NT_187530.1,refseq_accession,NT_187530.1
XemD97fxYMS4q-FBm_n5CHQgmzh1_67a,SQ.xhWP6Gc0TD7gRgBI0p71NYf99ju5Cuhm,HSCHR2_4_CTG7_2,seqcol_name,
XemD97fxYMS4q-FBm_n5CHQgmzh1_67a,SQ.xhWP6Gc0TD7gRgBI0p71NYf99ju5Cuhm,chr2_KI270771v1_alt,ucsc,
XemD97fxYMS4q-FBm_n5CHQgmzh1_67a,SQ.yBWLuxF_ypkns8q9zBWGp1nznGHHGIe_,KI270757.1,genbank_accession,KI270757.1
XemD97fxYMS4q-FBm_n5CHQgmzh1_67a,SQ.yBWLuxF_ypkns8q9zBWGp1nznGHHGIe_,NT_187512.1,refseq_accession,NT_187512.1
XemD97fxYMS4q-FBm_n5CHQgmzh1_67a,SQ.yBWLuxF_ypkns8q9zBWGp1nznGHHGIe_,HSCHRUN_RANDOM_CTG36,seqcol_name,
XemD97fxYMS4q-FBm_n5CHQgmzh1_67a,SQ.yBWLuxF_ypkns8q9zBWGp1nznGHHGIe_,chrUn_KI270757v1,ucsc,
XemD97fxYMS4q-FBm_n5CHQgmzh1_67a,SQ.yC_0RBj3fgBlvgyAuycbzdubtLxq-rE0,CM000678.2,genbank_accession,CM000678.2
XemD97fxYMS4q-FBm_n5CHQgmzh1_67a,SQ.yC_0RBj3fgBlvgyAuycbzdubtLxq-rE0,NC_000016.10,refseq_accession,NC_000016.10
XemD97fxYMS4q-FBm_n5CHQgmzh1_67a,SQ.yC_0RBj3fgBlvgyAuycbzdubtLxq-rE0,16,seqcol_name,
XemD97fxYMS4q-FBm_n5CHQgmzh1_67a,SQ.yC_0RBj3fgBlvgyAuycbzdubtLxq-rE0,chr16,ucsc,
XemD97fxYMS4q-FBm_n5CHQgmzh1_67a,SQ.yLnqSBOiVHNpiEdiX86ZoyPFufg15Xlo,KI270379.1,genbank_accession,KI270379.1
XemD97fxYMS4q-FBm_n5CHQgmzh1_67a,SQ.yLnqSBOiVHNpiEdiX86ZoyPFufg15Xlo,NT_187472.1,refseq_accession,NT_187472.1
XemD97fxYMS4q-FBm_n5CHQgmzh1_67a,SQ.yLnqSBOiVHNpiEdiX86ZoyPFufg15Xlo,HSCHRUN_RANDOM_180,seqcol_name,
XemD97fxYMS4q-FBm_n5CHQgmzh1_67a,SQ.yLnqSBOiVHNpiEdiX86ZoyPFufg15Xlo,chrUn_KI270379v1,ucsc,
XemD97fxYMS4q-FBm_n5CHQgmzh1_67a,SQ.ySBpzLPZHSW6VUdYp-tGVdjJeOfsVLTa,KI270582.1,genbank_accession,KI270582.1
XemD97fxYMS4q-FBm_n5CHQgmzh1_67a,SQ.ySBpzLPZHSW6VUdYp-tGVdjJeOfsVLTa,NT_187454.1,refseq_accession,NT_187454.1
XemD97fxYMS4q-FBm_n5CHQgmzh1_67a,SQ.ySBpzLPZHSW6VUdYp-tGVdjJeOfsVLTa,HSCHRUN_RANDOM_162,seqcol_name,
XemD97fxYMS4q-FBm_n5CHQgmzh1_67a,SQ.ySBpzLPZHSW6VUdYp-tGVdjJeOfsVLTa,chrUn_KI270582v1,ucsc,
XemD97fxYMS4q-FBm_n5CHQgmzh1_67a,SQ.yUj2uvjWFlouGm3F963VNM--I2s96Iz-,KI270391.1,genbank_accession,KI270391.1
XemD97fxYMS4q-FBm_n5CHQgmzh1_67a,SQ.yUj2uvjWFlouGm3F963VNM--I2s96Iz-,NT_187481.1,refseq_accession,NT_187481.1
XemD97fxYMS4q-FBm_n5CHQgmzh1_67a,SQ.yUj2uvjWFlouGm3F963VNM--I2s96Iz-,HSCHRUN_RANDOM_189,seqcol_name,
XemD97fxYMS4q-FBm_n5CHQgmzh1_67a,SQ.yUj2uvjWFlouGm3F963VNM--I2s96Iz-,chrUn_KI270391v1,ucsc,
XemD97fxYMS4q-FBm_n5CHQgmzh1_67a,SQ.yXkS4EDCKnGK57G14mpSTk4nfOUcoo0f,KI270468.1,genbank_accession,KI270468.1
XemD97fxYMS4q-FBm_n5CHQgmzh1_67a,SQ.yXkS4EDCKnGK57G14mpSTk4nfOUcoo0f,NT_187426.1,refseq_accession,NT_187426.1
XemD97fxYMS4q-FBm_n5CHQgmzh1_67a,SQ.yXkS4EDCKnGK57G14mpSTk4nfOUcoo0f,HSCHRUN_RANDOM_130,seqcol_name,
XemD97fxYMS4q-FBm_n5CHQgmzh1_67a,SQ.yXkS4EDCKnGK57G14mpSTk4nfOUcoo0f,chrUn_KI270468v1,ucsc,
XemD97fxYMS4q-FBm_n5CHQgmzh1_67a,SQ.yeAUNB_OmT02ZQrdNKvtd3vFOAIY8ODg,KI270856.1,genbank_accession,KI270856.1
XemD97fxYMS4q-FBm_n5CHQgmzh1_67a,SQ.yeAUNB_OmT02ZQrdNKvtd3vFOAIY8ODg,NT_187609.1,refseq_accession,NT_187609.1
XemD97fxYMS4q-FBm_n5CHQgmzh1_67a,SQ.yeAUNB_OmT02ZQrdNKvtd3vFOAIY8ODg,HSCHR16_4_CTG1,seqcol_name,
XemD97fxYMS4q-FBm_n5CHQgmzh1_67a,SQ.yeAUNB_OmT02ZQrdNKvtd3vFOAIY8ODg,chr16_KI270856v1_alt,ucsc,
XemD97fxYMS4q-FBm_n5CHQgmzh1_67a,SQ.yhQpNFEjj1oBLPYqMcxEgtQ7__rFUv0i,KI270765.1,genbank_accession,KI270765.1
XemD97fxYMS4q-FBm_n5CHQgmzh1_67a,SQ.yhQpNFEjj1oBLPYqMcxEgtQ7__rFUv0i,NT_187520.1,refseq_accession,NT_187520.1
XemD97fxYMS4q-FBm_n5CHQgmzh1_67a,SQ.yhQpNFEjj1oBLPYqMcxEgtQ7__rFUv0i,HSCHR1_4_CTG31,seqcol_name,
XemD97fxYMS4q-FBm_n5CHQgmzh1_67a,SQ.yhQpNFEjj1oBLPYqMcxEgtQ7__rFUv0i,chr1_KI270765v1_alt,ucsc,
XemD97fxYMS4q-FBm_n5CHQgmzh1_67a,SQ.yljB6U9SRoWGw_dvR5KdY37ODgCmGoql,KI270795.1,genbank_accession,KI270795.1
XemD97fxYMS4q-FBm_n5CHQgmzh1_67a,SQ.yljB6U9SRoWGw_dvR5KdY37ODgCmGoql,NT_187546.1,refseq_accession,NT_187546.1
XemD97fxYMS4q-FBm_n5CHQgmzh1_67a,SQ.yljB6U9SRoWGw_dvR5KdY37ODgCmGoql,HSCHR5_2_CTG5,seqcol_name,
XemD97fxYMS4q-FBm_n5CHQgmzh1_67a,SQ.yljB6U9SRoWGw_dvR5KdY37ODgCmGoql,chr5_KI270795v1_alt,ucsc,
XemD97fxYMS4q-FBm_n5CHQgmzh1_67a,SQ.yo1qgwnJYyqyVBKbLfEycArstG2wF7T7,KI270363.1,genbank_accession,KI270363.1
XemD97fxYMS4q-FBm_n5CHQgmzh1_67a,SQ.yo1qgwnJYyqyVBKbLfEycArstG2wF7T7,NT_187467.1,refseq_accession,NT_187467.1
XemD97fxYMS4q-FBm_n5CHQgmzh1_67a,SQ.yo1qgwnJYyqyVBKbLfEycArstG2wF7T7,HSCHRUN_RANDOM_175,seqcol_name,
XemD97fxYMS4q-FBm_n5CHQgmzh1_67a,SQ.yo1qgwnJYyqyVBKbLfEycArstG2wF7T7,chrUn_KI270363v1,ucsc,
XemD97fxYMS4q-FBm_n5CHQgmzh1_67a,SQ.ypl-iaOfBtbzFmdcFUxZXSN8i0wrfhK1,KI270793.1,genbank_accession,KI270793.1
XemD97fxYMS4q-FBm_n5CHQgmzh1_67a,SQ.ypl-iaOfBtbzFmdcFUxZXSN8i0wrfhK1,NT_187550.1,refseq_accession,NT_187550.1
XemD97fxYMS4q-FBm_n5CHQgmzh1_67a,SQ.ypl-iaOfBtbzFmdcFUxZXSN8i0wrfhK1,HSCHR5_5_CTG1,seqcol_name,
XemD97fxYMS4q-FBm_n5CHQgmzh1_67a,SQ.ypl-iaOfBtbzFmdcFUxZXSN8i0wrfhK1,chr5_KI270793v1_alt,ucsc,
XemD97fxYMS4q-FBm_n5CHQgmzh1_67a,SQ.zNqIYblzbGOOkwdirXHJTkPbFH1BGDv7,KI270809.1,genbank_accession,KI270809.1
XemD97fxYMS4q-FBm_n5CHQgmzh1_67a,SQ.zNqIYblzbGOOkwdirXHJTkPbFH1BGDv7,NT_187561.1,refseq_accession,NT_187561.1
XemD97fxYMS4q-FBm_n5CHQgmzh1_67a,SQ.zNqIYblzbGOOkwdirXHJTkPbFH1BGDv7,HSCHR7_2_CTG4_4,seqcol_name,
XemD97fxYMS4q-FBm_n5CHQgmzh1_67a,SQ.zNqIYblzbGOOkwdirXHJTkPbFH1BGDv7,chr7_KI270809v1_alt,ucsc,
XemD97fxYMS4q-FBm_n5CHQgmzh1_67a,SQ.zT-8kiQPyBF2erK-TIC-xDj2lfwGuE3U,KI270366.1,genbank_accession,KI270366.1
XemD97fxYMS4q-FBm_n5CHQgmzh1_67a,SQ.zT-8kiQPyBF2erK-TIC-xDj2lfwGuE3U,NT_187470.1,refseq_accession,NT_187470.1
XemD97fxYMS4q-FBm_n5CHQgmzh1_67a,SQ.zT-8kiQPyBF2erK-TIC-xDj2lfwGuE3U,HSCHRUN_RANDOM_178,seqcol_name,
XemD97fxYMS4q-FBm_n5CHQgmzh1_67a,SQ.zT-8kiQPyBF2erK-TIC-xDj2lfwGuE3U,chrUn_KI270366v1,ucsc,
XemD97fxYMS4q-FBm_n5CHQgmzh1_67a,SQ.zVacv_BXXeETKqyBxBHY96_6JBJ-VTPk,KI270419.1,genbank_accession,KI270419.1
XemD97fxYMS4q-FBm_n5CHQgmzh1_67a,SQ.zVacv_BXXeETKqyBxBHY96_6JBJ-VTPk,NT_187411.1,refseq_accession,NT_187411.1
XemD97fxYMS4q-FBm_n5CHQgmzh1_67a,SQ.zVacv_BXXeETKqyBxBHY96_6JBJ-VTPk,HSCHRUN_RANDOM_115,seqcol_name,
XemD97fxYMS4q-FBm_n5CHQgmzh1_67a,SQ.zVacv_BXXeETKqyBxBHY96_6JBJ-VTPk,chrUn_KI270419v1,ucsc,
XemD97fxYMS4q-FBm_n5CHQgmzh1_67a,SQ.zVy5wV-ddOi6LDlcI6SkP2onKRUaFpYE,KI270743.1,genbank_accession,KI270743.1
XemD97fxYMS4q-FBm_n5CHQgmzh1_67a,SQ.zVy5wV-ddOi6LDlcI6SkP2onKRUaFpYE,NT_187498.1,refseq_accession,NT_187498.1
XemD97fxYMS4q-FBm_n5CHQgmzh1_67a,SQ.zVy5wV-ddOi6LDlcI6SkP2onKRUaFpYE,HSCHRUN_RANDOM_CTG20,seqcol_name,
XemD97fxYMS4q-FBm_n5CHQgmzh1_67a,SQ.zVy5wV-ddOi6LDlcI6SkP2onKRUaFpYE,chrUn_KI270743v1,ucsc,
XemD97fxYMS4q-FBm_n5CHQgmzh1_67a,SQ.zafuU-XCGBovdatN_6YI7hiHSTjqE649,GL000216.2,genbank_accession,GL000216.2
XemD97fxYMS4q-FBm_n5CHQgmzh1_67a,SQ.zafuU-XCGBovdatN_6YI7hiHSTjqE649,NT_167211.2,refseq_accession,NT_167211.2
XemD97fxYMS4q-FBm_n5CHQgmzh1_67a,SQ.zafuU-XCGBovdatN_6YI7hiHSTjqE649,HSCHRUN_RANDOM_CTG6,seqcol_name,
XemD97fxYMS4q-FBm_n5CHQgmzh1_67a,SQ.zafuU-XCGBovdatN_6YI7hiHSTjqE649,chrUn_GL000216v2,ucsc,
XemD97fxYMS4q-FBm_n5CHQgmzh1_67a,SQ.zjYU3LvEGZT3W1fjPIt8gclO6u19aBol,KI270846.1,genbank_accession,KI270846.1
XemD97fxYMS4q-FBm_n5CHQgmzh1_67a,SQ.zjYU3LvEGZT3W1fjPIt8gclO6u19aBol,NT_187600.1,refseq_accession,NT_187600.1
XemD97fxYMS4q-FBm_n5CHQgmzh1_67a,SQ.zjYU3LvEGZT3W1fjPIt8gclO6u19aBol,HSCHR14_3_CTG1,seqcol_name,
XemD97fxYMS4q-FBm_n5CHQgmzh1_67a,SQ.zjYU3LvEGZT3W1fjPIt8gclO6u19aBol,chr14_KI270846v1_alt,ucsc,
XemD97fxYMS4q-FBm_n5CHQgmzh1_67a,SQ.zld4x3UDXBhOOPYfVL871KAYiJT93Kuz,KI270396.1,genbank_accession,KI270396.1
XemD97fxYMS4q-FBm_n5CHQgmzh1_67a,SQ.zld4x3UDXBhOOPYfVL871KAYiJT93Kuz,NT_187477.1,refseq_accession,NT_187477.1
XemD97fxYMS4q-FBm_n5CHQgmzh1_67a,SQ.zld4x3UDXBhOOPYfVL871KAYiJT93Kuz,HSCHRUN_RANDOM_185,seqcol_name,
XemD97fxYMS4q-FBm_n5CHQgmzh1_67a,SQ.zld4x3UDXBhOOPYfVL871KAYiJT93Kuz,chrUn_KI270396v1,ucsc,
XemD97fxYMS4q-FBm_n5CHQgmzh1_67a,SQ.zmOX7gaNMbPsD0e7vAXK-MixMsR7OTwj,GL383556.1,genbank_accession,GL383556.1
XemD97fxYMS4q-FBm_n5CHQgmzh1_67a,SQ.zmOX7gaNMbPsD0e7vAXK-MixMsR7OTwj,NW_003315945.1,refseq_accession,NW_003315945.1
XemD97fxYMS4q-FBm_n5CHQgmzh1_67a,SQ.zmOX7gaNMbPsD0e7vAXK-MixMsR7OTwj,HSCHR16_1_CTG3_1,seqcol_name,
XemD97fxYMS4q-FBm_n5CHQgmzh1_67a,SQ.zmOX7gaNMbPsD0e7vAXK-MixMsR7OTwj,chr16_GL383556v1_alt,ucsc,
XemD97fxYMS4q-FBm_n5CHQgmzh1_67a,SQ.znFaWfBVcQCWh9pDwNsFJ5aGSsQH2Rus,KI270906.1,genbank_accession,KI270906.1
XemD97fxYMS4q-FBm_n5CHQgmzh1_67a,SQ.znFaWfBVcQCWh9pDwNsFJ5aGSsQH2Rus,NT_187659.1,refseq_accession,NT_187659.1
XemD97fxYMS4q-FBm_n5CHQgmzh1_67a,SQ.znFaWfBVcQCWh9pDwNsFJ5aGSsQH2Rus,HSCHR15_2_CTG3,seqcol_name,
XemD97fxYMS4q-FBm_n5CHQgmzh1_67a,SQ.znFaWfBVcQCWh9pDwNsFJ5aGSsQH2Rus,chr15_KI270906v1_alt,ucsc,
XemD97fxYMS4q-FBm_n5CHQgmzh1_67a,SQ.zpYREbv-tfx4pEUdtcIeohde2MnvsUHd,KI270530.1,genbank_accession,KI270530.1
XemD97fxYMS4q-FBm_n5CHQgmzh1_67a,SQ.zpYREbv-tfx4pEUdtcIeohde2MnvsUHd,NT_187441.1,refseq_accession,NT_187441.1
XemD97fxYMS4q-FBm_n5CHQgmzh1_67a,SQ.zpYREbv-tfx4pEUdtcIeohde2MnvsUHd,HSCHRUN_RANDOM_145,seqcol_name,
XemD97fxYMS4q-FBm_n5CHQgmzh1_67a,SQ.zpYREbv-tfx4pEUdtcIeohde2MnvsUHd,chrUn_KI270530v1,ucsc,
XemD97fxYMS4q-FBm_n5CHQgmzh1_67a,SQ.zsF1p5JIJmc5hA1jwHka0XVDGyZEvmEi,KI270548.1,genbank_accession,KI270548.1
XemD97fxYMS4q-FBm_n5CHQgmzh1_67a,SQ.zsF1p5JIJmc5hA1jwHka0XVDGyZEvmEi,NT_187445.1,refseq_accession,NT_187445.1
XemD97fxYMS4q-FBm_n5CHQgmzh1_67a,SQ.zsF1p5JIJmc5hA1jwHka0XVDGyZEvmEi,HSCHRUN_RANDOM_149,seqcol_name,
XemD97fxYMS4q-FBm_n5CHQgmzh1_67a,SQ.zsF1p5JIJmc5hA1jwHka0XVDGyZEvmEi,chrUn_KI270548v1,ucsc,
